office_name,places_found,places_count
Kreissonderhilfsausschuss Springe,springe,1
"Regierungsbezirksamt für Wiedergutmachung und verwaltete Vermögen Neubrandenburg, Weinstr.",neubrandenburg,1
"United Restitution Office, Frankfurt/Main, Grüneburgweg 119",frankfurt,1
"Regierungsbezirksamt für Wiedergutmachung und verwaltete Vermögen, Nürnberg",nürnberg,1
Kreissozialhilfeauschuss Augsburg,augsburg,1
Amt für Wiedergutmachung Bonn-Stadt,bonn,1
KSHA Diepholz,diepholz,1
"United Restitution Office, Frankfurt/M., Grüneburgweg 119",frankfurt,1
Kreissozialhilfsausschuss Burgdorf,burgdorf,1
"Kreissonderhilfsausschuss des Landkreises Glauchau, Schauburg",glauchau,1
Kreissozialamt Cuxhaven,cuxhaven,1
Kreissozialamt Gifhorn,gifhorn,1
Kreissozialhilfsausschub Melle,melle,1
Diepholz,diepholz,1
Regierung Brünn (M.B.),brünn,1
Kreisonderschutzbehörde Bremervörde,bremervörde,1
Regierung Rendsburg (Wehr.),"rendsburg, wehr",2
Syke,syke,1
Kreissozialamt Syke,syke,1
KSHA Cuxhaven,cuxhaven,1
Regierung Frankfurt (Mf.),frankfurt,1
KSHA Darmenber/Elbe,elbe,1
KSHA Northeim,northeim,1
Stadt Hameln,hameln,1
Dannenberg,dannenberg,1
Regional Ansbach (Würt.),ansbach,1
Kreisonderhilfsausschuss Hameln,hameln,1
"United Restitution Office, Frankfurt/M., Grueneburgweg 119",frankfurt,1
Kreissozialhilfsausschuss Melle,melle,1
Kreissozialamt Hamm,hamm,1
Kreisverwaltungsreferat des Landkreises Burgdorf/Hann.,burgdorf,1
Burgdorf,burgdorf,1
Kreissozialhilfsausschuss Winsen/L.,winsen,1
Regierungsbezirk Meiningen für Wiedergutmachung und verwaltete Vermögens,meiningen,1
"Regionalverwaltungsamt für Wiedergutmachung und kontrollierte Vermögen, Bad Kreuznach",bad kreuznach,1
"United Restitution Office, Frankfurt/Main, Gruneburgweg 119",frankfurt,1
Kreissozialhilfsausschuss Northeim,northeim,1
Kreisverwaltung - Amt für Wiedergutmachung - Höxter/Weser,höxter,1
Kalt,kalt,1
Kreissozialamt Burgdorf,burgdorf,1
Pirmasens,pirmasens,1
Kreissozialhilfsausschuss Watenstedt-Salzgitter,salzgitter,1
KSHA Uelzen,uelzen,1
KSHA Melle,melle,1
Der Regierungspräsident. Düren,düren,1
Kreissozialhilfsausschuss Bremervörde,bremervörde,1
Duderstadt,duderstadt,1
Amt für Wiedergutmachung der Stadt Bonn,bonn,1
Der Oberkreisdirektor -Amt für Wiedergutmachung- in Herford,herford,1
Kreissozialamt Emden,emden,1
KSHA Emden,emden,1
"Reg. Präsident, Homburg",homburg,1
Amt für Wiedergutmachung in Paderborn,paderborn,1
Regierungsamt Bamberg (MfV),bamberg,1
Kreissozialamt Stadt Hameln,hameln,1
Watenstedt-Salzgitter,salzgitter,1
Königsberg,königsberg,1
Kreissozialamt Diepholz,diepholz,1
Wolfenbüttel,wolfenbüttel,1
Kreissonderhilfsausschuss Wittmund,wittmund,1
Landkreis Oschersleben,oschersleben,1
Bayreuth,bayreuth,1
Regierungsbezirksamt für Wiedergutmachung und verwaltete Vermögen Nürnberg a. d. Weinstr.,nürnberg,1
Kreissonderhilfsausschuss des Landkreises Glauchau Schauburg,glauchau,1
Regierungsamt Fürth (Württ.),fürth,1
Kreissozialamt Nordheim,nordheim,1
Ireis Lindau,lindau,1
Entschädigungsamt Bremervörde,bremervörde,1
Regierung Prenzlau,prenzlau,1
Kreissozialhilfsausschuss des Landkreises Glatz-Schmiedeberg,schmiedeberg,1
Landkreis Osterholz,osterholz,1
Bremervörde,bremervörde,1
Kreissozialhilfsausschuss Gifhorn,gifhorn,1
KSHA Hamm-Stadt,hamm,1
Bad Kreuznach,bad kreuznach,1
KSHA Norden,norden,1
KSHA Wilhelmshaven,wilhelmshaven,1
Altenkirchen/Westerw.,altenkirchen,1
Kreissozialamt Wittmund,wittmund,1
Regierungsamt Ansbach (Würt.),ansbach,1
Regierung Ansbach (Meß.),ansbach,1
Kreissozialamt Duderstadt,duderstadt,1
Kreissozialhilfsausschuss Landkreis Osterholz,osterholz,1
Amt für Wiedergutmachung Kreisverwaltung Paderborn,paderborn,1
Regierungsbezirksamt für Wiedergutmachung und verwaltete Vermögen Nürnberg a. d. Weinstrasse,nürnberg,1
Regierung Arnswalde (Wehr.),wehr,1
Stadt Bonn,bonn,1
Einbeck,einbeck,1
Kreissonderhilfsausschuss Norden,norden,1
KSHA Stadt Hameln,hameln,1
Kreissonderhilfsausschuss Emden,emden,1
Kreissonderhilfsausschuss Verden,verden,1
Kreissozialhilfeauschuss Melle,melle,1
KSHA Winsen/Luhe,winsen,1
Augsburg,augsburg,1
KSHA Verden,verden,1
Kreissozialhilfe Nordheim,nordheim,1
Regierung Ansbach (Welf.),ansbach,1
KSHA Hameln-Pyrmont,hameln,1
"URO, Frankfurt, Gruneburgweg 119",frankfurt,1
"Altenkirchen, Westerw.",altenkirchen,1
"Regierungsbezirksamt für Wiedergutmachung und verwaltete Vermögen, Nürnberg a. d. Weinstr.",nürnberg,1
Kreissozialamt Uelzen,uelzen,1
Kreissonderhilfsausschuss Winsen/L.,winsen,1
KSHA Alfeld,alfeld,1
Regierungsbezirk Hirschberg (Weff.),hirschberg,1
Regierung Jülich (Rhein.),jülich,1
Stadtverwaltung Stadthagen,stadthagen,1
KSHA Hamm,hamm,1
Kreissozialhilfsausschuss d. Landkreises Blankenburg (Brit. Zone) Braunlage,"blankenburg, braunlage",2
KSHA Bremervörde,bremervörde,1
Regierungspräsident Ansbach,ansbach,1
KSHA Duderstadt,duderstadt,1
Holm,holm,1
"Der Regierungspräsident, Düren",düren,1
Rostock,rostock,1
Bundesmin. Bonn,bonn,1
Frankfurt/Main,frankfurt,1
Regierungsbezirksamt für Wiedergutmachung und verwaltungsrechtliche Angelegen Koblentz,koblentz,1
"Kreisjugendamt Lauf, Pegn",lauf,1
Amt für Wiedergutmachung des Landes Thüringen/Pfalz in Erlangen Hauptabteilung II,erlangen,1
Würzburg,würzburg,1
"United Restitution Organization, Frankfurt/M., Grünburgweg 119",frankfurt,1
"United Restitution Office, Frankfurt",frankfurt,1
Regierung Frankfurt (West),frankfurt,1
Regierung Ansbach (Mell.),ansbach,1
Kreissozialhilfsausschuss Nienburg-Weser,nienburg,1
"Kreissonderhilfsausschuss des Landkreises Gera, Schauburg",gera,1
"United Restitution Organization, Frankfurt / M., Grünburgweg 119",frankfurt,1
Kreisonderhilfsausschuss Nienburg,nienburg,1
Neumark,neumark,1
Frankfurt am Main,frankfurt,1
Braunfels,braunfels,1
Regierung Pommern,pommern,1
Bundesfinanzministerium Bonn,bonn,1
Der Regierungspräsident Ansbach,ansbach,1
Frankfurt-Main,frankfurt,1
Regierungsbezirksamt für Wiedergutmachung und verwaltungsVormögen Koblentz,koblentz,1
Regierung Ansbach (Vr.),ansbach,1
Kreisossonderhilfsausschuss Bremervörde,bremervörde,1
Leipzig,leipzig,1
Amt für Wiedergutmachung in Wuppertal-Elberfeld,wuppertal,1
Bayerische Landesentschädigungs- und Staats-schuldenverwaltung,staats,1
Regierung Bamberg (Welf.),bamberg,1
"RA. United Restitution Office, Frankfurt/M.",frankfurt,1
Regierungsbezirk Nürnberg,nürnberg,1
"D.P. Lager Gaherseebo, Wasserburg",wasserburg,1
Regierung Ansbach (Wehr.),"ansbach, wehr",2
KSHA Burgdorf,burgdorf,1
Soest,soest,1
Neuendettelsau,neuendettelsau,1
Regierung Frankfurt (Westf.),frankfurt,1
Der Regierungspräfident. Düren,düren,1
Kreissozialhilfsausschuss Rottenburg,rottenburg,1
KSHA Bersenbrück,bersenbrück,1
"Regierungsbezirksamt für Wiedergutmachung und verwaltete Vermögen, Neubrandenburg, Weimarstr.",neubrandenburg,1
Regierung Ansbach (Westf.),ansbach,1
Kreissozialamt Wolfsburg,wolfsburg,1
KSHA Soltau,soltau,1
Altenkirchen Westerw.,altenkirchen,1
Bebra,bebra,1
Kreissonderbehilfsausschuss Jever 1.0.,jever,1
KSHC Cuxhaven,cuxhaven,1
"United Restitution Office, Frankfurt/M, Gruneburgweg 119",frankfurt,1
Dresden,dresden,1
Bay. Zent. Stelle,stelle,1
Regierungsamt Arnswalde (Wehr.),wehr,1
Regierung Rostock (Meckl.),rostock,1
Oberfinanzdirektion Cottbus,cottbus,1
Kreissozialhilfsausschub der Stadt Salzgitter,salzgitter,1
Oberfinanzdirektion: Cottbus,cottbus,1
Amt für Wiedergutmachung des Landes Preußen/Pommern in Lübeck,"lübeck, pommern",2
Kreissozialhilfsausschub Watenstedt-Salzgitter,salzgitter,1
Der Regionalpräsident - Doz. für Wiedergutmachung - in Dortmund,dortmund,1
Nürnberg,nürnberg,1
Oberfinanzdirektion Nürnberg,nürnberg,1
Bonn,bonn,1
Regierung Ansbach,ansbach,1
Lübeck,lübeck,1
Dortmund,dortmund,1
Regierung Frankfurt,frankfurt,1
Kreissonderhilfsausschuss Nordhorn,nordhorn,1
KSHA Cloppenburg,cloppenburg,1
Bezirksamt für Wiedergutmachung Mannheim,mannheim,1
Regierung Ansbach (MfV),ansbach,1
Regierung Ansbach (Mf.),ansbach,1
Regierungspräsidium Amberg,amberg,1
Regierungspräsidium Ansbach (Württ.),ansbach,1
Leipzig N. 45,leipzig,1
Doppel Meldung Bundes Fin. Min. Bonn,bonn,1
Dachau,dachau,1
"Regierungsbezirksamt für Wiedergutmachung und verwaltete Vermögensnachlässe, Nürnberg a.d. Weinstraße",nürnberg,1
Kreissozialamt Watenstedt-Salzgitter,salzgitter,1
Amt für Wiedergutmachung Höxter,höxter,1
Kroa Linda,linda,1
Wittmund,wittmund,1
Regierungsbezirkamt für Wiedergutmachung und verwaltete Vermögen Nürnberg und Wien,nürnberg,1
Kreissozialamt Hameln,hameln,1
"Rostock, BV-Abteilung",rostock,1
Deutsches Zentrales Stelle,stelle,1
Kreissozialhilfsausschuss Wittmund,wittmund,1
"United Restitution Office, Frankfurt/M., Grünburgweg 119",frankfurt,1
Amt für Wiedergutmachung des Enneppe-Ruhr-Kreises in Schwelm,schwelm,1
Regierung Ansbach (Mrf.),ansbach,1
Kreissonderhilfsausschuss Land Holzen,holzen,1
Kreissonderhilfsausschuss Gifhorn,gifhorn,1
"Regierungsbezirksamt für Wiedergutmachung und verwaltetes Vermögen, Nürnberg",nürnberg,1
"Acco, Rech. Jabotinskii 26/8",rech,1
Nienburg,nienburg,1
Regierung Arnswerg (Welt.),welt,1
Kreissozialhilfsausschuss Landkreis Grafschaft Hoya,"grafschaft, hoya",2
Nienburg-Weser,nienburg,1
KSHA Winsen-Luhe,winsen,1
Kreissozialamt Rinteln,rinteln,1
Regierungsbezirk für Wiedergutmachung und verwaltete Vermögen Nürnberg a. d. Weser,nürnberg,1
Kreissozialamt Nienburg-Weser,nienburg,1
Kreissozialhilfsausschuss Wilhelmshaven,wilhelmshaven,1
KSHA Springe,springe,1
KSHA Wissen/Luhe,wissen,1
An Bunde,bunde,1
Kreissonderhlfasschuss Auerbach,auerbach,1
KSHA Wittmund,wittmund,1
Kreisaußerhilfsausschuss Winsen - Luhe,winsen,1
Fulda,fulda,1
"Regierungsbezirksamt für Wiedergutmachung und verwaltete Vermögen, Nürnberg a.d. Weinstr.",nürnberg,1
Kreissozialhilfsausschuss des Landkreises Blankenburg (Brit. Zone) Braunlage,"blankenburg, braunlage",2
Kreissozialhilfsausschuss Cloppenburg,cloppenburg,1
Regierung Ansbach (Weff.),ansbach,1
Regierung Ansbach (MfS),ansbach,1
Stadt Bonn Amt für Wiedergutmachung,bonn,1
Kreissozialamt Salzgitter,salzgitter,1
Regierungsbezirkamt für Wiedergutmachung und kontrollierte Vermögen Altenkirchen/Westerw.,altenkirchen,1
Kreissonderhilfsschüle Watnstedt-Salzgitter,salzgitter,1
Kreissozialhilfsschule Gifhorn,gifhorn,1
United Restitution Office Frankfurt,frankfurt,1
Amt für Wiedergutmachung in Herford,herford,1
KSHA Watenstedt-Salzgitter,salzgitter,1
Stadt Remscheid - Amt für Wiedergutmachung,remscheid,1
Amt für Wiedergutmachung - Höxter/Weser,höxter,1
Gifhorn,gifhorn,1
"Amt für Wiedergutmachung, Stadt Remscheid",remscheid,1
Kreissozialamt Meppen,meppen,1
Regierung Bamberg,bamberg,1
Kreissozialamt Augsburg,augsburg,1
Registerbezirksamt für Wiedergutmachung und verwaltete Vermögen Nürnberg a. d. Wein,nürnberg,1
Kreis Lindau,lindau,1
KSHA Wattenstedt-Salzgitter,salzgitter,1
Kreissonderhilfsausschuss Soltau,soltau,1
Kreisverwaltung - Amt f. Wiedergutmachung - Höxter/Weser,höxter,1
Kreisverwaltung Paderborn,paderborn,1
Alfeld/Leine,alfeld,1
Regierung Ansbach (StML),ansbach,1
"Krefeld, Ostwall 263",krefeld,1
Kreissozialamt Winsen/Luhe,winsen,1
Krois Lindau,lindau,1
"United Restitution Office, Frankfurt/M., Gruneburgweg 119",frankfurt,1
"Amt für Wiedergutmachung, Kreisverwaltung Paderborn",paderborn,1
Bezirksamt für Wiedergutmachung von Nürnberg,nürnberg,1
Kreisverwaltung Paderborn Amt für Wiedergutmachung,paderborn,1
Landkreis Grafschaft Goya,grafschaft,1
Kreissozialhilfsschuss Bremervörde,bremervörde,1
Kreissonderhilfsausschuss Wartensleben-Salzgitter,salzgitter,1
Kreissonderhilfsschule Fallingbostel,fallingbostel,1
Kreissozialhilfsschübe Nordheim,nordheim,1
Regierungsamt Ansbach (Welf.),ansbach,1
KSHAWatenstedt-Salzgitter,salzgitter,1
Regierung Bamberg (MfRf.),bamberg,1
LG Frankfurt,frankfurt,1
Regierung Frankfurt (Main),frankfurt,1
Regierung Hirschberg (Weltf.),hirschberg,1
Kreissozialamt Landkreis Osterholz,osterholz,1
Kreissonderhilfsausschuss Winsen - Luhe,winsen,1
KSHA Nienburg,nienburg,1
Kreissozialhilfsausschub der Stadt Wagenstein Salzgitter,salzgitter,1
Kreissonderhilfsschüle Wittmund,wittmund,1
Kreissozialamt Bersenbrück,bersenbrück,1
KSHA Meppen,meppen,1
Zentrale Stelle für die Wiedergutmachung,stelle,1
"United Restitution Office, Frankfurt/Main",frankfurt,1
Amtsgericht Amberg (W.E.R.I.),amberg,1
Kreissozialamt Melle,melle,1
Regierung Pommern (m.O.),pommern,1
Lohr / Main,lohr,1
Amt für Wiedergutmachung des Landkreises Höxter,höxter,1
Kreissozialhilfsausschuss Jever,jever,1
Frankfurt=Main,frankfurt,1
Regierungsamt Ansbach (West),ansbach,1
KSHM Melle,melle,1
KSHA Einbeck,einbeck,1
KSHA Nordhorn,nordhorn,1
Kreissonderhilfsausschuss Uelzen,uelzen,1
Kreissonderhilfsausschüβ Salzgitter,salzgitter,1
Kreissozialhilfsausschuss Landkreis Gera,gera,1
Kreissozialamt Wilhelmshaven,wilhelmshaven,1
Kreissozialamt Wieden,wieden,1
Regierung Frankfurt (Oder),frankfurt,1
Amt für Wiedergutmachung in Neuss/Rh.,neuss,1
Regierung Bamberg (Württ.),bamberg,1
Kreissonderhilfsausschuss Northeim,northeim,1
Staatsanwalt L.G. Frankfurt/Main,frankfurt,1
LKA Jülich,jülich,1
Kreissonderhilfsausschuss Winsen/Luhe,winsen,1
Regierungsamt Ansbach,ansbach,1
Eschwege,eschwege,1
Kreissonderhilfsausschuss Nürnberg,nürnberg,1
Kreissozialhilfsausschuss Winsen/Luhe,winsen,1
Magistrat der Stadt Fürth,fürth,1
Kreisonderhilfsausschuss Cuxhaven,cuxhaven,1
Regierung Prähserg (Staats.),staats,1
Hauptzuständige Stelle für Wiedergutmachung und verwaltete Vermögenskohlen,stelle,1
Regierungsbezirk Ansbach (Meß.),ansbach,1
KZ Dresden,dresden,1
KSHA Gifhorn,gifhorn,1
Regierung Ansbach (Weltf.),ansbach,1
Bückeburg,bückeburg,1
Regierung Rendsburg (Bdl.),rendsburg,1
Der Regierungsbezirk: Gießen,gießen,1
Kreis Lindenau,lindenau,1
KSHA Winsen/L.,winsen,1
"Regierungsbezirksamt für Wiedergutmachung und verwaltete Vermögen, Nürnberg a. d. Weinstraße",nürnberg,1
KSHa Osterholz-Scharmbeck,osterholz,1
Regierungspräsidium Potsdam (WRF),potsdam,1
Stadthagen,stadthagen,1
Kreissonderhilfsausschuss Melle,melle,1
Tröglitz,tröglitz,1
Cuxhaven-Duven,cuxhaven,1
Landkreis Coesfeld,coesfeld,1
Alfeld,alfeld,1
Regierungsbezirksamt für Wiedergutmachung und verwaltete Vermögensnachlässe in Nürnberg,nürnberg,1
Kreissozialhilfsschüle Gifhorn,gifhorn,1
Kreissozialamt Springe,springe,1
Kreissozialamt Burgdorf/Hann.,burgdorf,1
Kroic Lindau,lindau,1
Kupferberg b.Stadtsteinach,"kupferberg, stadtsteinach",2
Wartensleben-Salzgitter,salzgitter,1
Regierung Rendsburg (Dith.),rendsburg,1
Kreissonderhilfsschuss Nordhorn,nordhorn,1
"United Restitution Office, Frankfurt/M., Grineburgweg 119",frankfurt,1
Fallingbostel,fallingbostel,1
KSHA Rinteln,rinteln,1
Nordhorn,nordhorn,1
Regierung Ansbach (Deft.),ansbach,1
Ansl. Amt Frankfurt/M.,frankfurt,1
Regierungsbezirkamt für Wiedergutmachung und kontrollierte Vermögen Altenkirchen Westerw.,altenkirchen,1
Kreissozialhilfsausschuss Rinteln,rinteln,1
"Regierungsbezirksamt für Wiedergutmachung und verwaltete Vermögen, Nürnberg am d. Weinstr.",nürnberg,1
Kreissonderhilfsschüle Gifhorn,gifhorn,1
Kreissozialamt Winsen-Luhe,winsen,1
Regierungsbezirk Würzburg,würzburg,1
Kreissozialhilfesausschuss des Landkreises Burgdorf/Hann.,burgdorf,1
Kreissozialamt Landkreis Grafschaft Goya,grafschaft,1
Regierung Ansbach (Marz.),ansbach,1
Kreissozialhilfsausschuss Cuxhaven,cuxhaven,1
Amt für Wiedergutmachung in Bonn,bonn,1
Regierung Präs.berg (Welf.),berg,1
Kreissozialamt Rottenburg/Hann.,rottenburg,1
Norden,norden,1
Kreis Nordhorn,nordhorn,1
Kreisverwaltungsreferat Schwerin,schwerin,1
Kreissozialhilfsausschuss Landkreis Uelzen,uelzen,1
Büdesheim,büdesheim,1
"Kreissozialhilfsausschuss des Landkreises Gera, Schauburg",gera,1
der Regierungspräsident -Dezernat f.Wiedergutmachung-Höxter,höxter,1
Regierungsbezirk Ansbach (Welf.),ansbach,1
Kreissozialamt Hameln-Pyrmont,hameln,1
Kreissonderhilfsausschuss Burgdorf,burgdorf,1
Regierung Arnswald (Wehr.),wehr,1
Kreissozialhilfsausschuss Nordhausen,nordhausen,1
Anstalt Bünde,bünde,1
Kreissonderhilfsausschuss Diepholz,diepholz,1
Regierungsbezirk für Wiedergutmachung und verwaltungsamt d. Weimar,weimar,1
Regierungsbezirk für Wiedergutmachung und verwaltete Vermögen Nürnberg a. d. Weserstraße,nürnberg,1
Regierungsbezirk Ansbach (Württ.),ansbach,1
"LG, Bochum",bochum,1
Landkreis Cottbus,cottbus,1
Regierung Arnsherg (Meßkirch),meßkirch,1
Regierungsbezirk für Wiedergutmachung und Vermögensverwaltung Neusäß a. d. Weser,neusäß,1
Kreissozialamt Jülich,jülich,1
Kreissozialamt Nordhausen,nordhausen,1
Hammer,hammer,1
"Regierungsbezirkskammer für Wiedergutmachung und verwaltete Vermögen, Nürnberg a. d. Weinstr.",nürnberg,1
Kreissozialhilfsausschuss Norden,norden,1
Kreissozialhilfsausschuss Emden,emden,1
Kreissonderhilfsschübe Gifhorn,gifhorn,1
LVA Lübeck,lübeck,1
Kreissozialhilfsausschuss des Landkreises Burgdorf/Hann.,burgdorf,1
Regierung Amberg,amberg,1
Kreissonderhilfsschüle Watenstedt-Salzgitter,salzgitter,1
Kreissonderhilfsausschub Springe,springe,1
"United Restitution Office, Frankfurt/M.",frankfurt,1
Lüdenscheid,lüdenscheid,1
Wolfsburg,wolfsburg,1
Springe,springe,1
Neuendettelsau a.d. Weinstr.,neuendettelsau,1
Kreissozialamt Alfeld/Leine,alfeld,1
Landkreis Grafschaft Hoya,"grafschaft, hoya",2
Der Regierungspräsidet. Düren,düren,1
Hochheim,hochheim,1
Kreissozialhilfsausschuss Nordhorn,nordhorn,1
Regierung Ansbach (Welfs),ansbach,1
Regierung Ansbach (Wf.),ansbach,1
Der Regierungspräsident Düren,düren,1
Kreissonderbehelfsausschuss Bremervörde,bremervörde,1
"Dinker, Kreis Soest",soest,1
Regierungsbezirksamt für Wiedergutmachung und Vermögensfragen Nürnberg,nürnberg,1
Kreissozialhilfsausschuss des Landkreises Gera - Schmiedeberg,"gera, schmiedeberg",2
Kreisonderhilfsausschuss Nürnberg,nürnberg,1
Bullay,bullay,1
Kreissozialhilfsschule Northeim,northeim,1
Weimar,weimar,1
Amt für Wiedergutmachung des Landes Thüringen in Erfurt Hauptabteilung II,erfurt,1
Rinteln,rinteln,1
Kreissozialamt Nordhorn,nordhorn,1
Regierung Frankfurt (Wf.),frankfurt,1
Kreissonderhilfsausschuss Nienburg,nienburg,1
Schwabach,schwabach,1
Regierung Frankfurt (Weltf.),frankfurt,1
Stadtverwaltung Stolberg,stolberg,1
Kreissozialhilfesausschuss Watenstedt-Salzgitter,salzgitter,1
Regensburg,regensburg,1
Duisburg,duisburg,1
Regierungsbezirksamt für Wiedergutmachung und Vermögensverwaltung Meiningen,meiningen,1
Troilo Lindenau,lindenau,1
KSHA Syke,syke,1
Kreisossonderhilfsausschuss Nienburg-Weser,nienburg,1
Bülow-Vereinigung Amt,bülow,1
Regierungspräsidium Bamberg (R.M.),bamberg,1
"Amt für Wiedergutmachung, Stadt Witten/Ruhr",witten,1
L.G. Heimburg,heimburg,1
KSHA Salzgitter,salzgitter,1
Kreissozialamt Blankenburg (Brit. Zone),blankenburg,1
Gütersloh,gütersloh,1
Amt für Wiedergutmachung des Landes Preußen in Bonn Hauptabteilung II,bonn,1
Regierung Arnshorn (Mölln),mölln,1
Regionalverwaltungsgericht für Wiedergutmachung und verwaltete Vermögen Nürnberg,nürnberg,1
"United Restitution Offices, Frankfurt",frankfurt,1
Regierung Prenzlau (Wff.),prenzlau,1
nt für die Verfolgten aus dem ehemaligen Reich,reich,1
Regierungsbezirksamt für Wiedergutmachung und verwaltete Vermögen Neusidler d. Weinsberg,weinsberg,1
"Erfurt, Ansbach, Chamnitz","ansbach, erfurt",2
Regierung Pirmasens (Würt.),pirmasens,1
Regierung Frankfurt (Welf.),frankfurt,1
Kreisverwaltungs Unna i.W. -Amt für Wiedergutmachung-,unna,1
Regierungspräsidial Amtsberg,amtsberg,1
LG - Salzburg,salzburg,1
Landsberg,landsberg,1
Regierung Ansbach (Staats.),"ansbach, staats",2
"Krefeld, Hubertussstr.68",krefeld,1
Regierung Ansbach (Def.),ansbach,1
Polizei/Kriminalamt Heilbronn,heilbronn,1
Regierung Bamberg (M.M.),bamberg,1
Regierungsbezirk Rensburg (Wehr.),wehr,1
Starnberg,starnberg,1
Regierung Bamberg (Wüff.),bamberg,1
Regierungsbezirk Brünn (Mf.),brünn,1
Magdeburg,magdeburg,1
der Regierungspräsident - Dezernat f. Wiedergutmachung - Potsdam,potsdam,1
"RA. United Restitution Office, Frankfurt/Main",frankfurt,1
Königreich Preußen,königreich,1
Nordhausen,nordhausen,1
Land. Justizverw. Ludwigsburg,ludwigsburg,1
Kreissonderhilfsausschuss Hameln n.-Pyrmont,hameln,1
"Bundesamt für Vertriebene, Bonn",bonn,1
Kreisjugendamt Karlstadt,karlstadt,1
Regierung Fürth (Würt.),fürth,1
Kreissozialhilfeauschuss Northeim,northeim,1
KSHa Nürnberg,nürnberg,1
Amt für Wiedergutmachung Essen,essen,1
KSHV Verden,verden,1
Regierung Bamberg (Würt.),bamberg,1
Kreissozialamt Duisburg,duisburg,1
Neusäß,neusäß,1
Regierungspräsidien Amberg,amberg,1
Kreissozialamt Fallingbostel,fallingbostel,1
Kreissonderhilfsschüle Norden,norden,1
Kreissozialamt Lübeck,lübeck,1
Kreissozialamt Wolfenbüttel,wolfenbüttel,1
KSHA Lingen,lingen,1
Doppelmeldung Bundes Fin. Min. Bonn,bonn,1
WilhelmsHaven,wilhelmshaven,1
Kreisaußerhilfsausschuss d. Landkreises Blankenburg (Brit. Zone) Braunlage,"blankenburg, braunlage",2
Kreissozialhilfeausschuss Gifhorn,gifhorn,1
Regierungsbezirk Nürnberg für Wiedergutmachung und verwaltete Vermögen,nürnberg,1
Kreissozialamt Hagen,hagen,1
Amt für Wiedergutmachung in Duisburg,duisburg,1
Amt für Wiedergutmachung Stadt Gelsenkirchen,gelsenkirchen,1
"Wallo Driza, Goldberger Werner, Grünwald, John",grünwald,1
"Sondervermögens-u. Baubehörde, Regierungsbezirk Nürnberg",nürnberg,1
Salzgitter,salzgitter,1
Bazirksamt für Wiedergutmachung Mannheim,mannheim,1
Betreuungsst. Nordenham,nordenham,1
Blankenburg,blankenburg,1
Regierung Bamberg (Meßl.),bamberg,1
Kreissozialhilfsausschuss Landkreis Grafschaft Hoya Syke,"grafschaft, hoya, syke",3
Kreisaußerhilfsausschuss Watenstedt-Salzgitter,salzgitter,1
Stadt Bonn Amt für Wiedergutmachung (43),bonn,1
Kreisaußerhilfsausschuss Burgdorf,burgdorf,1
Kreissonderhilfsausschuss Duderstadt,duderstadt,1
Regierungsamt Ansbach (Württ.),ansbach,1
"United Restitution Office, Frankfurt/M. Grünburgweg 119",frankfurt,1
Regierungspräsidium Fürth (10b),fürth,1
Kreissozialamt Nienburg,nienburg,1
Kreissonderhilfsausschuss Meppen,meppen,1
Kreissonderhilfsausschuss Rottenburg/Hann.,rottenburg,1
KSHA Rottenburg,rottenburg,1
Kreissozialhilfsausschuss Soltau,soltau,1
Kreissonderhilfsausschuss Alfeld/Leine,alfeld,1
Regierungsbezirk für Wiedergutmachung und verwaltete Vermögen Neusäß a. d. Ammer,neusäß,1
Regierung Pommern (Welf.),pommern,1
Landkreis Grafschaft Hoy,grafschaft,1
"Kreisverwaltung Paderborn, Amt für Wiedergutmachung",paderborn,1
Kreissozialhilfsausschuss der Stadt Würzburg,würzburg,1
Regierungsbezirk Rendsburg (Westf.),rendsburg,1
Rosenheim,rosenheim,1
Hainfeld,hainfeld,1
Schwerin Landesentschädigungsamt,schwerin,1
Kreisverwaltungsreferat Salzgitter,salzgitter,1
Kreissonderhilfsschüfe Winsen/Luhe,winsen,1
BMF Bonn,bonn,1
Kreissonderhilfsausschuss Landkreis Grafschaft Goya,grafschaft,1
Regierung Ansbach (StV),ansbach,1
Kreisondeserhifsausschuss Cuxhaven,cuxhaven,1
Kreissonderbehelfsausschuss Watenstedt-Salzgitter,salzgitter,1
KSHA Winsen - Luhe,winsen,1
"Regierungsbezirksamt für Wiedergutmachung und verwaltete Vermögen, Nauheim a. d. Weinstr.",nauheim,1
Kreissozialhilfsausschuss Watensburg-Salzgitter,salzgitter,1
Kreissozialamt Bremervörde,bremervörde,1
Kreissozialamt Landkreis Grafschaft Lippe,grafschaft,1
Regierung Pommern (Meckl.),pommern,1
Soltau,soltau,1
Kreissozialamt Hamm-Land,hamm,1
Altenkirchen'Westerw.,altenkirchen,1
Regierungsbezirkamt für Wiedergutmachung und verwaltete Vermögen Nürnberg a.d. Weinstr.,nürnberg,1
Kreissozialamt Hamm-Jüpem,hamm,1
KSHA Winsen - Lühe,winsen,1
"Amt für Wiedergutmachung, Regierung Ansbach (Wehr.)","ansbach, wehr",2
Regierungsbezirksamt für Wiedergutmachung und verwaltete Vermögen Nürnberg a. d. Weißstr.,nürnberg,1
Kreissonderhilfsschüfe Hamm,hamm,1
KSHA Dannenberg/Elbe,"dannenberg, elbe",2
Regierungsamt Brünn (Mähren),"brünn, mähren",2
Stadt Stadthagen,stadthagen,1
Nürnberg für Wiedergutmachung und verwaltete Vermögen,nürnberg,1
Entschädigungsbehörde: Augsburg,augsburg,1
Regierungsbezirk Potsdam (Westf.),potsdam,1
Frankfurt a. Main,frankfurt,1
BFH/Bonn,bonn,1
Bundes Ru. Min. Bonn,bonn,1
Königreich Großherzogtum Baden,königreich,1
Regierung Rendsburg (Westf.),rendsburg,1
"Elsa Pappenheim, Walter Joachimsthal u.a.","joachimsthal, pappenheim",2
Regierungsamt Ansbach (Stadt.),ansbach,1
Stadt. Amt. Dresden,dresden,1
"United Restitution Office, Frankfurt (Main), Grünburgweg 119",frankfurt,1
Kreissozialamt Cloppenburg,cloppenburg,1
Regierung Amberg (Waff.),amberg,1
Kreissozialhilfsausschub Cloppenburg,cloppenburg,1
Regionalamt Fürstenfeldbruck,fürstenfeldbruck,1
Amt für Wiedergutmachung in Recklinghausen,recklinghausen,1
Staatsanwalt LG Frankfurt,frankfurt,1
Der Regierungspräsident - Dez. für Wiedergutmachung - in Dortmund,dortmund,1
Regierungsbezirk Jena (Weimar),"jena, weimar",2
Stadt Leipzig,leipzig,1
KSHA Bückeburg,bückeburg,1
Oberfinanzdirektion: Bünde,bünde,1
Regierungspräsidium Ansbach (Welf.),ansbach,1
Regierung Bamberg (Wf.),bamberg,1
Kreissozialamt Rottenburg/Hann,rottenburg,1
LG Nürnberg,nürnberg,1
Regierung Finanzabteilung (Welt.),welt,1
Regierungsbezirkscami für Wiedergutmachung und verwalteto Vermögen Koblentz,koblentz,1
"Bundesfinanzdirektion West, Würzburg",würzburg,1
"United Restitution Office, Frankfurt/M., Grunenburgweg 119",frankfurt,1
Oberfinanzdirektion: Eichstätt,eichstätt,1
Kreisverwaltung Büren/Westf. - Amt für Wiedergutmachung,büren,1
St. Frankfurt Ausgl. Amt,frankfurt,1
Regierung Aensberg (Wehr.),wehr,1
Stadt Frankfurt,frankfurt,1
Aegierung Paderborn (Meßl.),paderborn,1
Regierung Ansbach (Präf.),ansbach,1
Regierung Ansbach (Melf.),ansbach,1
Bundesministerium der Finanzen Bonn,bonn,1
"Regierungsbezirkamt für Wiedergutmachung und verwaltete Vermögen, Nürnberg a. d. Weinstraße",nürnberg,1
Regierungsbezirksamt für Wiedergutmachung und Verwaltung a.d. Weinstr. Nürnberg,nürnberg,1
Kreissozialhilfeauschuss Blankenburg (Brit. Zone),blankenburg,1
Regierungsbezirksamt für Wiedergutmachung und verwaltete Vermögen Nürnberg a. d. Weinstraße,nürnberg,1
Bundes FinanzMinisterium Bonn,bonn,1
Regierung Brünn (m.w.),brünn,1
Regierungsamt Brünn (MfV),brünn,1
"Bundesministerium der Flüchtlinge, Bonn, Rheindorfersstr. 116",bonn,1
Gedächtnisstätte Sachsenhausen,sachsenhausen,1
Reg.-Präsidium / Amtsgericht Bückeburg,bückeburg,1
Kreissozialhilfeauschuss Stadt Hameln,hameln,1
"United Restitution Office, Frankfurt/Main, Grünburgweg 119",frankfurt,1
Amt für Wiedergutmachung Duisburg,duisburg,1
Kreissozialamt Osterholz,osterholz,1
"Bayreuth, Ansbach (West.)","ansbach, bayreuth",2
"Erfurt, Jenaer Str. 37",erfurt,1
Versorgungsamt Dortmund,dortmund,1
LJV. Ludwigsburg,ludwigsburg,1
United Restitution Office in Frankfurt am Main,frankfurt,1
Regierungsbezirksamt für Wiedergutmachung und verwaltetes Vermögen Neudietendorf a. d. Weinstraße,neudietendorf,1
Seeburg,seeburg,1
Kreissonderhilfssausschuss der Stadt Watenstedt Salzgitter,salzgitter,1
Königreich Preußens,königreich,1
Regierung Ansbach (Mrz.),ansbach,1
Regierung Augsburg (Welf.),augsburg,1
KSHA Nienburg/Weser,nienburg,1
Regierung Ansbach (m. W.),ansbach,1
Regierung Rheinberg (WcAF.),rheinberg,1
KSHA Wat. Salzgitter,salzgitter,1
Regierungsbezirksamt für Wiedergutmachung und verwaltete Vermögen Nürnberg a.d. Weinstr.,nürnberg,1
Regierungsbezirk Bamberg (m. f.),bamberg,1
Regierungsbezirksamt für Wiedergutmachung und verwaltete Vermögensnachlässe a. d. Weinsberg,weinsberg,1
Kreissozialhilfsausschuss der Stadt Salzburg,salzburg,1
Kreissozialhilfsausschuss Bersenbrück,bersenbrück,1
Regierung Ansbach (Betr.),ansbach,1
"United Restitution Office, Frankfurt am Main, Grünburgweg 119",frankfurt,1
Regierung Bamberg (Waff.),bamberg,1
Staatsanwaltschaft Hamm,hamm,1
Regierung Ansbach (10 Eff.),ansbach,1
"Doppelmeier, Bundes Fin. Min. Bonn",bonn,1
Regierung Bamberg (Meß.),bamberg,1
Regierung Pommersfelden,pommersfelden,1
Regierung Arnswalde (Welt.),welt,1
Kreissozialhilfsausschuss des Landkreises Groß-Schauenburg,schauenburg,1
Bundes Finanz Ministerium Bonn,bonn,1
Bamberg Bezirksamt für Wiedergutmachung,bamberg,1
Amt für Wiedergutmachung Hamm (Westf.),hamm,1
Regierungsbezirk für Wiedergutmachung und verwaltete Vermögen Nürnberg und Würzburg,"nürnberg, würzburg",2
Regierung Rostock (Wff.),rostock,1
Regierung Frankfurt (2.11.),frankfurt,1
Regierungsbezirksamt für Wiedergutmachung und verwaltete Vermögen Nürnberg,nürnberg,1
Regierungsbezirkskammer für Wiedergutmachung und verwaltete Vermögen Nürnberg a. d. Weinstr.,nürnberg,1
"Amt für Wiedergutmachung, Landkreis Iserlohn",iserlohn,1
"Regionalbeirat für Wiedergutmachung und verwaltete Vermögen, Nürnberg a. d. Weinstr.",nürnberg,1
Regierung Bamberg (Weltf.),bamberg,1
"Landsberg/Lech, DP-Lager",landsberg,1
Stadtverwaltung Wuppertal,wuppertal,1
Bundesministerium - Referat VB4 - Postfach 1308 53003 Bonn,bonn,1
Regierung Prötzel (SK),prötzel,1
An Kassierer Amtsberg 9.3.66 Weiler o. Gl.,"amtsberg, weiler",2
Regierung Bamberg (Bef.),bamberg,1
Amt für Wiedergutmachung des Landes Thüringen-Platz in reich,reich,1
Kreissozialamt Verden,verden,1
Kreis Linsengericht,linsengericht,1
Regierung Arnaberg (Welt.),welt,1
Kreissonderhilfsausschuss Hamm-Land,hamm,1
Beeskow,beeskow,1
Regierung Ansbach (Melfi),ansbach,1
Staatsanwaltschaft Frankfurt,frankfurt,1
Reg.-Präsident / Präsident des Verw.-Bezirks Sinsheim,sinsheim,1
Regierung Amberg (Wf.),amberg,1
Kreissozialhilfsausschuss Springe,springe,1
Staatssanw. Dortmund,dortmund,1
Regierung Ansbach (Waff.),ansbach,1
Kreissozialamt Dortmund,dortmund,1
"Regierungsbezirk Wiedergutmachung und verwaltete Vermögen, Nürnberg",nürnberg,1
Regierungsamt Fürstenberg (Württ.),fürstenberg,1
Regierung Ansbach (Mnf.),ansbach,1
Der Oberkreisdirektor – Amt für Wiedergutmachung in Paderborn,paderborn,1
Regierung Ansbach (m.E.),ansbach,1
Oberfinanzdirektion: Würzburg,würzburg,1
Stolberg,stolberg,1
gob. Goldberg,goldberg,1
"Oberfinanzdirektion: Erfurt, Jena St. 37","erfurt, jena",2
"Landesheiratstelle für die Wiedergutmachung, Schweinfurt",schweinfurt,1
Regierung Aensberg (Welt.),welt,1
"DP-Camp, Feldafing Krs. Starnberg","feldafing, starnberg",2
Regierungsbezirk Hamm,hamm,1
Regierung Frankfurt (Würt.),frankfurt,1
Reparatur Amtsberg (Wupp.),amtsberg,1
Regierung Flensburg (Westf.),flensburg,1
Wattenscheid-Salzgitter,salzgitter,1
Regierung Ansbach (B.M.),ansbach,1
"United Restitution Office, Frankfurt/M., Greeneburgweg 119",frankfurt,1
Bundes Fin. Min. Bonn K8In,bonn,1
Wuppertal-Elberfeld,wuppertal,1
Regierungsbezirksamt Wiedergutmachung und verwaltete Vermögen Neusäß und Weinsberg,"neusäß, weinsberg",2
"Bundes-Finanz-Ministerium, Bonn",bonn,1
Kreisonderhelfsausschub Hamm-Stadt,hamm,1
Amt für Wiedergutmachung in Essen,essen,1
Amt für Wiedergutmachung der Stadt Essen,essen,1
Hagen,hagen,1
Regierungsbezirks-Amt für Wiedergutmachung und kontrollierte Vermögensverwaltung Bad Kreuznach,bad kreuznach,1
Karl-Theodor,karl,1
Kreisonderhilfsausschuss Wilhelmshaven,wilhelmshaven,1
Kreissozialhilfsausschuss Stadt Hameln,hameln,1
Burgdorf (Hann.),burgdorf,1
"United Restitution-Office, Frankfurt/Main",frankfurt,1
Regierungsamt Arnswald (Meißen),meißen,1
Regierungspräsidium Ansbach,ansbach,1
"Regierungsbezirk Nürnberg für Wiedergutmachung und verwaistes Vermögen, Nürnberg a. d. Weinstrasse",nürnberg,1
Kreissonderhilfsausschuss Hameln-Pyrmont,hameln,1
Kreissozialhilfsausschuss Alfeld/Leine,alfeld,1
Kreissozialhilfsausschuss Landkreis Grafschaft Hoy,grafschaft,1
Amt für Wiedergutmachung in Waldbröl / Rhld.,waldbröl,1
Kreissonderhilfesausschuss Duderstadt,duderstadt,1
Landkreis Iserlohn Amt für Wiedergutmachung,iserlohn,1
Krefeld,krefeld,1
Verden,verden,1
Regierung Frankfurt (MFF),frankfurt,1
Entschädigungsbehörde für Wiedergutmachung und verwaltete Vermögen Nürnberg a.d. Weinstr.,nürnberg,1
Kreissozialhilfsausschuss Nürnberg,nürnberg,1
Kreissonderhilfsausschuss Fallingbostel,fallingbostel,1
KSHALandkreis Osterholz,osterholz,1
Kreissozialamt Hoya,hoya,1
Kreissonderhilfsschul Watenstedt-Salzgitter,salzgitter,1
Kreissonderhilfsausschuss Wilhelmshaven,wilhelmshaven,1
Kreisverwaltung -Amt für Wiedergutmachung- Höxter/Weser-,höxter,1
Kreissozialhilfsausschuss Winsen-Luhe,winsen,1
Landkreis Grafschaft Gooya,grafschaft,1
Landkreis Grafschaft Lippe,grafschaft,1
Kreissozialhilfsausschuss Uelzen,uelzen,1
KSHA Fallingbostel,fallingbostel,1
Husyl.Amt Frankfurt,frankfurt,1
Hauptzuständige Stelle,stelle,1
Regierung Frankfurt (R.B.),frankfurt,1
Stadt HameLN,hameln,1
"Amt für Wiedergutmachung, Regierung Ansbach (Würt.)",ansbach,1
Kreissozialamt Fürth,fürth,1
Regierungsbezirksamt für Wiedergutmachung und verwaltico Vermögen Koblentz,koblentz,1
Kreissonderhilfsausschuss Hamm,hamm,1
Kreissozialhilfsausschuss Lingen,lingen,1
Regierung Ansbach (Mfll.),ansbach,1
Amt für Wiedergutmachung b. Landkreis Höxter,höxter,1
Amt für Wiedergutmachung des Landes Thüringen in Erfurt,erfurt,1
Regierung Frankfurt (Hess.),frankfurt,1
Kreisverwaltung -Amt für Wiedergutmachung- Höxter/Weser,höxter,1
Regierungsbezirk Frankfurt (Main),frankfurt,1
Regierungsbezirk Königsberg (Weiß.),königsberg,1
Regierung Arnsherg (Welt.),welt,1
Kreissozialamt Blankenburg (Brit. Zone) d.Landkreises Braunlage,"blankenburg, braunlage",2
Regierung Arnberg (Welt.),welt,1
"Der Regierungspräsidium, Düren",düren,1
Roth,roth,1
Kreissozialamt Burgdorf (Hann.),burgdorf,1
Staatsschule Frankfurt,frankfurt,1
Nordhausen - Westfalen,nordhausen,1
Regierung Rendsburg (Weffels),rendsburg,1
Regierungspräsidium Pirmasens,pirmasens,1
Nürnberg a. d. Weinstr.,nürnberg,1
Nordhausen - Wiedergutmachung,nordhausen,1
Regierung Pansberg (Würzburg),würzburg,1
Regierung Ansbach (Bef.),ansbach,1
Kreissonderhilfsschule Watenstedt-Salzgitter,salzgitter,1
Regierungsamt Arnswalde (Welt.),welt,1
"United Restitution Office, Frankfurt am Main, Grüneburgweg 119",frankfurt,1
Regierung Hensberg (Welt.),welt,1
Regierungspräsidium Fürth (Wüff.),fürth,1
Kreissozialhilfe Salzgitter,salzgitter,1
"United 'estitution Office Frankfurt/Main, Gruneburgweg 119",frankfurt,1
Regierungspräsidium Prensbereich (Wehr.),wehr,1
Kreissonderhilfsausschuss Rottenburg/H.,rottenburg,1
Der Regierungspräsident - Doz. für Wiedergutmachung - in Dortmund,dortmund,1
Kreissozialhilfsausschuss des Landkreises Groß-Schönebeck,schönebeck,1
Kreissonderhilfesausschuss Springe,springe,1
Kreissonderhilfsausschuss Winsen / Luhe,winsen,1
Amt für Wiedergutmachung des Landes Rhein und Pfalz in Erlangen,erlangen,1
Augsburg (Weff.),augsburg,1
Rechtsanwälte Pätz,pätz,1
"Reparierungsbehörde für Wiedergutmachung und verwaltete Vermögen, Nürnberg a.d. Weser",nürnberg,1
Regierungspräsidium Fürth,fürth,1
KSHA Rottenburg/Hann.,rottenburg,1
"United Restitution Office, Frankfurt (M)",frankfurt,1
Osterholz-Scharmbeck,osterholz,1
Regierungspräsidium (Wehr.),wehr,1
Höchst,höchst,1
Kreissozialhilfsausschub Soltau,soltau,1
"Stadt Bonn, Amt für Wiedergutmachung",bonn,1
Landratsamt Bad Aibling,bad aibling,1
Kreissozialamt Schorndorf,schorndorf,1
"Stadt Bonn, Amt für Wiedergutmachung (43)",bonn,1
United Restitution Office Frankfurt/M. Grünburgweg 119,frankfurt,1
Regierungsbezirksamt für Wiedergutmachung und Verwaltung Nürnberg,nürnberg,1
Regierung Ansbach (Deftf.),ansbach,1
Kreissonderhilfsausschuss Nienburg-Weser,nienburg,1
Kreissozialhilfsausschuss Nordheim,nordheim,1
"Regierungsbezirk Nürnberg, Br. Wiedergutmachung und verwaltete Vermögen, Nürnberg, a.d. Weinstraße",nürnberg,1
Reg. Amts. Brünn,brünn,1
Regierung Arneberg (Wehr.),wehr,1
Regierungspräsidium (Würzburg),würzburg,1
Regierung Pirmasens,pirmasens,1
Uelzen,uelzen,1
Regierungsbezirk Fürth (Weff.),fürth,1
Augsburg (M.Ost),augsburg,1
Regierungsamt Mosbach (20.07.19),mosbach,1
LG Weiden,weiden,1
Regierung Prenzlau (R.O.D.),prenzlau,1
Kreissozialamt Ulm,ulm,1
Amtsgericht Dortmund (Möll),dortmund,1
Regierungspräsidium Prenzlau,prenzlau,1
Regierungsbezirk Borna (MOELL),borna,1
Regierungsbezirk (Weimar),weimar,1
Restitutionsamt (Wied.),wied,1
United Restitution Office Frankfurt/M.,frankfurt,1
Regierung Hagen (Westf.),hagen,1
Regierung Frankfurt (Welt.),"frankfurt, welt",2
Regierungspräsidium Flensburg,flensburg,1
Der Regierungspräsident - Amt für Wiedergutmachung in Herford,herford,1
Kreissozialhilfsausschuss Landkreis Grafschaft Broya,grafschaft,1
Regierungspräsidium Frankfurt (Oder),frankfurt,1
KSHA Bad Gandersheim,bad gandersheim,1
Regierungsamt Amberg (Westf.),amberg,1
"Regierungsbezirksamt für Wiedergutmachung verwaltete Vermögensnachlässe, Nürnberg a. d. Weinstr.",nürnberg,1
Ansbach (Def.),ansbach,1
"United Restitution Office, Frankfurt (M), Grünburgweg 119",frankfurt,1
"Landesbeirat für die Wiedergutmachung, Schweinfurt",schweinfurt,1
Kreissonderhilfsausschuss Watenstedt-Salzgitter,salzgitter,1
"Regierungsbezirk Nürnberg für Wiedergutmachung und verwaltete Vermögensnachlässe, Nürnberg a.d. Weinstraße",nürnberg,1
Regierung Henneberg,henneberg,1
Dannenberg/Elbe,"dannenberg, elbe",2
Kreissozialhilfsschübe Hameln-Pyrmont,hameln,1
Regierung Frankfurt (Wchf.),frankfurt,1
"United Restitution Office, Frankfurt(M), Gruneburgweg 119",frankfurt,1
KSHA Höxter,höxter,1
Möllendorf,möllendorf,1
Regierungsbezirksoffice für Wiedergutmachung und verwaltete Vermögen Nürnberg a. d. Weinstr.,nürnberg,1
IG Frankfurt,frankfurt,1
"Bundesministerium der Finanzen, Bonn, Rheindorfstraße 116",bonn,1
Hauptzuständige Stelle für Wiedergutmachung und verwaltete Vermögen,stelle,1
Neu Isenburg,isenburg,1
Staatsanwalt Frankfurt,frankfurt,1
Kreissonderhilfsausschuf Hameln-Pyrmont,hameln,1
und verwaltete Vermögen Neuried a.d. Weinstr.,neuried,1
Landkreisverwaltung - Amt f. Wiedergutmachung - Höxter/Weser,höxter,1
Regierung Ansbach (Bay.),ansbach,1
Regierung Rendsburg (Meckl.),rendsburg,1
"Amt für Wiedergutmachung, Stadt Essen in Essen",essen,1
Regierungsamt Ansbach (MfV),ansbach,1
Kreissozialamt des Landkreises Gera,gera,1
Bezirksamt für Wiedergutmachung Mönchengladbach,mönchengladbach,1
Der Regierungspräsident Nürnberg,nürnberg,1
Kreisverwaltung -Amt f. Wiedergutmachung-Höxter/Weser,höxter,1
Kreissozialhilfsschübe Cuxhaven,cuxhaven,1
Kreis Linden,linden,1
Oberfinanzdirektion: Nürnberg,nürnberg,1
Schweinfurt IRO Resettlement Office,schweinfurt,1
Regierung Ansbach (Moff.),ansbach,1
"Für Wien und verwaltete Vermögen, Nördlingen a.d. Weinstr.",nördlingen,1
Reg.-Präsident / Präsident des Verw.-Bezirks Stendal,stendal,1
Regierung Hagen (West),hagen,1
Aegypten (Welt),welt,1
Kreissozialamt Nürnberg,nürnberg,1
Regierung Rendsburg (Welf.),rendsburg,1
Altenkirchen 'Westf.,altenkirchen,1
Mannheim,mannheim,1
Kreissonderhilfsausschuss Cuxhaven,cuxhaven,1
Rostock Bundesvermögensabteilung,rostock,1
Regionalverwaltungsamt für Wiedergutmachung und verwaltete Vermögen Nürnberg a. d. Weinstraße,nürnberg,1
Regierung Frankfurt (Mief.),frankfurt,1
Regierung Frankfurt (RZ),frankfurt,1
Kreissonderhilfsausschüsse Wittmund,wittmund,1
"RA United Restitution Office, Frankfurt/Main",frankfurt,1
Kreissozialhilfsausschuss Dannenberg,dannenberg,1
Amt für Wiedergutmachung des Landes Sachsen-Anhalt in Halle (Saale),"halle, sachsen",2
LVA Speyer,speyer,1
Amt für Wiedergutmachung - in Essen nach hier übernommen,essen,1
Amt für Wiedergutmachung des Landes Thüringen/Pfalz in Erfurt Hauptabteilung II,erfurt,1
Regierung Bamberg (Welt.),"bamberg, welt",2
Amt für Wiedergutmachung in Hamm/Westfalen,hamm,1
Regierungsamt Königsberg (West),königsberg,1
Regierung Brünn (BdS.),brünn,1
Regierungsbezirkskammer für Wiedergutmachung und verwaltete Vermögen Mannheim,mannheim,1
Regierungsbezirkskammer für Wiedergutmachung und verwaiste Vermögen Nürnberg und Weimar,"nürnberg, weimar",2
Regierungsbezirk Königsberg und verwaltete Vermögen,königsberg,1
Hof.,hof,1
"United Restitution Office, Frankfurt (Main), Grineburgweg 119",frankfurt,1
Kreisonderhilfsausschuss Dannenberg,dannenberg,1
Bezirksamt für Wiedergutmachung Verenig Koblentz,koblentz,1
Reparierungsstelle Bochum,bochum,1
SFH Magdeburg,magdeburg,1
Rb. Potsdam,potsdam,1
Regierung Rheinberg (Weltf.),rheinberg,1
Regierungsbezirkskommission für Wiedergutmachung und verwaltete Vermögens Neusäß a.d. Weser,neusäß,1
Regierungsbezirk Augsburg,augsburg,1
"Landesbeirat für die Wiedergutmachung, Schwerin",schwerin,1
Regierung Bamberg (M.I.),bamberg,1
Regierung Frankfurt (Melf.),frankfurt,1
An Bunde deckartei,bunde,1
Philadelphia,philadelphia,1
"Rey Frieda Ruth (geb. Ehrmann) (8.10.33) Kuhlmann Jnge, geb. Ehrmann (14.12.35) Ehrmann Doris Renate (31.3.1937)",rey,1
Regierung Bamberg (Westf.),bamberg,1
Regierungsamt Bamberg (Württ.),bamberg,1
Land.Justizv.Ludwigsburg,ludwigsburg,1
Regierungsamt Ansbach (Württemberg),ansbach,1
"Kreissozialhilfsausschuss des Landkreises Glauchau, Schauburg",glauchau,1
Regierung Prnsberg (Welt.),welt,1
Regierung Bamberg (M.O.),bamberg,1
Regierungsbezirk Bamberg für Wiedergutmachung und verwaltete Vermögensgegenstände,bamberg,1
Regierungsbezirksamt für Wiedergutmachung und verwaltiq Vermögen Koblentz,koblentz,1
Regierung Ansbach (Welf),ansbach,1
"Regierungsbezirkamt für Wiedergutmachung und verwaltete Vermögen, Nürnberg a. d. Weinstr.",nürnberg,1
Regierung Arnswerg (Wehr.),wehr,1
Regierung Ansbach (Wenf.),ansbach,1
Bezirksamt für die Wiedergutmachung in Nürnberg,nürnberg,1
Amt für Wiedergutmachung in Herne i.W.,herne,1
Regierung Arnswald (Weimar),weimar,1
Kreissonderhilfsausschuss Landkreis Grafenau Syke,"grafenau, syke",2
Der Reichsentschädigungspräsident Lübeck,lübeck,1
Bersenbrück,bersenbrück,1
Kreissonderhilfsausschübe Springe,springe,1
Kreis Lichtenau,lichtenau,1
Regierungsbezirksamt für Wiedergutmachung und kontrollierte Vermögen Altenkirchen 'Westerw.,altenkirchen,1
Kreisonderhilfsausschuss Cloppenburg,cloppenburg,1
Kreissozialhilfeauschuss Nordhorn,nordhorn,1
Kreissozialamt Zell,zell,1
Kreissonderhilfsausschuss Burgdorf (Hann.),burgdorf,1
Eros Linau,linau,1
Kreissozialhilfsschübe Nienburg,nienburg,1
Kreissozialamt Görlitz,görlitz,1
Kreissozialhilfsausschuss Landkreis Grafschaft Goya,grafschaft,1
Amtsgericht Jena (Weimar),"jena, weimar",2
Kreissozialamt Auerbach,auerbach,1
Regierung Ansbach (m.Af.),ansbach,1
Kreissonderhilfsausschuss Bersenbrück,bersenbrück,1
Kreissozialamt Jena,jena,1
Kreissozialamt Northeim,northeim,1
Kreissozialhilfesauschuss des Landkreises Burgdorf/Hann.,burgdorf,1
Nürnberg a. d. Weinstraße,nürnberg,1
Amt für Wiedergutmachung Stadt Bochum,bochum,1
Kreissozialhilfsausschuss Fallingbostel,fallingbostel,1
Regierungsbezirk Salzburg für Wiedergutmachung,salzburg,1
Kreisondeserhifsausschuss Wilhelmshaven,wilhelmshaven,1
Kreissonderhilfsausschuss Bremervörde,bremervörde,1
Kreissozialhilfsausschuss Burgdorf Hann.,burgdorf,1
Kreissonderhilfsausschuss Cloppenburg,cloppenburg,1
Deutsches Zentrales Stelle für Opfer der nationalsozialistischen Verfolgung,stelle,1
Aegierung Amberg (Weff.),amberg,1
Kreissozialamt Soltau,soltau,1
Kreissonderhilfsausschuss Jever,jever,1
Kreisaußerhelfsausschuss Watenstedt-Salzgitter,salzgitter,1
Regierungsbezirk für Wiedergutmachung und verwaltete Vermögen Nürnberg a. d. Weinstr.,nürnberg,1
Kreissozialamt - Fürstenfeldbruck,fürstenfeldbruck,1
Kreisonderhilfsausschuss Diepholz,diepholz,1
Regierungspräsidium Prensborg (Wehr.),wehr,1
Kreissonderhilfsausschuss des Landkreises Gera-Schweinfurt,"gera, schweinfurt",2
Reg.-Präsident / Präsident des Verw.-Bezirks Stadthagen,stadthagen,1
Kreissozialhilfsausschuss Diepholz,diepholz,1
Kreissozialamt Landkreis Grafschaft Lippe Syke,"grafschaft, syke",2
Kreissoenderhilfssausschuss der Stadt Salzgitter,salzgitter,1
Kreissozialhilfsschutz Bremervörde,bremervörde,1
Regierungsbezirk-amt für Wiedergutmachung und verwaltete Vermögen Nürnberg a.d. Weinstr.,nürnberg,1
Neuendorf,neuendorf,1
Kreissozialamt Mülheim,mülheim,1
Königstein,königstein,1
Amt für Wiedergutmachung in Wuppertal-Barmen,wuppertal,1
"Der Gerichtspräsident in Dotternhausen, Der Oberkreisdirektor in Herford","dotternhausen, herford",2
Kreissozialhilfsschul d. Landkreises Blankenburg (Brit. Zone) Braunlage,"blankenburg, braunlage",2
KSH Stadt Hameln,hameln,1
Bundes Fin. Min. Bamberg,bamberg,1
Regionalverwaltungsbehörde für Wiedergutmachung und verwaltete Nachlässe Nordalb und Waldeck,waldeck,1
Kreissonderhilfsausschuss der Stadt Watenstedt Salzgitter,salzgitter,1
Regierungsbezirk Frankfurt,frankfurt,1
KSHa Watenstedt-Salzgitter,salzgitter,1
KSHA Rottenburg/H.,rottenburg,1
Regierungsbezirksamt für Wiedergutmachung und kontrollierte Vermögen Birkenfeld,birkenfeld,1
Staatsanwaltschaft L.G. Lübeck,lübeck,1
Regierung Frankfurt (O.M.),frankfurt,1
Regierung Amtsberg (Welf.),amtsberg,1
"United-Restitution-Office, Frankfurt/M. Grüneburgweg 119",frankfurt,1
Kreisverwaltung -Amt f. Wiedergutmachung- Höxter /Weser,höxter,1
Kreissozialhilfsausschub der Stadt Waiblingen,waiblingen,1
Regierung Ansbach (Weff),ansbach,1
"Lindau, Deutschenstraße 4",lindau,1
Kreisonderrhilfsausschub Watenstedt-Salzgitter,salzgitter,1
Regierungsbezirkamt für Wiedergutmachung und kontrollierte Vermögen Altenkirchen Westerwald,altenkirchen,1
Regierung-Fürstenberg (Welf.),fürstenberg,1
Träger Koblentz,koblentz,1
"Regionalverwaltungsamt für Wiedergutmachung und verwaltete Vermögen, Nürnberg a. d. Weinstr.",nürnberg,1
Amt für Wiedergutmachung-Herford,herford,1
Regierung Fürstenberg (Welf.),fürstenberg,1
Kreissozialhilfsausschuss d. Landkreises Blankenburg (Brit. Zone),blankenburg,1
Staatsamt W.L.G. Frankfurt/Main,frankfurt,1
Waisensiedlung-Salzgitter,salzgitter,1
Regierungsbezirk Salzburg,salzburg,1
Regierung Ansbach (Deff.),ansbach,1
Regierung Frankfurt (W2ff.),frankfurt,1
Augsburg (Wf.),augsburg,1
Regierung Bamberg (MfV),bamberg,1
Regierungsamt Arnswald (Wehr.),wehr,1
Kreissonderhilfsschübe Uelzen,uelzen,1
Der Regierungspräsid. Düren,düren,1
"United Restitution Office, Frankfurt/Main, Grüneburgweg119",frankfurt,1
"Regionalverwaltungsbehörde für Wiedergutmachung und Vermögensverwaltung, Nürnberg d. Weinstr.",nürnberg,1
Landesentschädigungsamt in der Bayerischen Landesentschädigungs- und Staats-schuldenverwaltung,staats,1
Augsburg (Welf.),augsburg,1
Regierung Brünn (Mf.),brünn,1
Regierungsamt Rosenberg (Wuppertal),"rosenberg, wuppertal",2
Der Regionalpräsident - Dez. für Wiedergutmachung - in Dortmund,dortmund,1
"United Restitution Office, Frankfurt, Gruneburgweg 119",frankfurt,1
"Wiedergutmachung für verfolgtes Vermögen und verwaltete Vermögen, Nürnberg a. d. Weinstr.",nürnberg,1
KSHA Hamm-P.,hamm,1
Ra. Dr. May Legal Aid Department Frankfurt a M. Friedrich,frankfurt,1
Kreissozialamt Harburg,harburg,1
Altenkirchen Westw.,altenkirchen,1
Kreissonderhilfsschübe Watenstedt-Salzgitter,salzgitter,1
Kreis Nordheim,nordheim,1
Kreissozialamt Landkreis Grafschaft Hoya,"grafschaft, hoya",2
Ellrich,ellrich,1
"Amt für Wiedergutmachung, Stadt Bocholt",bocholt,1
"Regierungsbezirksamt für Wiedergutmachung und verwaltete Vermögen, Nürnberg a. d. Weser",nürnberg,1
Regierung Amberg (Weltf.),amberg,1
Kreissoenderhilfsausschuss des Landkreises Grafschaft Sehauenburg,grafschaft,1
Birkenfeld,birkenfeld,1
Regierung Ansbach (m.w.P.),ansbach,1
Amt für Wiedergutmachung der Stadt Lübeck,lübeck,1
Amt für Wiedergutmachung der Stadt Lübeck in Lübeck,lübeck,1
Regierung Brügge (Mfl.),brügge,1
Regierungsamt Fürstenberg,fürstenberg,1
Regierung Ansbach (Wef.),ansbach,1
Bundes Finanzministerium Bonn,bonn,1
Wüstenstedt-Salzgitter,salzgitter,1
Kreisverwaltung Springe,springe,1
Altenkirchen Westerwald,altenkirchen,1
Regierung Ansbach (Meff.),ansbach,1
Landeszentralbank Reutlingen,reutlingen,1
Kreisonderrhilfsausschub der Stadt Waisensiedlung Salzgitter,salzgitter,1
Regierungsbezirkskammer für Wiedergutmachung und verwaltete Vermögensnachlässe Nürnberg a. D. Weißbach,"nürnberg, weißbach",2
Kreisonderhilfsausschuss Bremervörde,bremervörde,1
KSHA Würzburg,würzburg,1
KSHB Burgdorf,burgdorf,1
Nienburg - Weser,nienburg,1
Suhl,suhl,1
Kreissozialhilfsausschuss Waidensiedel-Salzgitter,salzgitter,1
Cuxhaven,cuxhaven,1
Regierung Präsident (MfH) Hagen,hagen,1
Emden,emden,1
Regierungspräsidium Fürth (Welf.),fürth,1
Regierung Bamberg (M-81),bamberg,1
Kreissozialamt Spree,spree,1
Kreissozialhilfsschulung Lingen,lingen,1
Kreissozialhilfsschul des Landkreises Burgdorf/Hann.,burgdorf,1
Kreissonderhilfsausschuss Hameln-P.,hameln,1
Kreissonderhilfsausschuss Landkreis Müden,müden,1
Stadt Dessau,dessau,1
Kreissozialhilfsausschuss Duderstadt,duderstadt,1
Kreisverwaltung Düren,düren,1
KSHA Dänneberg/Elbe,elbe,1
Regierung Brünn (Böhmen),brünn,1
Kreissozialamt Einbeck,einbeck,1
Amt für Wiedergutmachung des Landes Preußen in Lübeck,lübeck,1
Regierungsamt Rendsburg (Westf.),rendsburg,1
"Regierungsbezirksamt für Wiedergutmachung und verwaltete Vermögensnachlässe, Nürnberg a. d. Weinstr.",nürnberg,1
Kreissonderhilfesausschuss Hameln - Pyrmont,hameln,1
Kreissonderhilfsausschuss Vechta,vechta,1
Kreissozialamt Winsen/L.,winsen,1
Bayerisches Landesentschädigungsamt-Rüsselsheim,rüsselsheim,1
Kreisonderrhilfsausschuss Bersenbrück,bersenbrück,1
Kreisonderschutzbehörde Nordhorn,nordhorn,1
Rosenthal,rosenthal,1
Nienburg/Weser,nienburg,1
KSHA Dannenberg(Elbe),"dannenberg, elbe",2
Gollin/Ponnow,gollin,1
Regional Ansbach (West),ansbach,1
Regierungsbezirksamt für Wiedergutmachung Völklingen,völklingen,1
"Regierungsbezirksamt für Wiedergutmachung und verwaltete Vermögen, Nürnberg a.d. Donau",nürnberg,1
Amt für Wiedergutmachung der Kreisverwaltung Lemgo,lemgo,1
Ausgl.Amt Offenbach,offenbach,1
Der Oberkreisdirektor -Amt für Wiedergutmachung- in Paderborn,paderborn,1
Amt für Wiedergutmachung Dinslaken,dinslaken,1
Schöffengericht Eschwege,eschwege,1
Kreissozialhilfeausschuss Bersenbrück,bersenbrück,1
Kreissonderhilfsausschub Northeim,northeim,1
Kreisverwaltung -Amt f. Wiedergutmachung- Höxter/Weser,höxter,1
Regierung Bamberg (Mf.),bamberg,1
Regierung Ansbach (Drf.),ansbach,1
Regierungsamt Arnsherg (Meißen),meißen,1
Regierungsbezirk Königsberg,königsberg,1
Kreissonderhilfsausschuss Nordhausen,nordhausen,1
KSH Nordheim,nordheim,1
KSHA Nürnberg,nürnberg,1
Kreisaußerhelfsausschuss Fallingbostel,fallingbostel,1
Kreisverwaltung Watenstedt-Salzgitter,salzgitter,1
Kreissonderhilfesausschuss des Landkreises Burgdorf/Hann.,burgdorf,1
Kreissozialamt Harburg Land,harburg,1
Regierung Arnsherg (Wehr.),wehr,1
Waisenstädter-Salzgitter,salzgitter,1
Kreissozialhilfeausschuss Winsen/Luhe,winsen,1
Stadt Schleswig,schleswig,1
"Regierungsbezirk für Wiedergutmachung und verwaltete Vermögen, Nürnberg a.d. Weinstr.",nürnberg,1
Kreissonderhilfsschübe Nordhausen,nordhausen,1
Regierungsbezirksamt für Wiedergutmachung und verwaltete Vermögen Neudorf a. d. Weinstr.,neudorf,1
KSH Hamm,hamm,1
Regierungsbezirk Nürnberg für Wiedergutmachung und verwaltete Vermögen Nürnberg a. d. Weinstrasse,nürnberg,1
"Regierungsbezirksamt für Wiedergutmachung und kontrollierte Vermögen, Altenkirchen, Westerw.",altenkirchen,1
KSHA Hammover-Sand,sand,1
"United Restitution Office, Frankfurt/M, Grünburgweg 119",frankfurt,1
Kreissoenderhilfsausschuss des Landkreises Gera-Schweinfurt,"gera, schweinfurt",2
Kreissozialhilfsausschuss Nienburg,nienburg,1
Kreissonderhilfsausschuss Stadt Hameln,hameln,1
Bay. Präs. Würzburg,würzburg,1
Kreissozialamt Landkreis Grafschaft Gotha,"gotha, grafschaft",2
Kreissonderhilfsausschuss Landkreis Grafschaft Hoya,"grafschaft, hoya",2
"Entschädigungsbehörde für Wiedergutmachung und verwaltete Vermögen, Nürnberg",nürnberg,1
Kreissozialhilfeauschuss Bremervörde,bremervörde,1
KSHA Harburg,harburg,1
Magdeborn/Leipzig(sowj.Z.),leipzig,1
Winsen-L.,winsen,1
Karlshorst,karlshorst,1
Kreisaußerhelfsausschuss Bremervörde,bremervörde,1
Kreissozialhilfesausschuss Landkreis Osterholz,osterholz,1
Der Regierungspräsident Fulda,fulda,1
Kreisverwaltung -Amt für Wiedergutmachung- Höxter /Weser,höxter,1
Regional Office Nürnberg,nürnberg,1
KSHA Hamm-80,hamm,1
Der Oberkreisdirektor - Amt für Wiedergutmachung in Herford,herford,1
"Wuppertal-Barmen, Wuppertal-Elberfeld, Tannenbergstr. 12",wuppertal,1
Regierung Dresden (Welf.),dresden,1
Kreissozialamt Lingen,lingen,1
Görlitz,görlitz,1
Wilhelmshaven,wilhelmshaven,1
Kreissozialhilfsausschub Winsen/L.,winsen,1
Regierungsbezirksamt für Wiedergutmachung und verwaltete Vermögen Meißner,meißner,1
Kreissonderhilfsausschuss Blankenburg (Brit. Zone),blankenburg,1
"United Restitution Office, Frankfurt/M",frankfurt,1
Kreis Linz,linz,1
Sannenbergestr. 12 Wuppertal-Barmen,wuppertal,1
Kreissonderhilfsschüf Einbeck,einbeck,1
Amt für Wiedergutmachung - Kreisverwaltung Paderborn,paderborn,1
Regierungsbezirk Würzburg für Wiedergutmachung und verwaltete Vermögen M inz,würzburg,1
Regierung Ansbach (10 Off.),ansbach,1
Bremke umsteigend,bremke,1
Regierungsamt Arnaberg (Meißen),meißen,1
Kreisverwaltung -Amt für Wiedergutmachung - Höxter/Weser,höxter,1
Regierungsbezirk Neuss für Wiedergutmachung und verwaltete Vermögen Neuss a.d. Weinstr.,neuss,1
Hauptzuständige Stelle für Wiedergutmachung,stelle,1
Bezirksamt von Hohenlohe 89369,hohenlohe,1
Schwerin,schwerin,1
"Regierungsbezirksamt für Wiedergutmachung und verwaltete Vermögen, Nürnberg a.d. Weinstraße",nürnberg,1
Regierung Armeekorps (Wehr.),wehr,1
Kreis Heilbronn,heilbronn,1
Regierungsbezirk für Wiedergutmachung und verwaltete Vermögen Neuss a. d. Weinstrasse,neuss,1
"Landesbezirksstelle für die Wiedergutmachung, Schweinfurt",schweinfurt,1
Regierungsbezirk Ansbach,ansbach,1
An der Altenburg,altenburg,1
Hauptzuständige Stelle für Wiedergutmachung und verwaltete Vermögen Koblens,stelle,1
Braubach,braubach,1
Flörsheim,flörsheim,1
"Rhein. Landesverwaltungsamt, Abt. IV, Heidelberg",heidelberg,1
Regierung Ansbach (m.Off.),ansbach,1
Regierung Frankfurt (Oelzt.),frankfurt,1
Tröbitz,tröbitz,1
Regierungsbezirksamt für Wiedergutmachung und Verfolgtenhilfe Meiningen,meiningen,1
KSHA in Freising,freising,1
Regionalverwaltungsamt für Wiedergutmachung und verwaltete Vermögenswiederbeschaffung Neusäß c. d. Weinstrasse,neusäß,1
Braunlage,braunlage,1
Bezirksamt von Homburg 61252,homburg,1
Doppelmeldung Bund. Fin. Min. Bonn,bonn,1
Landesbezirksstelle Würzburg,würzburg,1
Regierung Frankfurt (Weff.),frankfurt,1
"Regierungsbezirksamt für Wiedergutmachung und verwaltete Vermögen, Nürnberg a. d. Weinstrasse",nürnberg,1
Nordhausen-Westfalen,nordhausen,1
Reg.-Präsident / Bistumsexekutive Merseburg,merseburg,1
"Regierungsbezirksamt für Wiedergutmachung und verwalteter Vermögen, Neuried a.d. Weinstr.",neuried,1
Emmendingen,emmendingen,1
LV4 Dortmund,dortmund,1
Bundes Finanz Min. Bonn,bonn,1
"Amt für Wiedergutmachung, Essen",essen,1
"United Restitution Office, Frankfurt/M. Gruneburgweg 119",frankfurt,1
Regierung Ansbach (Württemberg),ansbach,1
"United Restitution Office, Frankfurt/Main, Grunenburgweg 119",frankfurt,1
Anmerkung Amtsberg (Wff),amtsberg,1
Bundesamt Magdeburg,magdeburg,1
Regierung Ansbach (Weißf.),ansbach,1
Regierungsbezirk Arnabera (Wehr.),wehr,1
Erlangen,erlangen,1
Regierung Amberg (Welf.),amberg,1
Regierungspräsidium Fürth (Würt.),fürth,1
Regierung Ansbach (Oberf.),ansbach,1
Regierung Frankfurt (M.),frankfurt,1
Regierungsbezirksamt für Wiedergutmachung und verwaltete Vermögen Meiningen,meiningen,1
"United Restit. Office, Frankfurt",frankfurt,1
Aeglerung Amberg (Welf.),amberg,1
Amt für Wiedergutmachung Bonn Stadt,bonn,1
Regierung Hirschberg,hirschberg,1
"Wiedergutmachung für Verwaltete Vermögen, Nürnberg a.d. Weinstr.",nürnberg,1
Kreissozialhilfsausschuss der Stadt Watenstedt-Salzgitter,salzgitter,1
KSHA Zell,zell,1
Kreissonderhilfsausschuss Landkreis Grafschaft Lippe Syke,"grafschaft, syke",2
Kreis-Sonderhilfsausschuß Papenburg/Ems,papenburg,1
Regierungsbezirk Meiningen,meiningen,1
Regierung Fürstenberg (Westf.),fürstenberg,1
Kreissozialamt d. Landkreises Plauen (Brit. Zone),plauen,1
Kreislandesamt Burgdorf/Hann.,burgdorf,1
KSHA Bonn,bonn,1
Kreissozialamt d. Landkreises Blankenburg (Brit. Zone),blankenburg,1
Regierungspräsidium Pfullingen (Württ.),pfullingen,1
Kreisondesonderhilfsausschuss Stadt Hameln,hameln,1
Kreisonderhilfsausschuss Northeim,northeim,1
NORDEN,norden,1
Kreissonderhilfsausschuss Dippoldiswalde,dippoldiswalde,1
"United Restitution Office, Frankfurt/M., Gräfstrasse 119",frankfurt,1
Kreissozialamt Landkreis Uelzen,uelzen,1
Kreissonderhilfsausschuss d. Landkreises Blankenburg (Brit. Zone),blankenburg,1
Kreisverwaltung Höxter - Amt für Wiedergutmachung - Höxter/Weser,höxter,1
Regierung Ansbach (Weiß.),ansbach,1
Regierung Ansbach (Wehrm.),ansbach,1
Regionalverwaltungsbezirk für Wiedergutmachung und Volksentschädigung Nürnberg,nürnberg,1
Neuer Landgerichtsvollzugsamt für Wiedergutmachung und verwaltete Vermögen Neuss a. d. W.,neuss,1
Regierungsamt Ansbach (Meßst.),ansbach,1
Stadt Hamm (Westf.),hamm,1
Regierung Dresden (Württ.),dresden,1
Regierung Ansbach (Meßf.),ansbach,1
KSHA Augsburg,augsburg,1
Regierung Paderborn (Westf.),paderborn,1
"Regierungspräsidion, Amberg",amberg,1
Vergang übernommen von Nürnberg 484779 am 77.5.67,nürnberg,1
Regierungspräsidium (Weimar),weimar,1
Heilbronn Arnobeva (Welt.),"heilbronn, welt",2
Amt für Wiedergutmachung Regierung Ansbach (Würt.),ansbach,1
Regierung Penzberg (Weltf.),penzberg,1
Regierung Freiberg (Staatsarchiv),freiberg,1
Kreissozialhilfeauschuss Landkreis Osterholz,osterholz,1
Der Oberkreisdirektor - Amt für Wiedergutmachung - in Herford,herford,1
Acyierung Frankfurt (Westf.),frankfurt,1
LG Bochum,bochum,1
Regierung Prenzlau (W.R.),prenzlau,1
LG Würzburg,würzburg,1
Kroio Linden,linden,1
"United Restitution Office, Frankfurt/M, Grünwaldweg 119",frankfurt,1
Chemnitz,chemnitz,1
Regierungsbezirks-Amt für Wiedergutmachung und kontrollierte Vermögen Pirmasens,pirmasens,1
Kreissonderhilfsschübe Lingen,lingen,1
Kreissozialamt Nienburg - Weser,nienburg,1
Regierung Pommern (Meß.),pommern,1
OED Frankfurt,"frankfurt, oed",2
Kreissozialhilfeausschuss des Landkreises Burgdorf/Hann.,burgdorf,1
abgegeben an Stadt Duisburg,duisburg,1
"Regierungsbezirk für Wiedergutmachung und verwaltete Vermögen, Nürnberg a. d. Weinstr.",nürnberg,1
Regierungsamt Königsberg (Dr.),königsberg,1
Finanzamt Fürstenfeldbruck,fürstenfeldbruck,1
Der Oberkreisdirektor -Amt für Wiedergutmachung- Lübeck,lübeck,1
"Regierungsbezirksamt für Wiedergutmachung und verwaltete Vermögen, Nürnberg a.d. Wernstr.",nürnberg,1
Northeim - Wesel,"northeim, wesel",2
Der Oberkreisdirektor AFW in Herford,herford,1
Regierungsbezirk Nürnberg für Wiedergutmachung und verwaltete Vermögenswerte,nürnberg,1
Regierung Fürth (Welf.),fürth,1
Hauptzuständige Stelle für Wiedergutmachung und Verwaltung der Kostenerstattung,stelle,1
Stadt Duisburg,duisburg,1
Vers.Amt Radolfzell,radolfzell,1
Regierungsbezirksamt für Wiedergutmachung und verwaltete Vermögenswerte Nürnberg,nürnberg,1
Regierung Herne (Welf.),herne,1
Bayrisches Reich,reich,1
Kreissozialamt Blankenburg (Brit. Zone) Braunslage,blankenburg,1
Kreisonderhilfsausschuss des Landkreises Blankenburg (Brit. Zone) Braunlage,"blankenburg, braunlage",2
Aesiermann Amon (Wehr.),wehr,1
Regierung Ansbach (MII.),ansbach,1
Kreissozialhilfsausschuss des Landkreises Griesbach-Schmiedeberg,schmiedeberg,1
Korbetha/Merseburg (Sa.),"korbetha, merseburg",2
Regierung Freiberg,freiberg,1
Regierung Rüsselsheim (Wf.),rüsselsheim,1
Kreisssonderhilfsausschuss Gifhorn,gifhorn,1
"Regierungsbezirksamt für Wiedergutmachung und verwaltete Vermögensnachlässe, Nürnberg a.d. Weinstr.",nürnberg,1
Regierungsbezirk Neubrandenburg,neubrandenburg,1
Entschädigungsbehörde für Wiedergutmachung und verwaltete Vermögen Neusidler a. d. Weinsberg,weinsberg,1
Regierung Pommern (M.VI.A.),pommern,1
"Amt für Wiedergutmachung, Höxter",höxter,1
Regierungsbezirk Nürnberg für Wiedergutmachung und verwaltete Vermögen Nürnberg a. d. Wiesstr.,nürnberg,1
Kreissonderhilfsausschuss Lingen,lingen,1
Wuttenstäd-Salzgitter,salzgitter,1
Kreissozialhilfsausschuf Northeim,northeim,1
KSH Alfeld,alfeld,1
Landkreis Lemgo,lemgo,1
Regionalverwaltungsbehörde für Wiedergutmachung und verwaltete Vermögen Nürnberg,nürnberg,1
Regierungspräsidium Fürth (Württ.),fürth,1
Regierungspräsidium Fürth (Bay.),fürth,1
Reg.-Präsident / Präsident des Verw.-Bezirks Gießen,gießen,1
Kreissonderhlfasschub Emden,emden,1
"United Restitution Office Frankfurt/Main, Grüneburgweg 119",frankfurt,1
Regierungsamt Ansbach (MfS),ansbach,1
Köthen,köthen,1
Kreisondeserhlfssauschuss Duderstadt,duderstadt,1
Königsmark,königsmark,1
28/8/56 Krefeld,krefeld,1
Hamm/Westf.,hamm,1
Regierungsbezirk Homburg (Württ.),homburg,1
Landkreis Grafschaft Bentheim,grafschaft,1
Kreissozialamt Landkreis Grafschaft Bentheim,grafschaft,1
Kreissozialhilfsausschuss Hameln-Pyrmont,hameln,1
Regierung Bamberg (M 187.),bamberg,1
Regierung Remshalden,remshalden,1
Regierungsbezirk Rheinsberg,rheinsberg,1
Landsmannschaft der im Deutschen Reich verfolgten Juden,reich,1
Bayer. Zent. Stelle,stelle,1
Kreissonderhilfsschüle Nordheim,nordheim,1
Regierungsamt Ansbach (Meß.),ansbach,1
Kreissozialamt - Heilbronn,heilbronn,1
"Der Regierungspräfident, Düren",düren,1
Kreisssonderhilfsausschuss Hameln-Pyrmont,hameln,1
KSHA Osterholz,osterholz,1
Kreissozialhilfsausschuss Landkreis Alfeld,alfeld,1
Kreissonderhilfsschüfe Nordheim,nordheim,1
Aumühle h 1. Ostfriesland,aumühle,1
"Altenkirchen, Westerwald",altenkirchen,1
"Der Regierungspräsidialt, Düren",düren,1
"United Restitution office, Frankfurt/M., Grünburgweg 119",frankfurt,1
Landkreis Höxter - Amt f. Wiedergutmachung - Höxter/Weser,höxter,1
Roggenburg,roggenburg,1
Kreissozialamt Bamberg,bamberg,1
Regierungsbezirksamt für Wiedergutmachung und verwaltete Vermögen Neusadt a.d. Weinsberg,weinsberg,1
"United Restitution Organization, Frankfurt/M., Grünburgweg",frankfurt,1
Regierungsbezirksamt für Wiedergutmachung und verwaltete Vermögen Neusäß a. d. Würm,neusäß,1
"Regierungsbezirksamt für Wiedergutmachung und verwaltete Vermögen, Neussalden und Weinsberg",weinsberg,1
Kreissozialamt Worms,worms,1
Regierung Ansbach (Meßst.),ansbach,1
KSHA Wesermarsch Kr. Nordenham,nordenham,1
Regierungsamt Ansbach (Weff.),ansbach,1
Stadt Chemnitz,chemnitz,1
Kreis Nordhausen,nordhausen,1
Kreissonderhilfsschule Winsen/Luhe,winsen,1
Regierungsbezirksamt für Wiedergutmachung und Vermögensverwaltung Nürnberg o.d. Weimar,"nürnberg, weimar",2
Wiedergutmachungsamt - Landkreis Höxter - Höxter/Weser,höxter,1
Rechtsanwaltskanzlei Landeck & Mühlen,landeck,1
Kreissozialhilfsausschuss Harburg,harburg,1
Kreissozialamt Winsen-L.,winsen,1
Kreissozialhilfsausschuss Wolfsburg,wolfsburg,1
Kreis Limburg,limburg,1
Regierungsbezirk Nürnberg für Wiedergutmachung und verwaltete Vermögensangelegenheiten,nürnberg,1
Kreissonderhilfesausschuss Wittmund,wittmund,1
United Restitution Office Frankfurt/Main,frankfurt,1
R.A. Kerpen - Cremet,kerpen,1
Ausw. Amt Bonn,bonn,1
Kreisonderhlfasschuss Nordhorn,nordhorn,1
Bezirksamt Würzburg,würzburg,1
Kreissozialhilfsausschuss des Landkreises Grätz Schleswig,schleswig,1
Kreissozialhilfsausschuss Landkreis Grafschaft Lippe,grafschaft,1
Regierung Ansbach (R.VI/1),ansbach,1
Reparierungsamt Ankershagen (Meißen),"ankershagen, meißen",2
Regierung Amberg (MfV),amberg,1
Kreissozialamt Jever,jever,1
Kreissozialhilfsausschuss d.Landkreises Blankenburg (Brit. Zone) Braunlage,"blankenburg, braunlage",2
Kreissonderhilfsausschuss Hameln,hameln,1
Kreisssonderhilfsausschuss Northeim,northeim,1
Amt für Wiedergutmachung des Landes Thüringen/Frankfurt am Main,frankfurt,1
Wiedergutmachungsamt - Landkreis Büren,büren,1
Wiedergutmachungssamt - Landkreis Büren,büren,1
"United Restitution Organization, Frankfurt/M., Gruneburgweg 119",frankfurt,1
KSHÄ Winsen/L.,winsen,1
Bayrisches Rosenheim Landesentschädigungsamt,rosenheim,1
KSHA Nordheim,nordheim,1
Kreissozialhilfsausschuss Augsburg,augsburg,1
Kreisonderhilfsausschuss Burgdorf,burgdorf,1
Reg. Präs. Möllendorf,möllendorf,1
Kreissonderhilfsschübe Watensstedt-Salzgitter,salzgitter,1
Regierungsbezirk Würzburg für Wiedergutmachung und verwaltete Vermögen,würzburg,1
Sprung,sprung,1
"URO, 6 Frankfurt/Main, Gruneburgweg 119",frankfurt,1
Kreissozialhilfssauschuss des Landkreises Burgdorf/Hann.,burgdorf,1
Anerkennung Amtsberg (Welt.),"amtsberg, welt",2
Kreissonderhilfsausschub Uelzen,uelzen,1
Kreissozialhilfsausschuss Westerstede,westerstede,1
Kreissozialhilfeauschuss Burgdorf,burgdorf,1
Regierung Ansbach (Wff),ansbach,1
Neu-Siedl ad.d. Weinsberg,weinsberg,1
"Regionalverwaltungsbehörde für Wiedergutmachung und verwaltliche Vermögensangelegenheiten, Nürnberg a. d. Weinstr.",nürnberg,1
Höxter/Weser,höxter,1
Kreissonderhilfsschübe Springe,springe,1
Amt. Präs. Würzburg,würzburg,1
Bayerische Landesentschädigungs- und Staats-schuldenverwaltungen,staats,1
Regierungsbezirksamt für Wiedergutmachung und verwaltete Vermögen Mannheim,mannheim,1
Kreissozialamt Würzburg,würzburg,1
Regierung Ansbach (WeEF.),ansbach,1
Uni Marburg,marburg,1
AfW Mettmann,mettmann,1
Kreisondeserhifsausschuss Burgdorf,burgdorf,1
Kreisondeserhifsausschuss Wittmund,wittmund,1
Stadt Dortmund,dortmund,1
Ansbach (Württ.),ansbach,1
Kreissozialamt des Landkreises Blankenburg (Br.),blankenburg,1
Kreissozialhilfsausschuss Landkreis Oschersleben,oschersleben,1
Reisverwaltung - Amt für Wiedergutmachung - Höxter/Weser,höxter,1
Kreissozialhilfesausschuss Nienburg-Weser,nienburg,1
"United Restitution Office, Frankfurt/M. Grüneburgweg 119",frankfurt,1
Regierung Pommern (MPL),pommern,1
Landkreis Oberschleißheim,oberschleißheim,1
BZA Zellendorf,zellendorf,1
Regierungsbezirksamt für Wiedergutmachung und verwaltete Vermögen Neubrandenburg,neubrandenburg,1
Regierung Aensberg (Weil.),weil,1
Kreissozialhilfeauschuss Wilhelmshaven,wilhelmshaven,1
Bonn-Stadt,bonn,1
"United Restitution Office, Frankfurt/M. m Grünburgweg 119",frankfurt,1
Kreisondeserhlfasschuf Wittmund,wittmund,1
"Regierungsbezirksamt für Wiedergutmachung und Verfolgtenhilfe, Hausdorfer Straße, D. Weinsberg",weinsberg,1
Amtierungs Amtsberg (Wf.),amtsberg,1
"United Restitution Office, Frankfurt / Main, Grüneburgweg 119",frankfurt,1
"Chemnitz, Zschobauerstr. 68",chemnitz,1
Kreissozialhilfesausschub des Landkreises Burgdorf/Hann.,burgdorf,1
Regierung Pirmasens (Westf.),pirmasens,1
Kreissozialhilfsschule Nordheim,nordheim,1
Kreissozialhilfsausschuss Watsenstein-Salzgitter,salzgitter,1
"Neckarsulmer, Sophie Dukas geb. Lichtenberg",lichtenberg,1
Kreissonderhilfsausschuss Hamm über Fakten,hamm,1
"Regierungsbezirksamt für Wiedergutmachung und verwaltete Vermögen, Nürnberg, d. Weinstr.",nürnberg,1
KSHA Braunlage,braunlage,1
Amt für Wiedergutmachung für den Stadt- und Landkreis Recklinghausen,recklinghausen,1
Kreissozialamt Grafenau,grafenau,1
Amt für Wiedergutmachung in Höxter,höxter,1
KSHB Bremervörde,bremervörde,1
Landkreis Graffchaft Hoya,hoya,1
Amtsvormundschaft Erkelenz,erkelenz,1
RA URO Frankfurt/Main,frankfurt,1
Regierung Ansbach (MfP),ansbach,1
Kreisausschuss - Kreisjugendamt - Eschwege,eschwege,1
BHF Bonn,bonn,1
Regierung Ansbach (100 e.V.),ansbach,1
"Regierungsbezirk Würzburg, für Wiedergutmachung und verwaltete Vermögen",würzburg,1
Kreisverwaltung - Amt für Wiedergutmachung Höxter/Weser,höxter,1
Kreisaußerhelfsausschuss Burgdorf,burgdorf,1
Kreisondeserhifsausschuss Watenstedt-Salzgitter,salzgitter,1
Kreissonderhilfsschüfe Wittmund,wittmund,1
Regierungsbezirksamt Würzburg,würzburg,1
Regierungsbezirksamt für Wiedergutmachung und verwaltete Vermögensbläuste d. Weinsberg,weinsberg,1
Rey. Prof. Wunnicke,rey,1
Regierungsbezirksamt für Wiedergutmachung und verwaltete Vermögens Neusiedel a.d. Wernigerode,wernigerode,1
Kreissonderhilfsschule Cloppenburg,cloppenburg,1
Schutz Landesentschädigungsamt,schutz,1
"Sebaldus Verlag GmbH, Nürnberg, Luitpoldstr. 5",nürnberg,1
Kreissonderhilfsausschuss Salzgitter,salzgitter,1
Kraatz,kraatz,1
Kreisonderrhilfsausschuss Wilhelmshaven,wilhelmshaven,1
KSHa Winsen/Luhe,winsen,1
Kreissonderhilfsausschuss der Stadt Waidensiedel-Salzgitter,salzgitter,1
"Gill b. Rommerskirchen, Gilllerhöfe",rommerskirchen,1
Kreisonderrhilfsausschuss Cloppenburg,cloppenburg,1
Kreissonderhilfsschüfe Stadt Hameln,hameln,1
Kreissozialhilfsschübe Wilhelmshaven,wilhelmshaven,1
Landkreis Geraffthoft Hoya,hoya,1
An Bundeskartei in Halle/Saale,halle,1
Kreissozialhilfsausschub des Landkreises Burgdorf/Hann.,burgdorf,1
Regierungsbezirksamt für Wiedergutmachung und verwaltete Vermögen und Koblentz,koblentz,1
Stadtgemeinde Augsburg,augsburg,1
Kreissozialhilfeauschuss Landkreis Grafschaft Goya,grafschaft,1
Regierung Penzberg (Mf.),penzberg,1
Regierung Ansbach (m.Eff.),ansbach,1
KSH Nordhorn,nordhorn,1
Kreissozialhilfsausschuss Pirmasens,pirmasens,1
Kreissonderhilfsausschuss Winsen-Luhe,winsen,1
Kreissonderhilfsschübe Salzgitter,salzgitter,1
"BZA, Zeulenroda",zeulenroda,1
"Regierungsbezirk Würzburg, für Wiedergutmachung verwaltete Vermögen",würzburg,1
Kreisaußerhilfsausschuss Gifhorn,gifhorn,1
Amt für Wiedergutmachung Bochum,bochum,1
KSHA Wissen/Lüne,wissen,1
Augsburg (Mf.),augsburg,1
Augsburg/Ostfranken,augsburg,1
Kreissozialhilfsausschuss Hamm,hamm,1
Oberstadtdirektorat - Amt für Wiedergutmachung - Recklinghausen,recklinghausen,1
"Regierungsbezirksamti für Wiedergutmachung und verwaltete Vermögen, Nürnberg a. d. Weinstr.",nürnberg,1
"Der Regierungspräsidet, Düren",düren,1
KSHa Hameln-Pyrmont,hameln,1
Kreissonderhilfsausschübe Winsen/Luhe,winsen,1
"Amt für Wiedergutmachung, Halle (Westf.)",halle,1
"United Restitution Office, Frankfurt/Main, Grüneburgerweg 119",frankfurt,1
vertret.d. Legal Aid Department 'Irso' Frankfurt/Main,frankfurt,1
Nienburg ~ Weser,nienburg,1
Kreisonderschutzbehörde Melle,melle,1
Regierung Prenzlau (Weltf.),prenzlau,1
Regierung Brüssel (Wied.),wied,1
Regierungsbezirk Rendsburg (Württ.),rendsburg,1
Kreisonderrhfsausschub Emden,emden,1
Kreissonderhilfsschüle Emden,emden,1
Kreissohnderhilfsausschuss d. Landkreises Blankenburg (Brit. Zone) Braunlage,"blankenburg, braunlage",2
Kreisondeserhillsausschuss der Stadt Schweinfurt,schweinfurt,1
Kreissonderhilfsausschub Melle,melle,1
Kreissonderhilfsausschuss Syke,syke,1
Kreissonderhilfesauschuss Winsen/L.,winsen,1
Kreissozialamt Buxtehude,buxtehude,1
Regierung Ansbach (Meßl.),ansbach,1
Kreissozialhilfsschuldes Landkreises Burgdorf/Hann.,burgdorf,1
Ankunft Bunde,bunde,1
Amt für Wiedergutmachung Dortmund,dortmund,1
Landkreis Höxter -Amt für Wiedergutmachung- Höxter/Weser,höxter,1
Kreissozialamt Grafschaft Goya,grafschaft,1
Kreissonderhilfsausschuss der Stadt Waiblingen,waiblingen,1
"Landesamt für die Wiedergutmachung, Abg. a. Landratsamt Hechingen -Kreisverband-",hechingen,1
"United Restitution Office, Frankfurt am Main, Gruneburgweg 119",frankfurt,1
Kreissozialhilfsausschuss Nürnberg-Süd,nürnberg,1
Stadt Essen - Amt für Wiedergutmachung,essen,1
Amt für Wiedergutmachung Regierung Ansbach (Weff.),ansbach,1
Entschädigungsbehörde Regierungsbezirksamt für Wiedergutmachung und verwaltete Vermögen Nürnberg a.d. Weinstr.,nürnberg,1
KSHa Dannenberg(Elbe),"dannenberg, elbe",2
Kroio Lindau,lindau,1
Regierungsbezirksamt für Wiedergutmachung und versäumte Vermögensentschädigung Neusäß q.d. Weimar,"neusäß, weimar",2
Kreissonderhilfsausschuss Nordheim,nordheim,1
Kreis Sonthofen,sonthofen,1
Regierung Frankfurt (Deft.),frankfurt,1
Regierung Ansbach (WFF),ansbach,1
Kreissozialamt Göppingen,göppingen,1
Kreissonderhilfssausschuss der Stadt Wagenstedt Salzgitter,salzgitter,1
Kreisonderhilfsausschuss Hamm,hamm,1
STADT BONN,bonn,1
Regierung Fürstenberg (Meff.),fürstenberg,1
Kreissonderhilfsausschuss Brühl,brühl,1
Kreissozialamt Schleswig,schleswig,1
Wiedergutmachungamt der Stadt Wuppertal,wuppertal,1
Amt f. Wiedergutm.d.Stadt Essen,essen,1
KSHA Dippoldiswalde,dippoldiswalde,1
Regierungsbezirk für Wiedergutmachung und vollständige Vermögensentschädigung Neusäß d. W.,neusäß,1
Regierung Ansbach (WfJ),ansbach,1
Regierungsbezirk Altenkirchen Westerw.,altenkirchen,1
Kreissonderhlfasschuf Alfeld/Leine,alfeld,1
KSHA Menden,menden,1
Kreissozialhilfsausschuss Landkreis Grafschaft Lippe Syke,"grafschaft, syke",2
"Ganderkesheim I, 'Wolfshagen' geändert",wolfshagen,1
Regierungsbezirk Königsberg für Wiedergutmachung und verwaltete Vermögen,königsberg,1
Regierung Ansbach (Möff.),ansbach,1
Reg.-Präsident / Präsidentenmodeverw.Bezirksamt Offenbach/Main,offenbach,1
Zentrale Stelle der Landesjustizverwaltungen für die Wiedergutmachung,stelle,1
Wiedergutmachungsausschuss Duisburg,duisburg,1
Kreissozialhilfeausschuss Winsen-Luhe,winsen,1
Kreissozialamt Hoyerswerda,hoyerswerda,1
Kreissonderhilfsschule Uelzen,uelzen,1
Kreissozialhilfsausschuss Rottenburg/Hann.,rottenburg,1
"United Restitution Office, Frankfurt/M, Grünwaldstraße 119",frankfurt,1
Baumgarten,baumgarten,1
Kreissozialhilfsschutzausschuss des Landkreises Burgdorf/Hann.,burgdorf,1
"Regierung Frankfurt (35,81)",frankfurt,1
Regierungsbezirks-Amt für Wiedergutmachung und Kontrollvermögen Bad Kreuznach,bad kreuznach,1
Bay. Prof. Bonn,bonn,1
Kreissozialhilfsausschub Uelzen,uelzen,1
Kreissonderhilfesauschuss Springe,springe,1
Kreissozialhilfsausschübe Nordheim,nordheim,1
Kreissozialamt Straubing,straubing,1
Ebersbach/Baden Kr. Heidelberg,"ebersbach, heidelberg",2
Amt für Wiedergutmachung des Landes Sachsen-Anhalt in Leipzig,"leipzig, sachsen",2
KSHA Nienburg ~ Weser,nienburg,1
"Neue Karte für die Erbin, da der bish. Ast. zwischen verstorben ist.",ast,1
Kreissozialamt Fürstenfeldbruck,fürstenfeldbruck,1
Kreissozialhilfsschule Zell erfeld,zell,1
Kreisonderrhilfsausschuss Burgdorf,burgdorf,1
Kreissozialamt Hameln-Pyrm,hameln,1
Kreissonderbehelfausschuss Landkreis Grafschaft Goya,grafschaft,1
Landkreis Großherzogtum Gotha,gotha,1
Wattonstäd-Salzgitter,salzgitter,1
Der Regierungspräsidient. Düren,düren,1
Entschädigungsbehörde:gl. Bezirksamt für Wiedergutmachung und verwaltete Vermögen Nürnberg a.d. Weinstr.,nürnberg,1
Kreissonderhilfsausschuss Wolfsburg,wolfsburg,1
"United Restitution Office, Frankfurt/Main, Bruneburgweg 119",frankfurt,1
Kreissonderhilfesausschuss Gifhorn,gifhorn,1
Regierung Frankfurt (W),frankfurt,1
Regierungspräsidium Ansbach (Würzburg),"ansbach, würzburg",2
RaI von Schütz 20.3.03,schütz,1
"Landrat des Landkreises Marburg/Lahn, Kreisjugendamt-Amtsvormundschaft","lahn, marburg",2
Regierungsbezirk Arnobera (Wehr.),wehr,1
Wettenstedt-Salzgitter,salzgitter,1
Regierung Flensburg,flensburg,1
Amtsgericht Hagen,hagen,1
Limburg/Lahn,"lahn, limburg",2
URO Frankfurt,frankfurt,1
Regierung Prenzlau (Welf.),prenzlau,1
Regierungsbezirksamt für Wiedergutmachung und verwaltete Vermögensgegenstände a. d. Weinstadt,weinstadt,1
Regierung Pommern (Meßst.),pommern,1
LJV Ludwigslust,ludwigslust,1
Regierung Brünn (Meßl.),brünn,1
"Neue Karten für die Erben, da Ast. zwischen verstorben.",ast,1
Regierung Fürstenberg (Meckl.),fürstenberg,1
Regionalverwaltungsgericht Frankfurt am Main,frankfurt,1
Kreissonderhilfesausschuss Northeim,northeim,1
Gutach,gutach,1
Regierung Prenzlau (Westf.),prenzlau,1
Regierungsbezirk Nürnberg für Wiedergutmachung und verwaltete Vermögen Nürnberg a. d. Weser,nürnberg,1
"United Restitution Office, Frankfurt/Main, Brüningweg 119",frankfurt,1
Oberfinanzdirektion: Erlangen,erlangen,1
Kreissozialhilfsschuss der Stadt Salzburg,salzburg,1
DP-Gablingen IRO Area Team 5,gablingen,1
Amt für Wiedergutmachung des Landes Thüringen in Bonn,bonn,1
Der Regierungspräsident in Dortmund,dortmund,1
Krefeld-Linn,krefeld,1
Kreissozialhilfsausschuss Salzgitter,salzgitter,1
Amt für Wiedergutmachung Recklinghausen,recklinghausen,1
Landkreis Uelzen,uelzen,1
Regierung Ansbach (Mr.M.),ansbach,1
Amt für Wiedergutmachung der Stadt Wuppertal,wuppertal,1
Regierung Ansbach (Maff.),ansbach,1
Regierungsbezirk Neusadte a.d. Wieser,wieser,1
Amt für Wiedergutmachung beim Landkreis Paderborn,paderborn,1
Stadt Gelsenkirchen,gelsenkirchen,1
"Hammer, BHF-Born","born, hammer",2
Amt für Wiedergutmachung - in Hagen /Westf.,hagen,1
Regierung Ansbach (MfVl.),ansbach,1
Entschädigungsbehörde 28 in Jüchen,jüchen,1
Bayerische Landesentschädigungs- und Staats Schuldenverwaltung,staats,1
Amt für Wiedergutmachung der Stadtverwaltung Solingen,solingen,1
Regierung Frankfurt (m.),frankfurt,1
Oberfinanzdirektion: 18055 Rostock,rostock,1
Kreissozialhilfesausschuss Wilhelmshaven,wilhelmshaven,1
Regierungsbezirk Kärnten für Wiedergutmachung und verwaltete Vermögen Koblentz,koblentz,1
Regierung Potsdam (Deff.),potsdam,1
Regierung Frankfurt am Main,frankfurt,1
Der Regierungspräsident - Dez.f. Wiedergutmachung - Dortmund,dortmund,1
41A Lübeck,lübeck,1
Ansbach (Wff.),ansbach,1
Regierungsbezirksamt für Wiedergutmachung und verwaltete Vermögen Nürnberg und Würzburg,"nürnberg, würzburg",2
"Regierungsbezirksoffice für Wiedergutmachung und verwaltete Vermögen, Nürnberg a. d. Weinstraße",nürnberg,1
Kreissozialhilfsausschuss Hamm Oder,hamm,1
An Buendisch-Leipzig,leipzig,1
Regierung Bamberg (Deutschland),bamberg,1
Regierung Pommern (Welt.),"pommern, welt",2
Regierungsbezirksamt für Wiedergutmachung und verwaltete Vermögenshauptstadt a.D. Weimar,weimar,1
"Krefeld, Luisenstr.157",krefeld,1
Regierung Pforzheim (MfSt.),pforzheim,1
"Regierungsbezirk für Wiedergutmachung und verwaltete Vermögen, Traun",traun,1
Regierungsbezirksamt Mittelbach,mittelbach,1
Landesbezirksstelle Mannheim,mannheim,1
Regierungsbezirksamt für Wiedergutmachung und Vermögensverwaltung Nürnberg a. d. Welsstr.,nürnberg,1
Stadt Lünen,lünen,1
An die EB Witten/Ruhr -Stadt-,witten,1
DOPPELMELDUNG Bundes.Fin.Min. Bonn,bonn,1
Staatsanw. L.G. Frankfurt / Main,frankfurt,1
Kreissozialamt Hammelburg,hammelburg,1
Regierungsamt Fürth (Bay.),fürth,1
Kreisonderhilfsausschuss Hamm - Land,hamm,1
Bay. - Präs. - Lindhorst,lindhorst,1
Kreissonderhilfsschüle Winsen/L.,winsen,1
Bayreuth Landesentschädigungsamt,bayreuth,1
Kreissonderhilfsschulung Nienburg,nienburg,1
Kreissozialamt Griesheim,griesheim,1
Kreissonderhilfsausschuss Auerbach,auerbach,1
Kreisonderrhilfsausschuss Alfeld/Leine,alfeld,1
Regierungsamt Königsberg (M.),königsberg,1
Kreisaußerhilfsausschuss Nordhorn,nordhorn,1
Ansgl. Amt Frankfurt/M,frankfurt,1
Rey. Dr. Linnros,rey,1
Regierungsbezirksamt für Wiedergutmachung und verwaltete Vermögen Neusäß o.d. Weinsr.,neusäß,1
Regierungsbezirksamt für Wiedergutmachung und kontrollierte Vermögen Altenkirchen Westerw.,altenkirchen,1
Reg.-Präsident (Präsident des Verwaltungsgerichtshofs) Gießen,gießen,1
Karlshöhe,karlshöhe,1
Regierungsbezirk Potsdam,potsdam,1
Kreissonderhilfsausschub des Landkreises Blankenburg (Brit. Zone) Braunlage,"blankenburg, braunlage",2
Stadt Gelsenkirchen - Abteilung für Wiedergutmachung,gelsenkirchen,1
Kreisonderhilfsausschuss Verden,verden,1
Nienburg~Weser,nienburg,1
Regierungspräsidium Potsdam,potsdam,1
"Krefeld-Uerdingen, Burgstr.12",krefeld,1
Regierung Bamberg (Moß),bamberg,1
Kreissozialamt Winsen - Luhe,winsen,1
Regierungspräsident Amberg,amberg,1
Regierung Bonn,bonn,1
Regierung Ansbach (Welff.),ansbach,1
Regierung Ansbach (Meif.),ansbach,1
Kreis Melle,melle,1
Kreissozialamt Rottenburg/H.,rottenburg,1
Regierungsamt Posen (Welt.),welt,1
Regierungsbezirksamt für Wiedergutmachung und soziale Versorgung Nürnberg und Würzburg,"nürnberg, würzburg",2
Regierung Rendsburg (MfV),rendsburg,1
"Niedersächsisches Landesamt für Wiedergutmachung und verwaltete Vermögen, Koblentz",koblentz,1
AG Eschwege,eschwege,1
Aegiernung Prüfera (Wehr.),wehr,1
Leipzig für Wiedergutmachung,leipzig,1
Kreissozialamt Haldensleben,haldensleben,1
LG. Bochum,bochum,1
Amt für Wiedergutmachung Paderborn,paderborn,1
Bayerisches Landesamt für den Regierungsbezirk Nürnberg,nürnberg,1
KSHA Darmenbeeg/Elbe,elbe,1
"Regierungsbezirksamt für Wiedergutmachung und verwaltete Vermögen, Kassubranch a.d. Weißwasser",weißwasser,1
"Regierungsbezirkskammer für Wiedergutmachung und verwaltete Vermögen, Nürnberg a.d. Weinstr.",nürnberg,1
Regionalverwaltungsbehörde für Wiedergutmachung und Vermögensverwaltung Nürnberg a. d. Weinstraße,nürnberg,1
Kreissonderbehelfausschub Watenstedt-Salzgitter,salzgitter,1
Regierung Rendsburg (West),rendsburg,1
Zuständigkeit für Nordhausen,nordhausen,1
Merseburg,merseburg,1
Koppatz,koppatz,1
Regierungsbezirk Samland für Wiedergutmachung und verwaltete Vermögen Königsberg,königsberg,1
Kreissozialhilfsausschuss Hamm over,hamm,1
Kreissonderhilfsausschuss Rottenburg,rottenburg,1
Dannenberg(Elbe),"dannenberg, elbe",2
Regierung Brünn (Wesf.),brünn,1
Regierung Bamberg (MfP),bamberg,1
Willi O. Ernst O. Gustav O..,ernst,1
Kreissonderbehelfausschuss Watenstedt-Salzgitter,salzgitter,1
"Regionalbezirksamt für Wiedergutmachung und verwaltete Vermögen, Neubrandenburg",neubrandenburg,1
Kreissozialhilfsausschuss des Landkreises Blankenburg (Brit. Zone) Brauñlage,blankenburg,1
Kreissonderhilfsschübe Soltau,soltau,1
"United Restitution Office, Frankfurt am Main",frankfurt,1
Kreissonderbehilfsausschuss Alfeld/Leine,alfeld,1
Kreissozialamt Wuttenstein-Salzgitter,salzgitter,1
KSHA EMDEN,emden,1
Rosenheim Landesbeauftragte für die wiedergutmachung,rosenheim,1
Regierungsbezirk Nürnberg für Wiedergutmachung und verwaltete Vermögen Nürnberg a. d. Weinstraße,nürnberg,1
Kreisaußerhelfsausschub Watenstedt-Salzgitter,salzgitter,1
Amt für Wiedergutmachung des Landes The und. Liz in Bonn Hauptabteilung II,bonn,1
Amt für Wiedergutmachung der Stadt Hamm,hamm,1
Regierung Flensburg (Def.),flensburg,1
"Lindau, Fischerergasse 9",lindau,1
Kreissozialbehördeaussschub des Landkreises Burgdorf/Hann.,burgdorf,1
Kreisonderrhilfsausschuss Nordhorn,nordhorn,1
Amt für Wiedergutmachung - in Halle (Westf),halle,1
"United Restitution Office, Frankfurt (M)., Gruneburgweg 119",frankfurt,1
Kreissozialamt Hamm - Land,hamm,1
Regierungsbezirksamt für Wiedergutmachung und verwaltete Vermögen Ansbach a. d. Wesstr.,ansbach,1
KSHA Wolfsburg,wolfsburg,1
"Regierungsbezirksamt für Verwaltungsgeschäfte und Nachkriegsvermögensangelegenheiten, Regierungsbezirk Weimar",weimar,1
Kreisonderhlfasschub Winsen/Luhe,winsen,1
"Regierungsbezirksamt Wiedergutmachung, verwaltete Vermögen, Nürnberg a. d. Weinstr.",nürnberg,1
Landessozialgericht Essen,essen,1
Wortensleut-Salzgitter,salzgitter,1
Regierung Potsdam,potsdam,1
RA. Munster,munster,1
Kreissozialamt des Landkreises Grafschaft Sehauemburg,grafschaft,1
"Ehrmann Jlse(25.11.31) Rey Ruth Frieda, geb.Ehrmann (31.1.28) Dreier Elise Emilie, geb Ehrmann (31.1.28) Dreier Elise Emilie, geb Ehrmann (31.1.28) Ehrmann Anna, Karlilme(8.7.1923) Brusse, Hedwig Hermine, geb.Ehrmann (4.6.1925) Werner, Jrmna Liselotte, geb.Ehrmann (9.10.26) Ehrmann Renate Doris(31.3.37)",rey,1
"Amt für Wiedergutmachung, Halle (Wesff.)",halle,1
Regierung Rendsburg,rendsburg,1
Regierung Ansbach (MfV.),ansbach,1
Kreisonderhilfsausschuss Brünn,brünn,1
KSHS der Stadt Watenstedt-Salzgitter,salzgitter,1
Kreisonderhilfsausschuss Stadt Hameln,hameln,1
Regierungsbezirk Hirschberg (Weiß.),hirschberg,1
"Dr. Max Hirschberg, 60 East Str. 2120 New York 17 c/o Jaw Office",hirschberg,1
Regierungsamt Ansbach (Wehr.),"ansbach, wehr",2
Kreissozialhilfsausschub Landkreis Grafschaft Hoya,"grafschaft, hoya",2
Regierungsbezirk Hensberg (Welt.),welt,1
Regierung F. von Wang (Welf.),wang,1
Kreissozialamt Blankenburg (Brit. Zone) Braunlage,"blankenburg, braunlage",2
Der Oberkreisdirektor -Amt für Wiedergutmachung in Paderborn,paderborn,1
B.Amt F.Ver.Schutz,schutz,1
Staatsanw. L. G. Frankfurt/Main,frankfurt,1
Schwarzbach,schwarzbach,1
Regierungsbezirksamt für Wiedergutmachung und verwaltete Vermögensnachweise: Weinsberg,weinsberg,1
"Rosenberg, Schule - geb. 48.99",rosenberg,1
Kreissozialamt Rotenburg/Hann.,rotenburg,1
Amt für Wiedergutmachung - Stadtverwaltung - Bochum,bochum,1
"United Restitution Office, Frankfurt/M., Grünheubergweg 119",frankfurt,1
Kreissonderhilfesausschuss Nordhorn,nordhorn,1
"Arnhem/Niederlande, Sickeres-plein 3",plein,1
in K.Z. Auschwitz & Bergen Belsen unter Jadwiga Kowaleska,bergen,1
Regierungsamt Amberg (Wehr.),"amberg, wehr",2
Der Oberkreisdirektor -Amt für Wiedergutmachung- in Höxter,höxter,1
KSHA Rothenburg/H.,rothenburg,1
Kreissozialhilfeausschuss Rottenburg/Hann.,rottenburg,1
Regierung Rüsselsheim,rüsselsheim,1
Regierung Pommersfelden (Württ.),pommersfelden,1
Ansbach (Welf.),ansbach,1
Der Regionalverwaltungspräsident - Dez. für Wiedergutmachung - in Dortmund,dortmund,1
KSHA Wuttenstedt-Salzgitter,salzgitter,1
Kreissozialamt Wolfratshausen,wolfratshausen,1
Regierung Ronsberg (Weltf.),ronsberg,1
Schweinfurt,schweinfurt,1
Regierung Bamberg (DE),bamberg,1
AfW Essen,essen,1
Regierung Ansbach (MVK),ansbach,1
Regierung Bamberg (Def.),bamberg,1
Hof Gruenbaum,hof,1
Regierung Bonn (M.81),bonn,1
"Deutsche Rechtsiverts, Naumburg",naumburg,1
Oranienburg,oranienburg,1
Regierung Ansbach (Wehrk),ansbach,1
Abend,abend,1
Sachsenhausen,sachsenhausen,1
Regierungspräsidium Fulda (Württ.),fulda,1
Kreis Offenbach,offenbach,1
Regierungsbezirk Arnswalde (Wehr.),wehr,1
Regierungspräsidium (Miesbach),miesbach,1
Nordhausen - Weimar,"nordhausen, weimar",2
BZK-Stelle im Haus,stelle,1
Kreissozialhilfsschwerpunkt Watenstedt-Salzgitter,salzgitter,1
Regierung Arnswerg (Welt),welt,1
Regierung Pommern (B 21),pommern,1
Regierungsamt Bamberg (Ortst.),bamberg,1
Regierungsamt Ansbach (Mf.),ansbach,1
Kreissozialamt d. Landkreises Flensburg (Brit. Zone),flensburg,1
"Erfurt, Jena","erfurt, jena",2
"Regierungs-Bezirksamt für Wiedergutmachung und verwaltete Vermögen, Kempten",kempten,1
Amt f. Wiedergutmachung in Essen,essen,1
Landkreis Höxter-Amt für Wiedergutmachung - Höxter/Weser,höxter,1
Stadt Wuppertal - Amt für Wiedergutmachung,wuppertal,1
Barth,barth,1
OLG Zweibrücken,zweibrücken,1
Kreisverwaltung -Amt f. Wiedergutmachung Höxter/Weser,höxter,1
D. - 47 Roth,roth,1
Regierungsbezirk Bamberg für Wiedergutmachung und verwaltete Vermögens,bamberg,1
Heilbronn,heilbronn,1
Karl-Wolke,karl,1
Kreisonderhilsausschub Cuxhaven,cuxhaven,1
Regierung Bamberg (Präf.),bamberg,1
"Regierung, Ansbach (Welf.)",ansbach,1
Regierungsbezirk Bamberg,bamberg,1
Regierungsbezirk Würzburg und verwalteter Kreis Korb,"korb, würzburg",2
Kreisverwaltung-Amt f. Wiedergutmachung - Höxter /Weser,höxter,1
LKA Ludwigsburg,ludwigsburg,1
Kreissozialhilfsausschuss Stadt Bonn,bonn,1
"Regierungsbezirksamt für Wiedergutmachung und verwaltete Vermögenswiedergutmachung, Neubrandenburg a. d. Werra",neubrandenburg,1
"Kriegsentschädigungsbehörde für Wiedergutmachung und verwaltete Vermögen, Nürnberg a. d. Weinstr.",nürnberg,1
Bezirksamt von Homburg für Wiedergutmachung,homburg,1
Regional Ansbach (Melfi),ansbach,1
Kroio Lindenau,lindenau,1
Kreissozialamt Hameln n-Pyrmont,hameln,1
Kreissonderhilfsausschuss der Stadt Salzburg,salzburg,1
Kreissozialhilfsschulze Watensleben-Salzgitter,salzgitter,1
Kreissonderhilfsausschüβ Springe,springe,1
Kreissonderhilfsschuss Alfeld/L.,alfeld,1
Kreissozialhilfsausschuss Hameln,hameln,1
Kreissozialhilfsausschuss Landkreis Oschatz,oschatz,1
Regierung Altenberg (Welf.),altenberg,1
Kreissozialhilfsausschuss des Landkreises Gera-Schweinfurt,"gera, schweinfurt",2
Kupferberg,kupferberg,1
KSHA Heilbronn,heilbronn,1
HOLM,holm,1
R.A. Mittelbach,mittelbach,1
KSHA Rothenburg,rothenburg,1
Staatsanw. L.G. Frankfurt/Main,frankfurt,1
Regierungsamt Arnsherg (Wehr.),wehr,1
Landkreis Höxter – Amt f. Wiedergutmachung – Höxter/Weser,höxter,1
"Bonn, Rheindorfersr. 116",bonn,1
Landesjustizv.Lindau,lindau,1
Wiedergutmachungsamt in Wesel,wesel,1
Kreissonderhilfsschule Landkreis Osterholz,osterholz,1
Der Regierungspräsident -Dezernat 14- in Paderborn,paderborn,1
Hauptzuständige Stelle für Wiedergutmachung und verwaltete Vermögensmainsz,stelle,1
Entschädigungsbehörde:grundsbezirksamt für Wiedergutmachung und verwaltete Vermögen Neusäß d. Weinstr.,neusäß,1
Kreissozialhilfsausschuss des Landkreises Glauchau Schauburg,glauchau,1
Kreissonderhilfsausschub Nienburg-Weser,nienburg,1
Kreissonderhilfsausschuss Landkreis Grafschaft Hoya Syke,"grafschaft, hoya, syke",3
Kreissonderhilfsausschub Landkreis Oschatz,oschatz,1
Kreissonderhilfsschule Nordhorn,nordhorn,1
Kreissonderhilfsausschüff Rotenburg,rotenburg,1
Regierung Frankfurt (M),frankfurt,1
"Regierungsbezirkshauptmannschaft für Wiedergutmachung und verwaltete Vermögen, Nürnberg a. d. Weinstraße",nürnberg,1
Kreissonderhilfsausschuss der Stadt Warendorf-Salzgitter,"salzgitter, warendorf",2
Regierung Flensburg (Weltf.),flensburg,1
Regionalverwaltungsbehörde für Wiedergutmachung und verwaltungsrechtliche Aufgaben Neusäß,neusäß,1
KSHAM Hameln-Pyrmont,hameln,1
Regierung Amberg (Württ.),amberg,1
Kreissonderhilfssauschuss Diepholz,diepholz,1
Kreissozialamt Hamm-Sürgm,hamm,1
Regierung Brünn (Mähren),"brünn, mähren",2
Regierungsbezirk Bamberg (1949),bamberg,1
Reg.-Präsident / Präsident des Verw.-Bezirks Würzburg,würzburg,1
Regierung Amberg (Wüff.),amberg,1
Kreissonderhilfsausschuss Nürnberg a. Rbg.,nürnberg,1
Amt für Wiedergutmachung für den Stad- und Landkreis Rödinghausen,rödinghausen,1
KSHa Soltau,soltau,1
KSHA Heilbronn - Stadt,heilbronn,1
Regierungsamt Bamberg (Staatsarchiv),bamberg,1
"Krefeld, Hubertussstr. 48",krefeld,1
KSHA Vechta,vechta,1
Amt für Wiedergutmachung des Landes Sachsen-Anhalt,sachsen,1
Kreissonderhilfsschuss der Stadt Warendorf,warendorf,1
F. W. Bödder Ansbach,ansbach,1
Kreissonderhilfsschübe Wittmund,wittmund,1
Präsidium des Verwaltungsbezirks Gießen,gießen,1
Prinz zu Löwenstein-Wertheim-Freudenberg,"freudenberg, löwenstein, wertheim",3
Staatsamt L.G. Frankfurt/Main,frankfurt,1
"Bundes Finanzministerium, Bonn",bonn,1
KSHA Herford,herford,1
"Lenzen a. d. Elbe, Reg. Bez. Potsdam, Brandenburg","brandenburg, elbe, lenzen, potsdam",4
Regierungsbezirk Neuss,neuss,1
Kreissozialhilfsausschuss Hamm-Land,hamm,1
Kreissonderhilfsausschuss Dänneberg/Elbe,elbe,1
Kart.-Stelle für NS-Gewaltverbrechen,stelle,1
Landkreis Landshut,landshut,1
Regierung Hinsberg (Wehr.),wehr,1
Regierungsbezirksamt für Wiedergutmachung und kontrolliertes Vermögen Birkenfeld,birkenfeld,1
Regierung Frankfurt (Werra),frankfurt,1
Regierung Frankfurt (Wesf.),frankfurt,1
Kreissonderhilfesauschuss Hamm,hamm,1
Regierungsamt Bamberg (MeF.),bamberg,1
Kreis Landshut,landshut,1
Amt für Wiedergutmachung des Landes Thüringen in Leipzig Hauptabteilung II,leipzig,1
Regierung P. von Wang (Weltf.),wang,1
Regierung Penigora (Würzburg),würzburg,1
Deutsches Reich,reich,1
Regierungspräsidium Potsdam (Meckl.),potsdam,1
Amt für Wiedergutmachung für den Stad- und Landkreis Recklinghausen,recklinghausen,1
Anspruchsamt Frankfurt/Am Main,frankfurt,1
Regierung Ansbach (MVG),ansbach,1
Nürnberg A,nürnberg,1
Stadt Schwerin,schwerin,1
Amt für Wiedergutmachung in Remscheid,remscheid,1
Kreisaußerhelfsausschuss Norden,norden,1
"United Restitution Office Frankfurt/Main, Gruneburgweg 119",frankfurt,1
Kreissozialhilfsausschuss Wuttenstedt-Salzgitter,salzgitter,1
Kreissozialhilfe Alfeld/Leine,alfeld,1
Nürnberg a.d. Weinstr.,nürnberg,1
Wuppertal-Elberfeld Nützenbergerstr. 221,wuppertal,1
Regional Ansbach (Württ.),ansbach,1
Kreissonderhilfsschule Gifhorn,gifhorn,1
Regierung Arnsherg (Welt),welt,1
"Regierungsbezirksamt für Wiedergutmachung und verwaltete Vermögen, Nauheim a. d. Weinstraße",nauheim,1
Amt für Wiedergutmachung in Oberhausen/Rheinland,oberhausen,1
Kreissonderhilfsausschub Nienburg,nienburg,1
Kreisonderhilfsausschuss Nordhorn,nordhorn,1
Regierung Ansbach (MfT),ansbach,1
Schöft Bonn,bonn,1
Augsburg (West),augsburg,1
Regierungsbezirk (Wehr.),wehr,1
Regierung Arnswald (Welt.),welt,1
Regierung Bamberg (Dienststelle),bamberg,1
Landkreis Iserlohn,iserlohn,1
Regierung Jülich (Welt.),"jülich, welt",2
Königshütte/Oberschlesien,königshütte,1
Waltershausen-Salzgitter,"salzgitter, waltershausen",2
Reg.-Präsid. / Präsident des Verw.-Bezirks Stadthagen,stadthagen,1
Kreissozialhilfsausschuss Landkreis Grafschaft Bentheim,grafschaft,1
Kreisverwaltung -Amt für Wiedergutmachung- Höxter r/Weser,höxter,1
Kreissozialhilfsausschuss Landkreis Grafschaft Goja Syke,"grafschaft, syke",2
Ansprüche der Ast. Bezirksamt für Wiedergutmachung,ast,1
KSHA Hamm-Pyrmont,hamm,1
Der Regierungspräsident in Oettingen,oettingen,1
Kreissonderhilfsausschub Watenstedt-Salzgitter,salzgitter,1
KSHA Hameln,hameln,1
Amt für Wiedergutmachung in Dortmund,dortmund,1
Schwarzenberg,schwarzenberg,1
Karl-Wilhelm,karl,1
SPRiNGE,springe,1
A.-u.-R. I. Ostfildern,ostfildern,1
Kreisonderrhilfsausschuss Northeim,northeim,1
Bundes Rep. Min. Bonn,bonn,1
"Amt für Wiedergutmachung, Regierung Ansbach (Bay.)",ansbach,1
Dannenberg (Elbe),"dannenberg, elbe",2
"Regierungsbezirksamt für Wiedergutmachung und verwaltete Vermögen, Nürnberg a.D. Weinstr.",nürnberg,1
Krisverwaltung –Amt für Wiedergutmachung– Höxter/Weser,höxter,1
Regierungsamt Amberg (Württ.),amberg,1
BezAmt Zehlendorf,zehlendorf,1
Regierungsbezirk Neuburg,neuburg,1
Kreissozialamt Gelsenkirchen,gelsenkirchen,1
Stadt Nürnberg,nürnberg,1
Regierung Pommern (Wohl.),pommern,1
Strodam an Lauen,lauen,1
KSHA Alfeld/Leine,alfeld,1
Kreissozialhilfsausschuss Watzenstedt-Salzgitter,salzgitter,1
Kreisonderhelfsausschuss d. Landkreises Blankenburg (Brit. Zone) Braunslage,blankenburg,1
Wuttenstedt-Salzgitter,salzgitter,1
Altenkirchen Westerw,altenkirchen,1
Regierung Rheinberg (Westf.),rheinberg,1
Kreisverwaltung Schleiden Wiedergutmachungssamt,schleiden,1
Regierung Pommern (Westf.),pommern,1
Kreissozialhilfssauschuss Syke,syke,1
KSHa Emden,emden,1
Kreissozialhilfeauschuss Landkreis Grafschaft Hoy,grafschaft,1
Kreissonderhilfsausschüf Burgdorf,burgdorf,1
Hameln-Pyrmont,hameln,1
Der Oberkreisdirektor Amt für Wiedergutmachung Halle (Westf.),halle,1
Kreisonderhilfsausschub Rottenburg/Hann.,rottenburg,1
Grafik Heilbronn,heilbronn,1
Regierung Brünn (Wehr.),"brünn, wehr",2
Büttel,büttel,1
Kreissozialhilfsausschuss Blankenburg (Brit. Zone),blankenburg,1
Zeig.Amt Zehlendorf,zehlendorf,1
Regierungsamt Arnswalde (Weimar),weimar,1
KSHA Bad Oldesloe,bad oldesloe,1
Kreissonderhilfsschübe Nordheim,nordheim,1
Kreissonderhilfsausschuss Rinteln,rinteln,1
Wuttenstein-Salzgitter,salzgitter,1
Regierungsamt Fürstenberg (Welff.),fürstenberg,1
Kreissonderhilfusschuss Winsen-Luhe,winsen,1
Regierung Arnstorf (Welf.),arnstorf,1
Kreisonderschutzbehörde Northeim,northeim,1
Regierung Amtsberg (Wehr.),"amtsberg, wehr",2
Kreissozialamt Landkreis Grafschaft Hoy,grafschaft,1
Kreissonderhilfsschüle Springe,springe,1
"Für Wiedergutmachung und verwaltete Vermögen, Nürnberg a. d. Weinstraße",nürnberg,1
Kreissoenderhilfsausschuss Nienburg-Weser,nienburg,1
Der Oberkreisdirektor - Amt für Wiedergutmachung in Lübeck,lübeck,1
Regierungsbezirksamt für Wiedergutmachung und verwaltete Vermögen Nürnberg a. d. Veißnöß,nürnberg,1
Regional Prüfungsstelle (Wuppertal),wuppertal,1
Halberstadt,halberstadt,1
Regierung Ansbach (m.w.f.),ansbach,1
"Von dem Ministerium der Finanzen, Rom",rom,1
Regierung Anklam (Meckl.),anklam,1
"United Restitution Office, Frankfurt/ein, Grüneburgweg 119",frankfurt,1
KSHA Hanau,hanau,1
Kreissozialhilfsausschuss Blankenburg,blankenburg,1
LVA Bayreuth,bayreuth,1
Regierung Prüm (Möll),prüm,1
"United-Restitution-Office, Frankfurt/Main, Gruneburgweg 119",frankfurt,1
Oberfinanzdirektion: -Bundesvermogensabteilung- Am Nordrand 45 Cottbus,cottbus,1
Regierung Hersberg (Wehr.),wehr,1
Regierungspräsidium (Meißen),meißen,1
"Regierungsbezirk für Wiedergutmachung und verwaltete Vermögen, Nürnberg, Weinstr.",nürnberg,1
Rey.-Br. Anst.,rey,1
ges. Grünberg,grünberg,1
Regierung Pommern (Meßl.),pommern,1
Regionalsozialamt für Wiedergutmachung und verfolgte Verwaltung Neumarkt in der Oberpfalz,neumarkt,1
Regierungsbezirk für Wiedergutmachung und Vermögensentschädigung Nürnberg a. d. Weinstr.,nürnberg,1
Regierungsamt Bamberg (Westf.),bamberg,1
Regierungsamt Fürstenberg (Westf.),fürstenberg,1
Amt für Wiedergutmachung Regierung Ansbach (Wf.),ansbach,1
Landeszentrale und Stelle für die Wiedergutmachung,stelle,1
Regierung Amberg (Würt.),amberg,1
Regierung Bamberg (Mrz.),bamberg,1
Regierung-Potsdam,potsdam,1
Kreissonderhilfsausschuss Hamm - Pumpe,hamm,1
Alden Bareits in Duisburg,duisburg,1
Grünwald,grünwald,1
Reg.-Präsident / Präsident des Wörth-Bezirks,wörth,1
Schwerin Bayerisches Landesamt für Verfolgte,schwerin,1
Regierungsbezirksamt für Wiedergutmachung und verwaltete Vermögen Neusäß a.F. Würzburg,"neusäß, würzburg",2
"United Restitution Office, Frankfurt/M., Grunenburgerweg 119",frankfurt,1
KSHa Gifhorn,gifhorn,1
Kreissonderhilfssausschuss Melle,melle,1
Kreissozialamt Dannenberg,dannenberg,1
"United Restitution Office Frankfurt/Main, Grüneburgeweg 119",frankfurt,1
Kreissozialamt Landkreis Landshut,landshut,1
Regierungsamt Bamberg,bamberg,1
Duck-Greifswald-Salzgitter-Bergen/Kh.,"bergen, greifswald, salzgitter",3
Regierung Frankfurt (W.),frankfurt,1
Landkreis Höxter - Amt für Wiedergutmachung - Höxter/Weser,höxter,1
Regierung Ansbach (Stv. Mf.),ansbach,1
"Tannenberg, Willy",tannenberg,1
"United Restitution Organisation, Frankfurt/M, Grünburgweg 119",frankfurt,1
Regierungsbezirkamt für Wiedergutmachung und verwaltete Vermögen Netstädte a.d. Wutach,wutach,1
Regierungsamt Ansbach (Westf.),ansbach,1
Kreissozialamt der Stadt Warendorf-Schöppingen,"schöppingen, warendorf",2
Kreissonderhilfsschul Hameln-Pyrmont,hameln,1
Roggenstein,roggenstein,1
Grevenbroich,grevenbroich,1
Kreissonderhilfsausschuss Lüchow-Dannenberg,"dannenberg, lüchow",2
"United Restitution Office, Frankfurt/M., Grimburgweg 119",frankfurt,1
Kreissonderhilfsausschuss Bünde,bünde,1
Kreissonderhilfsausschuss Rottenburg/h.,rottenburg,1
Landesjustizv. Ludwigsburg,ludwigsburg,1
Regierungsamt Fürstenberg (MeF),fürstenberg,1
Regionalamt Fürstenberg (Meckl.),fürstenberg,1
Burgdorf/Leann,burgdorf,1
"United Restitution Organization, Frankfurt / Main, Grüneburgweg 119",frankfurt,1
Kreissozialhilfsschule Hameln,hameln,1
KSHA des Kreises Dinslaken in Dinslaken,dinslaken,1
"United Restitution Office - Frankfurt/Main, Gruneburgweg 119",frankfurt,1
Regierung Frankfurt (O.D.),frankfurt,1
Regierungsbezirksamt für Wiedergutmachung und verwesste Vermögen Nürnberg a. d. Weinstr.,nürnberg,1
"Krefeld, v.Beckerathstr.5",krefeld,1
Stadt-Heidelberg,heidelberg,1
Stadtscn. Dortmund,dortmund,1
Landes Nordhausen - Westfalen,nordhausen,1
Aegiernung Frankfurt (West),frankfurt,1
Bezirksamt für Wiedergutmachung Ansbach-Pfalz,ansbach,1
Regierung Preußberg (Wehr),wehr,1
Kreissonderhilfsausschuss der Stadt Würzburg,würzburg,1
Reg.-Präsident / Präsident des Verw.-Bezirks Stolberg,stolberg,1
Kreissonderhilfsausschuss Hamm - Pummersfeld,hamm,1
Regional Ansbach (Weiß),ansbach,1
Regionalverwaltungspräsidium in Dortmund,dortmund,1
Landkreisverwaltung -Amt für Wiedergutmachung- Höxter,höxter,1
Regierungsamt Fürth (MfV),fürth,1
Amtsgericht Aichach (Weltf.),aichach,1
Sachsenburg Bezirksamt für Wiedergutmachung,sachsenburg,1
"United Restitution Office, Frankfurt a.M.",frankfurt,1
Bayreuth Bezirksamt,bayreuth,1
Wuppertal,wuppertal,1
Regierung Amtsberg (West),amtsberg,1
Kreissonderhilfsausschuss d. Landkreises Blankenburg (Brit. Zone) Braunlage,"blankenburg, braunlage",2
Eros Lindau,lindau,1
Stadt Bochum,bochum,1
Sozialgericht Dortmund,dortmund,1
"Erfurt, Amtsgruppe IV",erfurt,1
Amt für Wiedergutmachung der Stadt Mülheim-Ruhr,mülheim,1
"Ausw. Amt, Bonn",bonn,1
"Staatsschutz, Sozialamt, LG. Würzburg",würzburg,1
"Regionalverwaltungsbehörde für Wiedergutmachung und verwaltete Vermögen, Nürnberg a. d. Weinstraße",nürnberg,1
"Oberfinanzdirektion: Erfurt, Jäger Str. 37",erfurt,1
Kreisonderhilfsausschuss Winsen-Luhe,winsen,1
"Regierungsbezirkskommission für Wiedergutmachung und verwaltete Vermögen, Nürnberg a. d. Weinstraße",nürnberg,1
Regierungsbezirk Würzburg für Wiedergutmachung und Verwaltung des Härtefonds,würzburg,1
Duck-Greifswald-Schulz-Blagan-Rh,greifswald,1
Regierung Arneberg (Welt.),welt,1
Der Regierungspräsident Kreis Grevenbroich,grevenbroich,1
KSHA Dannenberg,dannenberg,1
Amt für Wiedergutmachung - Essen,essen,1
Wuppertal-Mülheim,"mülheim, wuppertal",2
Regierungsbezirksamt für Wiedergutmachung und kontrollierte Vermögen Pirmasens,pirmasens,1
Regierung Frankfurt (Deff.),frankfurt,1
Regierung Ansbach (20-RM),ansbach,1
Regierung Ansbach (WcEP.),ansbach,1
Regierung Ansbach (Würzburg),"ansbach, würzburg",2
Kreissozialamt Wattenstedt-Salzgitter,salzgitter,1
Regierung Arnswalda (Weimar),weimar,1
AG Nürnberg,nürnberg,1
Kreissonderhilfsausschuss Einbeck,einbeck,1
Amtsgruppe Lindau,lindau,1
Altenkirchen/Westerwald,altenkirchen,1
Kreisonderschutzbehörde Gifhorn,gifhorn,1
Regierungsbezirks-Amt für Wiedergutmachung und Kontrolle der Vermögensverwaltung Bad Kreuznach,bad kreuznach,1
"United-Restitution-Office, Frankfurt/Main, Grueneburgweg 119",frankfurt,1
Kreissonderhilfsausschuss Rostock,rostock,1
"Regierungsbezirk für Wiedergutmachung und verwaltete Vermögen, Nürnberg a. d. Weinstraße",nürnberg,1
"Pflegestelle für Verfolgtenversorgung und unentgeltliche Vermögensentschädigung, Neumarkt i.d. W.",neumarkt,1
Linnich Krs.Julich,linnich,1
Aegierung Aensberg (Welt.),welt,1
Kreissozialhilfsausschuss Landkreis Giflhaft Hoya,hoya,1
"Regierungsbezirk für Wiedergutmachung und verwaltete Vermögen, Neusäß, Deutschland",neusäß,1
Stadt des Verwaltungsbezirks Stadthagen,stadthagen,1
"David & Strunk, Frankfurt/Main, Gethestr. 9",frankfurt,1
DZA. Zehlendorf,zehlendorf,1
Regionalverwaltungsbehörde für Wiedergutmachung (und Verwaltung o.d. Weinsberg),weinsberg,1
Landesjustizverwaltung Ludwigsburg,ludwigsburg,1
Magistrat der Stadt Bremervörde,bremervörde,1
Munster (Wcfft.),munster,1
Amt für Wiedergutmachung des Landes Preußen-Plötz,plötz,1
Neuendettelsau a. d. Weinstraße,neuendettelsau,1
Kreissozialamt Witten,witten,1
Augsburg Tornagel (Betr.),augsburg,1
Regionalstelle für West und verwaltbare Verwaltungsbezirke Neusiedel a.d.Wald,wald,1
Doppelmeldung Amberg,amberg,1
Der Landesregierungspresident - Dez. für Wiedergutmachung - in Dortmund,dortmund,1
Kreissonderhilfsschüf Nordhorn,nordhorn,1
KSHA Plauen / Vogtl.,plauen,1
Bundesarchiv Ludwigsburg,ludwigsburg,1
"Bonn, Rheindorfstr. 116",bonn,1
Kreissonderhilsausschüβ Salzgitter,salzgitter,1
"United#Restitution Office, Frankfurt/Main, Grüneburgweg 119",frankfurt,1
Reichsentschädigungsbehörde für die im Deutschen Reich verfolgten Juden,reich,1
Regierungsamt Ansbach (Wehrm.),ansbach,1
Kreissozialhilfeauschuss Uelzen,uelzen,1
Kreissozialhilfsausschüß Cuxhaven,cuxhaven,1
Amt f. Wiedergutmachung Duisburg,duisburg,1
Kreissozialhilfsschulze Uelzen,uelzen,1
Kreisaußerhelfsausschüß Burgdorf,burgdorf,1
Stolpe,stolpe,1
Kreisonderhilfsausschuss Rottenburg/Hann.,rottenburg,1
KSHa Wuttenstedt-Salzgitter,salzgitter,1
Regionalverwaltungsbehörde für Wiedergutmachung und verwaltliche Vermögensangelegenheiten Meiningen,meiningen,1
"Regierungsbezirk für Wiedergutmachung und verwaltete Vermögensnachlässe, Nürnberg a.d. Weinstr.",nürnberg,1
Stadt Landshut,landshut,1
Bayerisches Staatsministerium (Würzburg),würzburg,1
Regierung Frankfurt (20. Off.),frankfurt,1
Regierungsbezirk für Wiedergutmachung und verwaltete Vermögensnachlässe in Nürnberg a. d. Weinstr.,nürnberg,1
Regierungsbezirksamt für Wiedergutmachung und verwaltete Vermögen Neusäß a. d. Weinstr.,neusäß,1
"Wesel, Tickingstr.14",wesel,1
"Regierungsbezirksamt für Wiedergutmachung und Vermögensverwaltung, Nürnberg, Weinstr.",nürnberg,1
Regierung Rostock (Welt.),"rostock, welt",2
Ravensburg Bezirksamt,ravensburg,1
Dor Regierungspräsident - Dez. für Wiedergutmachung - in Dortmund,dortmund,1
Regierung Rüthen (Wf.),rüthen,1
Kreissonderhilfsausschub Winsen/Luhe,winsen,1
Kroisjogendamt Lindau,lindau,1
"BFD West, Würzburg 1-3",würzburg,1
Landesamt für Vermerk und Schutz,schutz,1
Regierung Bonn (BZK),bonn,1
"United Restitution Office, Frankfurt/All, Grüneburgweg 119",frankfurt,1
"Regierungsbezirksamt für Wiedergutmachung und verwaltetes Vermögen, Nürnberg a.d. Weinstraße",nürnberg,1
Amt für Wiedergutmachung des Landes Rhein und Main in Frankfurt am Main,frankfurt,1
Hamerau Landpolizeiposten Bes. Insp. Kreis Laufen,laufen,1
Regierungsbezirksamt für Wiedergutmachung und verwaltete Vermögen Neusäß und Weinsberg,"neusäß, weinsberg",2
Bayerisches Hilfswerk Außenstelle Augsburg,augsburg,1
Landesstelle Nordhausen - Westfalen,nordhausen,1
"United Restitution Office, Frankfurt/M., Grunburgweg 119",frankfurt,1
Regierungsamt Ansbach (Meßl.),ansbach,1
Amt für Wiedergutmachung der Stadt Bocholt,bocholt,1
"Landkreis Paderborn, Der Oberkreisdirektor, Amt für Wiedergutmachung, in Paderborn",paderborn,1
Der Regierungspräsident - Dezernat für Wiedergutmachung - in Betzdorf,betzdorf,1
Der Oberkreisdirektor A.f.W. in Herford,herford,1
Regierungs Jülich (Weltf.),jülich,1
KSHa Hamm,hamm,1
Landkreisverwaltung Höxter –Amt für Wiedergutmachung– Höxter,höxter,1
Regierungsbezirkamt für Wiedergutmachung und verwaltete Vermögen Nürnberg a. d. Weinstraße,nürnberg,1
Kreissozialhilfsausschub Verden,verden,1
Regierungsamt Ansbach (WehrL),ansbach,1
Kreisonderrhilfsausschuss Rottenburg/Hann.,rottenburg,1
Der Oberkreisdirektor -Amt f. Wiedergutmachung- in Herford,herford,1
Regierungsbezirk Arnsherg (Meßkirch),meßkirch,1
Der Regierungspräsident in Herford,herford,1
Oberfinanzdirektion: 99099 Erfurt,erfurt,1
Landkreisverwaltung Höxter -Amt für Wiedergutmachung- Höxter,höxter,1
Kreissonderhilfssausschuss der Stadt Watenstedt-Salzgitter,salzgitter,1
Regionalverwaltungsgericht für Wiedergutmachung und verwaltete Vermögen Mannheim,mannheim,1
Regierung Rheinberg (Wlf.),rheinberg,1
Oberkreisdirektor Amtsberg,amtsberg,1
Kreissozialhilfsausschub Fallingbostel,fallingbostel,1
Regierung Pirmasens (Württ.),pirmasens,1
Kreissonderhilfsausschuss Harburg,harburg,1
Regierung Arnstberg (Welt.),welt,1
Regierung Ansbach (WehrL),ansbach,1
Regierungsbezirksamt für Wiedergutmachung und verw. Stelle Vermögen Neusiedl ad Weinstr.,stelle,1
Regierungsbezirksamt für Wiedergutmachung und verwaltete Vermögen Nürnberg a. d. W.,nürnberg,1
Agriculture Rosenberg (Wehrm.),rosenberg,1
Regierung Ansbach (WAF),ansbach,1
An Bunde[r]kartei,bunde,1
Regierungsbezirk Fürth,fürth,1
"United Restitution Office Frankfurt/M., Grünburgweg 119",frankfurt,1
Justizverwaltung Ludwigsburg,ludwigsburg,1
Landes Nordheim-Westfalen,nordheim,1
Kreisonderhilfsausschuss Landkreis Grafschaft Goya Syke,"grafschaft, syke",2
Kreisonderhelfsausschuss Nordhorn,nordhorn,1
