office_name,BZKNr,filename,places_found,places_count
28/8/56 Krefeld,15261,1897_02_26_35_0.jpg,krefeld,1
41A Lübeck,423 259,1929_04_11_59_0.jpg,lübeck,1
A.-u.-R. I. Ostfildern,6 - 01236,1901_06_07_48_0.jpg,ostfildern,1
AG Eschwege,8 Ms 16/62,1935_08_13_23_0.jpg,eschwege,1
AG Nürnberg,73078/VII/15280,1879_07_01_8_0.jpg,nürnberg,1
Abend,80404/VII/22075,1927_05_05_2_0.jpg,abend,1
"Acco, Rech. Jabotinskii 26/8",133 924,1916_09_24_88_0.jpg,rech,1
Acyierung Frankfurt (Westf.),H 279 Kartei-Nr. 52.926,1911_11_04_44_0.jpg,frankfurt,1
Aegiernung Frankfurt (West),461.044.b,1913_03_17_19_0.jpg,frankfurt,1
Aegiernung Prüfera (Wehr.),461312,1935_09_30_29_0.jpg,wehr,1
Aegierung Aensberg (Welt.),462 429,1902_05_01_172_0.jpg,welt,1
Aegierung Amberg (Weff.),743 424,1893_04_17_17_0.jpg,amberg,1
Aegierung Paderborn (Meßl.),462 508,1921_08_01_37_0.jpg,paderborn,1
Aeglerung Amberg (Welf.),460 265 /b,1885_02_20_13_0.jpg,amberg,1
Aegypten (Welt),25 506 b,1915_04_27_38_0.jpg,welt,1
Aesiermann Amon (Wehr.),50 402 / c,1936_09_02_2_0.jpg,wehr,1
AfW Essen,207670,1927_02_12_63_0.jpg,essen,1
AfW Mettmann,262 654,1895_05_07_59_0.jpg,mettmann,1
AfW Mettmann,262 660,1898_08_11_33_0.jpg,mettmann,1
Agriculture Rosenberg (Wehrm.),163344,1917_11_07_55_0.jpg,rosenberg,1
Alden Bareits in Duisburg,3ST 1025 B,1910_02_14_131_0.jpg,duisburg,1
Alfeld,KS. Nr. 33,1900_02_20_55_0.jpg,alfeld,1
Alfeld,KS.Nr. 51,1908_06_05_67_0.jpg,alfeld,1
Alfeld,KS.Nr. 36,1893_01_19_29_0.jpg,alfeld,1
Alfeld,KS.Nr. 29,1905_01_24_12_0.jpg,alfeld,1
Alfeld,KS.Nr. 78,1882_12_17_37_0.jpg,alfeld,1
Alfeld,KS.Nr.115,1897_10_28_40_0.jpg,alfeld,1
Alfeld,KS. Nr. 32,1880_07_11_39_0.jpg,alfeld,1
Alfeld,KS.Nr. 12,1899_05_10_139_0.jpg,alfeld,1
Alfeld,KS.Nr. 1,1886_11_22_24_0.jpg,alfeld,1
Alfeld,KS.Nr. 21,1896_08_11_53_0.jpg,alfeld,1
Alfeld,,1907_05_07_16_0.jpg,alfeld,1
Alfeld,KS.Nr. 3,1901_12_11_44_0.jpg,alfeld,1
Alfeld,KS.Nr. 72,1898_07_01_52_0.jpg,alfeld,1
Alfeld,KS.Nr. 76,1902_08_02_108_0.jpg,alfeld,1
Alfeld,KS.Nr. 47,1902_02_16_44_0.jpg,alfeld,1
Alfeld,KS.Nr.50,1909_11_21_63_0.jpg,alfeld,1
Alfeld/Leine,KS.Nr. 2,1903_03_14_75_0.jpg,alfeld,1
Alfeld/Leine,Alfeld,1900_08_06_66_0.jpg,alfeld,1
Alfeld/Leine,KS.Nr.6,1908_02_19_49_0.jpg,alfeld,1
Alfeld/Leine,KS.Nr. 86,1893_04_09_50_0.jpg,alfeld,1
Alfeld/Leine,,1878_12_17_15_0.jpg,alfeld,1
Alfeld/Leine,KS.Nr.89,1881_11_08_26_0.jpg,alfeld,1
Alfeld/Leine,KS.Nr.17,1895_04_06_62_0.jpg,alfeld,1
Alfeld/Leine,KS.Nr. 17,1895_04_06_63_0.jpg,alfeld,1
Alfeld/Leine,KS.Nr. 62,1899_05_11_34_0.jpg,alfeld,1
Alfeld/Leine,KS.Nr. 18,1899_04_22_39_0.jpg,alfeld,1
Alfeld/Leine,KS.Nr. 80,1899_11_08_35_0.jpg,alfeld,1
Alfeld/Leine,KS.Nr. 96,1899_04_30_30_0.jpg,alfeld,1
Alfeld/Leine,KS.Nr. 48,1886_02_20_17_0.jpg,alfeld,1
Alfeld/Leine,KS.Nr. 91,1896_01_29_52_0.jpg,alfeld,1
Alfeld/Leine,26,1906_07_22_17_0.jpg,alfeld,1
Alfeld/Leine,KS.Nr.94,1901_12_16_76_0.jpg,alfeld,1
Alfeld/Leine,KS.Nr. 81,1898_10_24_34_0.jpg,alfeld,1
Alfeld/Leine,KS.Nr. 15,1898_10_17_92_0.jpg,alfeld,1
Alfeld/Leine,KS.Nr. 101,1898_10_10_18_0.jpg,alfeld,1
Alfeld/Leine,Hoyershausen Nr. 5,1902_05_28_45_0.jpg,alfeld,1
Altenkirchen 'Westf.,axxxxx Nr.94,1915_01_03_65_0.jpg,altenkirchen,1
Altenkirchen Westerw,"a, xxx Nr. 51",1898_12_04_57_0.jpg,altenkirchen,1
Altenkirchen Westerw,"a,xxxx* Nr. 25",1898_05_05_177_0.jpg,altenkirchen,1
Altenkirchen Westerw.,"a, b, Nr. 15",1916_06_10_83_0.jpg,altenkirchen,1
Altenkirchen Westerw.,17,1874_01_12_7_0.jpg,altenkirchen,1
Altenkirchen Westerw.,56,1903_08_06_19_0.jpg,altenkirchen,1
Altenkirchen Westerw.,76,1900_09_20_59_0.jpg,altenkirchen,1
Altenkirchen Westerw.,12,1893_06_14_20_0.jpg,altenkirchen,1
Altenkirchen Westerw.,74,1905_09_28_47_0.jpg,altenkirchen,1
Altenkirchen Westerw.,58,1905_01_11_43_0.jpg,altenkirchen,1
Altenkirchen Westerw.,77,1883_09_13_9_0.jpg,altenkirchen,1
Altenkirchen Westerw.,64,1887_08_24_43_0.jpg,altenkirchen,1
Altenkirchen Westerw.,11,1887_10_17_19_0.jpg,altenkirchen,1
Altenkirchen Westerw.,"a, b, c, Nr. 26",1887_01_04_25_0.jpg,altenkirchen,1
Altenkirchen Westerw.,46,1887_07_06_50_0.jpg,altenkirchen,1
Altenkirchen Westerw.,"a,xxxx* Nr. 16",1895_03_18_85_0.jpg,altenkirchen,1
Altenkirchen Westerw.,"a, XXX* Nr. 14",1880_03_03_21_0.jpg,altenkirchen,1
Altenkirchen Westerw.,53,1888_01_22_38_0.jpg,altenkirchen,1
Altenkirchen Westerw.,"a, xxxxx Nr. 92",1907_08_29_64_0.jpg,altenkirchen,1
Altenkirchen Westerw.,"a,xxx, Nr. 35",1906_08_18_4_0.jpg,altenkirchen,1
Altenkirchen Westerw.,"a, xxx* Nr. 36",1898_01_26_57_0.jpg,altenkirchen,1
Altenkirchen Westerw.,95,1898_11_24_77_0.jpg,altenkirchen,1
Altenkirchen Westerw.,69,1909_02_24_39_0.jpg,altenkirchen,1
Altenkirchen Westerwald,23,1889_07_28_8_0.jpg,altenkirchen,1
Altenkirchen Westerwald,60,1911_02_23_46_0.jpg,altenkirchen,1
Altenkirchen Westerwald,"a, xxxx* Nr. 52",1888_02_23_2_0.jpg,altenkirchen,1
Altenkirchen Westerwald,6,1902_06_30_28_0.jpg,altenkirchen,1
Altenkirchen Westw.,75,1905_03_22_32_0.jpg,altenkirchen,1
Altenkirchen'Westerw.,24,1894_02_14_14_0.jpg,altenkirchen,1
"Altenkirchen, Westerw.",N85,1884_08_01_38_0.jpg,altenkirchen,1
"Altenkirchen, Westerw.",1,1903_11_15_36_0.jpg,altenkirchen,1
"Altenkirchen, Westerw.",8,1880_09_08_29_0.jpg,altenkirchen,1
"Altenkirchen, Westerw.",67,1906_01_23_99_0.jpg,altenkirchen,1
"Altenkirchen, Westerwald",79,1883_02_11_8_0.jpg,altenkirchen,1
Altenkirchen/Westerw.,9,1884_09_01_33_0.jpg,altenkirchen,1
Altenkirchen/Westerw.,"a, XXX* Nr. 13",1922_10_12_39_0.jpg,altenkirchen,1
Altenkirchen/Westerw.,aXXX* Nr.89,1883_10_06_21_0.jpg,altenkirchen,1
Altenkirchen/Westerwald,Grundliste axxxxx Nr. 91,1879_11_09_5_0.jpg,altenkirchen,1
Amt f. Wiedergutm.d.Stadt Essen,235 858,1899_07_23_71_0.jpg,essen,1
Amt f. Wiedergutmachung Duisburg,8-03767,1902_06_21_86_0.jpg,duisburg,1
Amt f. Wiedergutmachung in Essen,226 573 a,1925_03_11_66_0.jpg,essen,1
Amt für Wiedergutmachung - Essen,210328,1930_07_02_22_0.jpg,essen,1
Amt für Wiedergutmachung - Höxter/Weser,31932,1903_10_25_11_0.jpg,höxter,1
Amt für Wiedergutmachung - Höxter/Weser,64 917,1894_03_19_14_0.jpg,höxter,1
Amt für Wiedergutmachung - Höxter/Weser,31 987,1896_08_13_44_0.jpg,höxter,1
Amt für Wiedergutmachung - Kreisverwaltung Paderborn,68 149,1882_08_23_18_0.jpg,paderborn,1
Amt für Wiedergutmachung - Stadtverwaltung - Bochum,6 - 02294,1904_11_22_45_0.jpg,bochum,1
Amt für Wiedergutmachung - in Essen nach hier übernommen,3 02204,1928_01_02_20_0.jpg,essen,1
Amt für Wiedergutmachung - in Hagen /Westf.,3 02868,1937_10_01_16_0.jpg,hagen,1
Amt für Wiedergutmachung - in Halle (Westf),63 312,1877_09_07_4_0.jpg,halle,1
Amt für Wiedergutmachung Bochum,460 211,1888_06_23_17_0.jpg,bochum,1
Amt für Wiedergutmachung Bonn Stadt,348013,1885_02_18_11_0.jpg,bonn,1
Amt für Wiedergutmachung Bonn Stadt,20238,1879_09_24_8_0.jpg,bonn,1
Amt für Wiedergutmachung Bonn-Stadt,348 078,1875_01_21_6_0.jpg,bonn,1
Amt für Wiedergutmachung Bonn-Stadt,348 050,1875_02_16_20_0.jpg,bonn,1
Amt für Wiedergutmachung Bonn-Stadt,348 025,1884_03_17_15_0.jpg,bonn,1
Amt für Wiedergutmachung Bonn-Stadt,348 008,1884_03_23_32_0.jpg,bonn,1
Amt für Wiedergutmachung Bonn-Stadt,20429,1884_07_29_22_0.jpg,bonn,1
Amt für Wiedergutmachung Bonn-Stadt,82769,1894_09_03_34_0.jpg,bonn,1
Amt für Wiedergutmachung Bonn-Stadt,82771,1894_10_17_11_0.jpg,bonn,1
Amt für Wiedergutmachung Bonn-Stadt,348 039,1894_09_26_50_0.jpg,bonn,1
Amt für Wiedergutmachung Bonn-Stadt,20280,1921_05_13_45_0.jpg,bonn,1
Amt für Wiedergutmachung Bonn-Stadt,348 001,1918_10_03_61_0.jpg,bonn,1
Amt für Wiedergutmachung Bonn-Stadt,20516,1891_11_17_45_0.jpg,bonn,1
Amt für Wiedergutmachung Bonn-Stadt,348 087,1891_04_16_36_0.jpg,bonn,1
Amt für Wiedergutmachung Bonn-Stadt,20607,1891_01_28_78_0.jpg,bonn,1
Amt für Wiedergutmachung Bonn-Stadt,82931,1908_11_14_66_0.jpg,bonn,1
Amt für Wiedergutmachung Bonn-Stadt,20290,1926_11_22_36_0.jpg,bonn,1
Amt für Wiedergutmachung Bonn-Stadt,20094,1893_12_29_10_0.jpg,bonn,1
Amt für Wiedergutmachung Bonn-Stadt,82762,1893_03_01_19_0.jpg,bonn,1
Amt für Wiedergutmachung Bonn-Stadt,348090,1905_01_14_121_0.jpg,bonn,1
Amt für Wiedergutmachung Bonn-Stadt,20234,1889_05_03_27_0.jpg,bonn,1
Amt für Wiedergutmachung Bonn-Stadt,20299,1889_02_25_25_0.jpg,bonn,1
Amt für Wiedergutmachung Bonn-Stadt,20297,1878_01_05_7_0.jpg,bonn,1
Amt für Wiedergutmachung Bonn-Stadt,20568,1878_02_14_15_0.jpg,bonn,1
Amt für Wiedergutmachung Bonn-Stadt,20546,1878_01_10_11_0.jpg,bonn,1
Amt für Wiedergutmachung Bonn-Stadt,20274,1881_07_23_12_0.jpg,bonn,1
Amt für Wiedergutmachung Bonn-Stadt,348 058,1881_05_27_25_0.jpg,bonn,1
Amt für Wiedergutmachung Bonn-Stadt,20494,1881_01_13_25_0.jpg,bonn,1
Amt für Wiedergutmachung Bonn-Stadt,20147,1882_04_18_6_0.jpg,bonn,1
Amt für Wiedergutmachung Bonn-Stadt,348 056,1882_04_25_35_0.jpg,bonn,1
Amt für Wiedergutmachung Bonn-Stadt,82928,1882_03_26_21_0.jpg,bonn,1
Amt für Wiedergutmachung Bonn-Stadt,82062,1885_04_26_5_0.jpg,bonn,1
Amt für Wiedergutmachung Bonn-Stadt,348079,1911_05_01_32_0.jpg,bonn,1
Amt für Wiedergutmachung Bonn-Stadt,20130,1897_02_22_10_0.jpg,bonn,1
Amt für Wiedergutmachung Bonn-Stadt,20381,1897_10_16_57_0.jpg,bonn,1
Amt für Wiedergutmachung Bonn-Stadt,82763,1883_01_30_7_0.jpg,bonn,1
Amt für Wiedergutmachung Bonn-Stadt,348 084,1890_08_24_7_0.jpg,bonn,1
Amt für Wiedergutmachung Bonn-Stadt,348 036,1890_10_02_31_0.jpg,bonn,1
Amt für Wiedergutmachung Bonn-Stadt,348 046,1887_09_03_34_0.jpg,bonn,1
Amt für Wiedergutmachung Bonn-Stadt,20512,1887_09_05_39_0.jpg,bonn,1
Amt für Wiedergutmachung Bonn-Stadt,20561,1887_02_14_50_0.jpg,bonn,1
Amt für Wiedergutmachung Bonn-Stadt,20512 a,1887_09_05_40_0.jpg,bonn,1
Amt für Wiedergutmachung Bonn-Stadt,20666,1895_10_24_72_0.jpg,bonn,1
Amt für Wiedergutmachung Bonn-Stadt,20609,1895_03_17_83_0.jpg,bonn,1
Amt für Wiedergutmachung Bonn-Stadt,348 020,1880_02_19_1_0.jpg,bonn,1
Amt für Wiedergutmachung Bonn-Stadt,348 051,1888_09_15_97_0.jpg,bonn,1
Amt für Wiedergutmachung Bonn-Stadt,20667,1899_08_30_66_0.jpg,bonn,1
Amt für Wiedergutmachung Bonn-Stadt,20239,1872_04_21_3_0.jpg,bonn,1
Amt für Wiedergutmachung Bonn-Stadt,348 032,1872_03_14_8_0.jpg,bonn,1
Amt für Wiedergutmachung Bonn-Stadt,82772,1886_11_28_7_0.jpg,bonn,1
Amt für Wiedergutmachung Bonn-Stadt,348 073,1892_08_10_4_0.jpg,bonn,1
Amt für Wiedergutmachung Bonn-Stadt,422 813,1892_04_08_43_0.jpg,bonn,1
Amt für Wiedergutmachung Bonn-Stadt,20180,1892_03_09_17_0.jpg,bonn,1
Amt für Wiedergutmachung Bonn-Stadt,20286,1896_10_12_32_0.jpg,bonn,1
Amt für Wiedergutmachung Bonn-Stadt,82712,1896_01_19_47_0.jpg,bonn,1
Amt für Wiedergutmachung Bonn-Stadt,20534,1877_08_26_16_0.jpg,bonn,1
Amt für Wiedergutmachung Bonn-Stadt,82925,1877_01_04_15_0.jpg,bonn,1
Amt für Wiedergutmachung Bonn-Stadt,20683,1906_02_24_130_0.jpg,bonn,1
Amt für Wiedergutmachung Bonn-Stadt,20269,1906_02_08_37_0.jpg,bonn,1
Amt für Wiedergutmachung Bonn-Stadt,20195,1906_05_24_37_0.jpg,bonn,1
Amt für Wiedergutmachung Bonn-Stadt,20104,1906_05_26_14_0.jpg,bonn,1
Amt für Wiedergutmachung Bonn-Stadt,20313,1898_11_13_50_0.jpg,bonn,1
Amt für Wiedergutmachung Bonn-Stadt,20072,1876_05_16_1_0.jpg,bonn,1
Amt für Wiedergutmachung Bonn-Stadt,82923,1879_04_09_9_0.jpg,bonn,1
Amt für Wiedergutmachung Bonn-Stadt,348 018,1879_09_07_1_0.jpg,bonn,1
Amt für Wiedergutmachung Bonn-Stadt,20176,1879_03_23_4_0.jpg,bonn,1
Amt für Wiedergutmachung Bonn-Stadt,348 017 a,1902_06_06_82_0.jpg,bonn,1
Amt für Wiedergutmachung Bonn-Stadt,20663,1902_11_12_23_0.jpg,bonn,1
Amt für Wiedergutmachung Bonn-Stadt,348 017,1902_06_06_81_0.jpg,bonn,1
Amt für Wiedergutmachung Bonn-Stadt,20113,1902_02_02_17_0.jpg,bonn,1
Amt für Wiedergutmachung Dinslaken,801438 b,1932_02_11_35_0.jpg,dinslaken,1
Amt für Wiedergutmachung Dortmund,5/01431,1899_07_18_74_0.jpg,dortmund,1
Amt für Wiedergutmachung Duisburg,654 479,1920_10_23_68_0.jpg,duisburg,1
Amt für Wiedergutmachung Essen,ZK 210 604,1922_03_09_44_0.jpg,essen,1
Amt für Wiedergutmachung Essen,ZK 210 695,1928_10_08_82_0.jpg,essen,1
Amt für Wiedergutmachung Essen,ZK 210 637,1924_05_01_129_0.jpg,essen,1
Amt für Wiedergutmachung Essen,ZK 210 689,1890_08_06_40_0.jpg,essen,1
Amt für Wiedergutmachung Essen,ZK 208 456,1896_08_30_19_0.jpg,essen,1
Amt für Wiedergutmachung Essen,ZK 210 633,1904_12_26_12_0.jpg,essen,1
Amt für Wiedergutmachung Essen,ZK 210 642,1927_06_13_31_0.jpg,essen,1
Amt für Wiedergutmachung Essen,ZK 210 693,1925_03_03_66_0.jpg,essen,1
Amt für Wiedergutmachung Essen,ZK 210 694,1925_03_28_34_0.jpg,essen,1
Amt für Wiedergutmachung Essen,ZK 210 613,1898_08_29_46_0.jpg,essen,1
Amt für Wiedergutmachung Essen,ZK 210 614,1898_08_29_47_0.jpg,essen,1
Amt für Wiedergutmachung Essen,ZK 210 643,1910_07_22_33_0.jpg,essen,1
Amt für Wiedergutmachung Essen,ZK 210 697,1913_10_08_87_0.jpg,essen,1
Amt für Wiedergutmachung Essen,ZK 210 699,1909_09_30_67_0.jpg,essen,1
Amt für Wiedergutmachung Hamm (Westf.),165.144,1920_05_22_92_0.jpg,hamm,1
Amt für Wiedergutmachung Höxter,31 979 c,1916_03_02_43_0.jpg,höxter,1
Amt für Wiedergutmachung Höxter,170 573 g,1900_05_29_63_0.jpg,höxter,1
Amt für Wiedergutmachung Höxter,737 739 b,1922_02_17_56_0.jpg,höxter,1
Amt für Wiedergutmachung Höxter,170 640,1920_01_29_57_0.jpg,höxter,1
Amt für Wiedergutmachung Höxter,43 398 a,1920_01_29_58_0.jpg,höxter,1
Amt für Wiedergutmachung Höxter,226 355 b,1891_02_16_29_0.jpg,höxter,1
Amt für Wiedergutmachung Höxter,170 609,1891_01_30_47_0.jpg,höxter,1
Amt für Wiedergutmachung Höxter,74 295 c,1912_11_13_19_0.jpg,höxter,1
Amt für Wiedergutmachung Höxter,170 117 b,1912_04_18_7_0.jpg,höxter,1
Amt für Wiedergutmachung Höxter,170 543 b,1908_05_07_68_0.jpg,höxter,1
Amt für Wiedergutmachung Höxter,170 543 d,1915_07_18_65_0.jpg,höxter,1
Amt für Wiedergutmachung Höxter,170 582 b,1893_07_20_61_0.jpg,höxter,1
Amt für Wiedergutmachung Höxter,170 608 d,1905_11_13_91_0.jpg,höxter,1
Amt für Wiedergutmachung Höxter,170 621,1887_05_25_31_0.jpg,höxter,1
Amt für Wiedergutmachung Höxter,170 621 e,1899_02_08_30_0.jpg,höxter,1
Amt für Wiedergutmachung Höxter,170 621 c,1892_07_12_6_0.jpg,höxter,1
Amt für Wiedergutmachung Höxter,170 568 b,1896_03_27_20_0.jpg,höxter,1
Amt für Wiedergutmachung Höxter,170 569 b,1896_03_27_19_0.jpg,höxter,1
Amt für Wiedergutmachung Höxter,170 564 b,1896_03_27_18_0.jpg,höxter,1
Amt für Wiedergutmachung Höxter,170 633,1904_12_23_56_0.jpg,höxter,1
Amt für Wiedergutmachung Höxter,64 992,1904_06_01_50_0.jpg,höxter,1
Amt für Wiedergutmachung Höxter,31 979 d,1907_04_16_86_0.jpg,höxter,1
Amt für Wiedergutmachung Höxter,64 992 e,1901_05_11_65_0.jpg,höxter,1
Amt für Wiedergutmachung Höxter,170 582 c,1901_05_11_64_0.jpg,höxter,1
Amt für Wiedergutmachung Höxter,170 614,1898_06_10_39_0.jpg,höxter,1
Amt für Wiedergutmachung Höxter,31 949 a-b,1898_08_14_34_0.jpg,höxter,1
Amt für Wiedergutmachung Höxter,170 505 b,1910_05_06_17_0.jpg,höxter,1
Amt für Wiedergutmachung Höxter,170 543 c,1910_01_04_62_0.jpg,höxter,1
Amt für Wiedergutmachung Höxter,74 295 b,1910_05_06_16_0.jpg,höxter,1
Amt für Wiedergutmachung Höxter,170 608 e,1930_11_25_81_0.jpg,höxter,1
Amt für Wiedergutmachung Höxter,170 606 a,1902_04_05_16_0.jpg,höxter,1
Amt für Wiedergutmachung Höxter,170 200 d,1902_08_14_82_0.jpg,höxter,1
Amt für Wiedergutmachung Höxter,64 757 a,1909_02_16_70_0.jpg,höxter,1
Amt für Wiedergutmachung Höxter,170 158 b,1909_04_12_22_0.jpg,höxter,1
Amt für Wiedergutmachung Höxter,616 671 b,1909_04_12_26_0.jpg,höxter,1
Amt für Wiedergutmachung Höxter,170 543 e,1917_11_27_27_0.jpg,höxter,1
Amt für Wiedergutmachung Kreisverwaltung Paderborn,68 111,1884_09_09_7_0.jpg,paderborn,1
Amt für Wiedergutmachung Kreisverwaltung Paderborn,68 009,1921_07_12_96_0.jpg,paderborn,1
Amt für Wiedergutmachung Kreisverwaltung Paderborn,68 072,1920_06_16_142_0.jpg,paderborn,1
Amt für Wiedergutmachung Kreisverwaltung Paderborn,68 196,1891_10_22_19_0.jpg,paderborn,1
Amt für Wiedergutmachung Kreisverwaltung Paderborn,68 195,1889_11_17_22_0.jpg,paderborn,1
Amt für Wiedergutmachung Kreisverwaltung Paderborn,32 743,1880_12_09_7_0.jpg,paderborn,1
Amt für Wiedergutmachung Kreisverwaltung Paderborn,68 087,1892_10_23_38_0.jpg,paderborn,1
Amt für Wiedergutmachung Kreisverwaltung Paderborn,68 222,1917_02_28_28_0.jpg,paderborn,1
Amt für Wiedergutmachung Paderborn,68 192,1896_04_26_47_0.jpg,paderborn,1
Amt für Wiedergutmachung Recklinghausen,211 138,1914_06_02_118_0.jpg,recklinghausen,1
Amt für Wiedergutmachung Regierung Ansbach (Weff.),Z.K.461460 f,1899_02_28_35_0.jpg,ansbach,1
Amt für Wiedergutmachung Regierung Ansbach (Wf.),Z.K. 461460a,1910_03_20_8_0.jpg,ansbach,1
Amt für Wiedergutmachung Regierung Ansbach (Würt.),Z K. 461460j,1911_05_31_41_0.jpg,ansbach,1
Amt für Wiedergutmachung Stadt Bochum,348081,1893_12_08_37_0.jpg,bochum,1
Amt für Wiedergutmachung Stadt Gelsenkirchen,2 ol410,1894_11_10_12_0.jpg,gelsenkirchen,1
Amt für Wiedergutmachung b. Landkreis Höxter,31 957 b,1912_05_22_48_0.jpg,höxter,1
Amt für Wiedergutmachung b. Landkreis Höxter,31 957 a,1882_08_04_9_0.jpg,höxter,1
Amt für Wiedergutmachung b. Landkreis Höxter,226 355 a-b,1890_02_25_14_0.jpg,höxter,1
Amt für Wiedergutmachung beim Landkreis Paderborn,4 01624 c,1937_06_12_12_0.jpg,paderborn,1
Amt für Wiedergutmachung der Kreisverwaltung Lemgo,65 906,1932_07_03_13_0.jpg,lemgo,1
Amt für Wiedergutmachung der Stadt Bocholt,703848,1909_02_01_60_0.jpg,bocholt,1
Amt für Wiedergutmachung der Stadt Bonn,348 342,1884_03_23_29_0.jpg,bonn,1
Amt für Wiedergutmachung der Stadt Bonn,1 10903,1900_09_07_69_0.jpg,bonn,1
Amt für Wiedergutmachung der Stadt Bonn,82934,1881_04_24_25_0.jpg,bonn,1
Amt für Wiedergutmachung der Stadt Essen,5/01427,1873_07_27_4_0.jpg,essen,1
Amt für Wiedergutmachung der Stadt Essen,208 481a,1893_06_17_58_0.jpg,essen,1
Amt für Wiedergutmachung der Stadt Essen,208 480,1893_06_17_56_0.jpg,essen,1
Amt für Wiedergutmachung der Stadt Essen,208-482a,1893_06_17_57_0.jpg,essen,1
Amt für Wiedergutmachung der Stadt Essen,5/01136,1898_05_04_34_0.jpg,essen,1
Amt für Wiedergutmachung der Stadt Hamm,3 01406,1896_11_19_64_0.jpg,hamm,1
Amt für Wiedergutmachung der Stadt Lübeck,5/00701,1938_12_02_8_0.jpg,lübeck,1
Amt für Wiedergutmachung der Stadt Lübeck,3 01744,1899_03_03_98_0.jpg,lübeck,1
Amt für Wiedergutmachung der Stadt Lübeck,5/00659,1937_12_03_11_0.jpg,lübeck,1
Amt für Wiedergutmachung der Stadt Lübeck,5/00700,1937_12_03_12_0.jpg,lübeck,1
Amt für Wiedergutmachung der Stadt Lübeck in Lübeck,5/00660,1938_12_02_6_0.jpg,lübeck,1
Amt für Wiedergutmachung der Stadt Mülheim-Ruhr,702523,1919_12_26_89_0.jpg,mülheim,1
Amt für Wiedergutmachung der Stadt Wuppertal,702655,1914_12_09_13_0.jpg,wuppertal,1
Amt für Wiedergutmachung der Stadtverwaltung Solingen,3 02990,1937_10_10_23_0.jpg,solingen,1
Amt für Wiedergutmachung des Enneppe-Ruhr-Kreises in Schwelm,KZ 60,1916_06_08_102_0.jpg,schwelm,1
Amt für Wiedergutmachung des Landes Preußen in Bonn Hauptabteilung II,603 734,1922_02_01_93_0.jpg,bonn,1
Amt für Wiedergutmachung des Landes Preußen in Lübeck,602 316,1889_10_15_44_0.jpg,lübeck,1
Amt für Wiedergutmachung des Landes Preußen in Lübeck,602 558,1919_10_24_57_0.jpg,lübeck,1
Amt für Wiedergutmachung des Landes Preußen-Plötz,604 318,1902_07_21_115_0.jpg,plötz,1
Amt für Wiedergutmachung des Landes Preußen/Pommern in Lübeck,603 810,1916_05_12_2_0.jpg,"lübeck, pommern",2
Amt für Wiedergutmachung des Landes Rhein und Main in Frankfurt am Main,517 675,1909_05_05_77_0.jpg,frankfurt,1
Amt für Wiedergutmachung des Landes Rhein und Pfalz in Erlangen,601 255,1912_05_28_75_0.jpg,erlangen,1
Amt für Wiedergutmachung des Landes Sachsen-Anhalt,332 602,1906_07_07_106_0.jpg,sachsen,1
Amt für Wiedergutmachung des Landes Sachsen-Anhalt in Halle (Saale),601-358,1928_04_14_34_0.jpg,"halle, sachsen",2
Amt für Wiedergutmachung des Landes Sachsen-Anhalt in Leipzig,601.260,1886_08_13_42_0.jpg,"leipzig, sachsen",2
Amt für Wiedergutmachung des Landes Sachsen-Anhalt in Leipzig,601 250,1907_07_15_205_0.jpg,"leipzig, sachsen",2
Amt für Wiedergutmachung des Landes The und. Liz in Bonn Hauptabteilung II,603 606,1896_02_15_47_0.jpg,bonn,1
Amt für Wiedergutmachung des Landes Thüringen in Bonn,602 911,1914_09_01_1_0.jpg,bonn,1
Amt für Wiedergutmachung des Landes Thüringen in Erfurt,601 493,1912_12_18_6_0.jpg,erfurt,1
Amt für Wiedergutmachung des Landes Thüringen in Erfurt,602 204,1912_11_11_18_0.jpg,erfurt,1
Amt für Wiedergutmachung des Landes Thüringen in Erfurt Hauptabteilung II,601 703,1900_11_23_71_0.jpg,erfurt,1
Amt für Wiedergutmachung des Landes Thüringen in Erfurt Hauptabteilung II,603 888,1883_01_14_14_0.jpg,erfurt,1
Amt für Wiedergutmachung des Landes Thüringen in Erfurt Hauptabteilung II,601 330,1907_06_08_15_0.jpg,erfurt,1
Amt für Wiedergutmachung des Landes Thüringen in Leipzig Hauptabteilung II,602 222,1906_06_12_76_0.jpg,leipzig,1
Amt für Wiedergutmachung des Landes Thüringen-Platz in reich,604 500,1934_08_23_10_0.jpg,reich,1
Amt für Wiedergutmachung des Landes Thüringen/Frankfurt am Main,603 938,1948_04_06_1_0.jpg,frankfurt,1
Amt für Wiedergutmachung des Landes Thüringen/Pfalz in Erfurt Hauptabteilung II,602 544,1928_11_30_38_0.jpg,erfurt,1
Amt für Wiedergutmachung des Landes Thüringen/Pfalz in Erlangen Hauptabteilung II,602 018,1939_02_19_4_0.jpg,erlangen,1
Amt für Wiedergutmachung des Landkreises Höxter,737 739,1903_05_30_47_0.jpg,höxter,1
Amt für Wiedergutmachung des Landkreises Höxter,170 525 e,1912_05_19_65_0.jpg,höxter,1
Amt für Wiedergutmachung des Landkreises Höxter,631 474,1912_09_05_36_0.jpg,höxter,1
Amt für Wiedergutmachung des Landkreises Höxter,170 557 e,1908_08_26_84_0.jpg,höxter,1
Amt für Wiedergutmachung des Landkreises Höxter,170 557 b,1915_10_31_32_0.jpg,höxter,1
Amt für Wiedergutmachung des Landkreises Höxter,170 525,1926_12_26_92_0.jpg,höxter,1
Amt für Wiedergutmachung des Landkreises Höxter,170 608 f,1932_01_19_41_0.jpg,höxter,1
Amt für Wiedergutmachung des Landkreises Höxter,432 036 b,1924_05_02_45_0.jpg,höxter,1
Amt für Wiedergutmachung des Landkreises Höxter,170 525 b,1923_10_07_64_0.jpg,höxter,1
Amt für Wiedergutmachung des Landkreises Höxter,170 119 a,1899_07_24_43_0.jpg,höxter,1
Amt für Wiedergutmachung des Landkreises Höxter,ZK. 170 634,1886_11_29_38_0.jpg,höxter,1
Amt für Wiedergutmachung des Landkreises Höxter,170 504 a,1886_11_29_39_0.jpg,höxter,1
Amt für Wiedergutmachung des Landkreises Höxter,170 557 c,1904_07_30_36_0.jpg,höxter,1
Amt für Wiedergutmachung des Landkreises Höxter,170 525 d,1919_06_21_85_0.jpg,höxter,1
Amt für Wiedergutmachung des Landkreises Höxter,170 557 d,1902_05_19_14_0.jpg,höxter,1
Amt für Wiedergutmachung des Landkreises Höxter,170 540 a,1909_03_31_111_0.jpg,höxter,1
Amt für Wiedergutmachung des Landkreises Höxter,64 900 C,1917_07_20_6_0.jpg,höxter,1
Amt für Wiedergutmachung des Landkreises Höxter,631 474 b,1917_05_29_23_0.jpg,höxter,1
Amt für Wiedergutmachung für den Stad- und Landkreis Recklinghausen,441 088,1906_06_17_71_0.jpg,recklinghausen,1
Amt für Wiedergutmachung für den Stad- und Landkreis Rödinghausen,446 663,1906_03_15_227_0.jpg,rödinghausen,1
Amt für Wiedergutmachung für den Stadt- und Landkreis Recklinghausen,217 145,1895_06_17_10_0.jpg,recklinghausen,1
Amt für Wiedergutmachung in Bonn,1 12205,1900_04_26_51_0.jpg,bonn,1
Amt für Wiedergutmachung in Bonn,1 06411,1915_05_31_45_0.jpg,bonn,1
Amt für Wiedergutmachung in Dortmund,5/01138,1901_04_08_82_0.jpg,dortmund,1
Amt für Wiedergutmachung in Dortmund,5/00131,1901_04_08_76_0.jpg,dortmund,1
Amt für Wiedergutmachung in Duisburg,198 585,1894_09_12_14_0.jpg,duisburg,1
Amt für Wiedergutmachung in Duisburg,5/01471,1921_03_27_87_0.jpg,duisburg,1
Amt für Wiedergutmachung in Duisburg,5/01471,1921_03_27_86_0.jpg,duisburg,1
Amt für Wiedergutmachung in Duisburg,198587,1887_03_09_16_0.jpg,duisburg,1
Amt für Wiedergutmachung in Duisburg,3 03008a,1886_08_01_46_0.jpg,duisburg,1
Amt für Wiedergutmachung in Essen,2/00962,1873_02_04_2_0.jpg,essen,1
Amt für Wiedergutmachung in Essen,5/01683,1901_02_17_37_0.jpg,essen,1
Amt für Wiedergutmachung in Hamm/Westfalen,3 02305,1928_03_19_7_0.jpg,hamm,1
Amt für Wiedergutmachung in Herford,64 228 d,1903_09_18_68_0.jpg,herford,1
Amt für Wiedergutmachung in Herford,31 693,1918_05_19_23_0.jpg,herford,1
Amt für Wiedergutmachung in Herford,703 354 c,1905_06_15_67_0.jpg,herford,1
Amt für Wiedergutmachung in Herford,64 509 a,1898_02_24_28_0.jpg,herford,1
Amt für Wiedergutmachung in Herford,5/01424,1898_12_27_37_0.jpg,herford,1
Amt für Wiedergutmachung in Herne i.W.,5/01111,1926_11_11_52_0.jpg,herne,1
Amt für Wiedergutmachung in Höxter,170 611,1895_03_21_37_0.jpg,höxter,1
Amt für Wiedergutmachung in Höxter,31 979 b,1906_01_20_100_0.jpg,höxter,1
Amt für Wiedergutmachung in Höxter,616 669 0,1909_04_12_25_0.jpg,höxter,1
Amt für Wiedergutmachung in Neuss/Rh.,ES/A 18156,1903_04_08_100_0.jpg,neuss,1
Amt für Wiedergutmachung in Oberhausen/Rheinland,6 - 01054,1901_11_24_83_0.jpg,oberhausen,1
Amt für Wiedergutmachung in Oberhausen/Rheinland,23 10 12,1901_11_24_84_0.jpg,oberhausen,1
Amt für Wiedergutmachung in Paderborn,68 058,1884_09_30_14_0.jpg,paderborn,1
Amt für Wiedergutmachung in Paderborn,68 132,1884_02_24_8_0.jpg,paderborn,1
Amt für Wiedergutmachung in Paderborn,68 191,1874_02_04_4_0.jpg,paderborn,1
Amt für Wiedergutmachung in Paderborn,32 688,1903_12_13_95_0.jpg,paderborn,1
Amt für Wiedergutmachung in Paderborn,63 916,1891_08_20_32_0.jpg,paderborn,1
Amt für Wiedergutmachung in Paderborn,68 215,1891_05_10_108_0.jpg,paderborn,1
Amt für Wiedergutmachung in Paderborn,31 048,1891_01_08_37_0.jpg,paderborn,1
Amt für Wiedergutmachung in Paderborn,68 217,1908_12_10_73_0.jpg,paderborn,1
Amt für Wiedergutmachung in Paderborn,68 104,1893_01_22_29_0.jpg,paderborn,1
Amt für Wiedergutmachung in Paderborn,68 203,1893_09_08_38_0.jpg,paderborn,1
Amt für Wiedergutmachung in Paderborn,61 791,1878_03_10_23_0.jpg,paderborn,1
Amt für Wiedergutmachung in Paderborn,32 652,1882_02_02_2_0.jpg,paderborn,1
Amt für Wiedergutmachung in Paderborn,68 219,1882_12_18_35_0.jpg,paderborn,1
Amt für Wiedergutmachung in Paderborn,68 198,1885_02_09_41_0.jpg,paderborn,1
Amt für Wiedergutmachung in Paderborn,68 130,1911_10_19_31_0.jpg,paderborn,1
Amt für Wiedergutmachung in Paderborn,68 158,1888_08_07_1_0.jpg,paderborn,1
Amt für Wiedergutmachung in Paderborn,68 159,1888_08_24_17_0.jpg,paderborn,1
Amt für Wiedergutmachung in Paderborn,32 686,1888_03_04_47_0.jpg,paderborn,1
Amt für Wiedergutmachung in Paderborn,32 664,1899_12_21_40_0.jpg,paderborn,1
Amt für Wiedergutmachung in Paderborn,68 218,1914_09_20_129_0.jpg,paderborn,1
Amt für Wiedergutmachung in Paderborn,68 096,1892_12_08_42_0.jpg,paderborn,1
Amt für Wiedergutmachung in Paderborn,68 097,1896_07_20_12_0.jpg,paderborn,1
Amt für Wiedergutmachung in Paderborn,68 006,1877_11_01_6_0.jpg,paderborn,1
Amt für Wiedergutmachung in Paderborn,68 117,1877_03_07_13_0.jpg,paderborn,1
Amt für Wiedergutmachung in Paderborn,68 114,1877_08_11_4_0.jpg,paderborn,1
Amt für Wiedergutmachung in Paderborn,68 134,1906_06_05_27_0.jpg,paderborn,1
Amt für Wiedergutmachung in Paderborn,68 202,1906_05_16_21_0.jpg,paderborn,1
Amt für Wiedergutmachung in Paderborn,31 006,1898_06_12_6_0.jpg,paderborn,1
Amt für Wiedergutmachung in Paderborn,68 226,1898_11_21_18_0.jpg,paderborn,1
Amt für Wiedergutmachung in Paderborn,32 677,1898_05_31_64_0.jpg,paderborn,1
Amt für Wiedergutmachung in Paderborn,68 089,1910_02_25_102_0.jpg,paderborn,1
Amt für Wiedergutmachung in Paderborn,32 738,1913_02_15_85_0.jpg,paderborn,1
Amt für Wiedergutmachung in Paderborn,68 220,1879_03_23_1_0.jpg,paderborn,1
Amt für Wiedergutmachung in Paderborn,68 110,1902_08_27_102_0.jpg,paderborn,1
Amt für Wiedergutmachung in Paderborn,32 706,1909_05_24_106_0.jpg,paderborn,1
Amt für Wiedergutmachung in Recklinghausen,1 24066,1921_01_10_45_0.jpg,recklinghausen,1
Amt für Wiedergutmachung in Remscheid,702322,1906_06_26_14_0.jpg,remscheid,1
Amt für Wiedergutmachung in Waldbröl / Rhld.,6 - 02326,1891_11_29_15_0.jpg,waldbröl,1
Amt für Wiedergutmachung in Wuppertal-Barmen,6-01271,1905_06_05_82_0.jpg,wuppertal,1
Amt für Wiedergutmachung in Wuppertal-Elberfeld,6-01735,1933_12_11_24_0.jpg,wuppertal,1
Amt für Wiedergutmachung in Wuppertal-Elberfeld,6-01736,1933_12_11_23_0.jpg,wuppertal,1
"Amt für Wiedergutmachung, Essen",5/01547,1923_02_05_27_0.jpg,essen,1
"Amt für Wiedergutmachung, Essen",221 467 a,1899_07_23_72_0.jpg,essen,1
"Amt für Wiedergutmachung, Halle (Wesff.)",63 371,1904_11_16_65_0.jpg,halle,1
"Amt für Wiedergutmachung, Halle (Westf.)",63318,1888_05_08_31_0.jpg,halle,1
"Amt für Wiedergutmachung, Höxter",64 992 b,1897_12_30_48_0.jpg,höxter,1
"Amt für Wiedergutmachung, Kreisverwaltung Paderborn",32 744,1903_06_05_10_0.jpg,paderborn,1
"Amt für Wiedergutmachung, Kreisverwaltung Paderborn",68 059,1920_07_24_69_0.jpg,paderborn,1
"Amt für Wiedergutmachung, Kreisverwaltung Paderborn",32 672,1895_01_16_31_0.jpg,paderborn,1
"Amt für Wiedergutmachung, Kreisverwaltung Paderborn",68 113,1877_11_01_5_0.jpg,paderborn,1
"Amt für Wiedergutmachung, Kreisverwaltung Paderborn",68 105,1898_09_01_54_0.jpg,paderborn,1
"Amt für Wiedergutmachung, Kreisverwaltung Paderborn",68 017,1879_01_16_4_0.jpg,paderborn,1
"Amt für Wiedergutmachung, Landkreis Iserlohn",Z.K. 461 457,1920_10_24_28_0.jpg,iserlohn,1
"Amt für Wiedergutmachung, Landkreis Iserlohn",Z.K. 461 463,1893_10_08_74_0.jpg,iserlohn,1
"Amt für Wiedergutmachung, Landkreis Iserlohn",Z.K. 461379 L,1886_01_21_22_0.jpg,iserlohn,1
"Amt für Wiedergutmachung, Landkreis Iserlohn",Z.K. 464379 M,1913_10_04_70_0.jpg,iserlohn,1
"Amt für Wiedergutmachung, Landkreis Iserlohn",Z.K. 461 459,1917_07_20_30_0.jpg,iserlohn,1
"Amt für Wiedergutmachung, Regierung Ansbach (Bay.)",461 462,1901_01_19_11_0.jpg,ansbach,1
"Amt für Wiedergutmachung, Regierung Ansbach (Wehr.)",Z.K. 461460,1894_10_02_16_0.jpg,"ansbach, wehr",2
"Amt für Wiedergutmachung, Regierung Ansbach (Würt.)",Z.K. 461460e,1891_12_15_14_0.jpg,ansbach,1
"Amt für Wiedergutmachung, Stadt Bocholt",6 - 01873,1905_03_29_30_0.jpg,bocholt,1
"Amt für Wiedergutmachung, Stadt Essen in Essen",5/01229,1915_07_27_61_0.jpg,essen,1
"Amt für Wiedergutmachung, Stadt Remscheid",Z.K. 755 960a,1903_05_13_31_0.jpg,remscheid,1
"Amt für Wiedergutmachung, Stadt Witten/Ruhr",1 10438,1922_12_24_119_0.jpg,witten,1
Amt für Wiedergutmachung-Herford,5/01412,1905_04_10_120_0.jpg,herford,1
Amt. Präs. Würzburg,441 719,1887_06_27_24_0.jpg,würzburg,1
Amtierungs Amtsberg (Wf.),52 038 b,1895_09_04_30_0.jpg,amtsberg,1
Amtsgericht Aichach (Weltf.),56 650,1919_10_31_51_0.jpg,aichach,1
Amtsgericht Amberg (W.E.R.I.),166 302,1903_11_14_136_0.jpg,amberg,1
Amtsgericht Dortmund (Möll),169 614 a,1908_02_08_92_0.jpg,dortmund,1
Amtsgericht Hagen,29.386.a,1914_12_28_128_0.jpg,hagen,1
Amtsgericht Jena (Weimar),26 746,1893_11_01_34_0.jpg,"jena, weimar",2
Amtsgruppe Lindau,123632/L1/132,1879_04_27_17_0.jpg,lindau,1
Amtsvormundschaft Erkelenz,ZK: 48 110,1940_10_23_14_0.jpg,erkelenz,1
An Buendisch-Leipzig,1/03733,1929_11_24_2_0.jpg,leipzig,1
An Bunde,1/03276,1874_11_11_16_0.jpg,bunde,1
An Bunde,1 16860,1921_10_05_109_0.jpg,bunde,1
An Bunde,1 19372,1904_09_25_7_0.jpg,bunde,1
An Bunde deckartei,10986,1926_01_16_89_0.jpg,bunde,1
An Bunde[r]kartei,1 01865,1917_11_03_19_0.jpg,bunde,1
An Bundeskartei in Halle/Saale,203330,1888_03_27_9_0.jpg,halle,1
An Kassierer Amtsberg 9.3.66 Weiler o. Gl.,J 296591,1934_05_03_55_0.jpg,"amtsberg, weiler",2
An der Altenburg,702514,1924_06_06_90_0.jpg,altenburg,1
An die EB Witten/Ruhr -Stadt-,1 35441 a,1929_07_01_43_0.jpg,witten,1
Anerkennung Amtsberg (Welt.),169 487 a,1887_04_24_37_0.jpg,"amtsberg, welt",2
Ankunft Bunde,1 16611,1899_05_02_13_0.jpg,bunde,1
Anmerkung Amtsberg (Wff),462 186,1923_04_23_182_0.jpg,amtsberg,1
Ansbach (Def.),53.811.a,1908_12_31_49_0.jpg,ansbach,1
Ansbach (Welf.),50/10 N 81 K 163386,1904_06_26_7_0.jpg,ansbach,1
Ansbach (Wff.),461 912,1929_05_08_31_0.jpg,ansbach,1
Ansbach (Württ.),169 634,1895_07_16_44_0.jpg,ansbach,1
Ansgl. Amt Frankfurt/M,DV 57 941,1892_10_19_46_0.jpg,frankfurt,1
Ansl. Amt Frankfurt/M.,42 058,1900_07_23_5_0.jpg,frankfurt,1
Anspruchsamt Frankfurt/Am Main,422-961,1906_05_11_78_0.jpg,frankfurt,1
Ansprüche der Ast. Bezirksamt für Wiedergutmachung,262 525,1901_11_16_44_0.jpg,ast,1
Anstalt Bünde,401 206,1900_01_19_42_0.jpg,bünde,1
"Arnhem/Niederlande, Sickeres-plein 3",217 306 a,1904_03_27_70_0.jpg,plein,1
Augsburg,1050,1884_08_30_17_0.jpg,augsburg,1
Augsburg,55 101,1903_12_06_43_0.jpg,augsburg,1
Augsburg,56 675,1903_11_22_101_0.jpg,augsburg,1
Augsburg,27 642,1900_05_08_59_0.jpg,augsburg,1
Augsburg,50982,1922_12_26_95_0.jpg,augsburg,1
Augsburg,ZK 462 309,1922_06_25_99_0.jpg,augsburg,1
Augsburg,6-01872,1920_10_17_21_0.jpg,augsburg,1
Augsburg,56 655,1908_10_14_44_0.jpg,augsburg,1
Augsburg,27 295 a,1915_01_07_117_0.jpg,augsburg,1
Augsburg,460 902 g,1928_11_10_31_0.jpg,augsburg,1
Augsburg,26 653,1889_07_14_46_0.jpg,augsburg,1
Augsburg,167 798,1881_01_23_13_0.jpg,augsburg,1
Augsburg,168 840 a,1923_01_03_2_0.jpg,augsburg,1
Augsburg,23836,1923_03_10_74_0.jpg,augsburg,1
Augsburg,6-01239,1897_10_31_46_0.jpg,augsburg,1
Augsburg,27009,1887_09_26_4_0.jpg,augsburg,1
Augsburg,50 727,1880_04_27_13_0.jpg,augsburg,1
Augsburg,27 881,1888_04_01_3_0.jpg,augsburg,1
Augsburg,5/01544,1904_10_22_13_0.jpg,augsburg,1
Augsburg,59493/MZ/9293,1927_01_15_21_0.jpg,augsburg,1
Augsburg,54 865 a,1907_04_27_65_0.jpg,augsburg,1
Augsburg,50 191,1898_07_11_1_0.jpg,augsburg,1
Augsburg,30136,1898_05_27_96_0.jpg,augsburg,1
Augsburg (M.Ost),460 548/b,1908_09_11_4_0.jpg,augsburg,1
Augsburg (Mf.),K 432 52 766,1888_10_21_27_0.jpg,augsburg,1
Augsburg (Weff.),24 718,1912_02_01_148_0.jpg,augsburg,1
Augsburg (Welf.),462 108/a,1905_10_17_23_0.jpg,augsburg,1
Augsburg (West),169 236,1901_06_29_76_0.jpg,augsburg,1
Augsburg (Wf.),169 526,1905_10_03_6_0.jpg,augsburg,1
Augsburg (Wf.),165 368 a,1910_12_29_38_0.jpg,augsburg,1
Augsburg Tornagel (Betr.),59 980/59 980 a,1902_01_27_48_0.jpg,augsburg,1
Augsburg/Ostfranken,6-00749,1888_06_24_1_0.jpg,augsburg,1
Aumühle h 1. Ostfriesland,6 - 01321,1883_06_15_30_0.jpg,aumühle,1
Ausgl.Amt Offenbach,56.X.907.453,1932_05_03_32_0.jpg,offenbach,1
Ausgl.Amt Offenbach,Art. V-56-II-Nr. 134 644,1910_04_25_40_0.jpg,offenbach,1
Ausw. Amt Bonn,,1890_05_24_79_0.jpg,bonn,1
"Ausw. Amt, Bonn",6831,1919_09_15_118_0.jpg,bonn,1
B.Amt F.Ver.Schutz,13486,1904_05_13_109_0.jpg,schutz,1
"BFD West, Würzburg 1-3",VV 5027 - H 4210 - BV RF 424-5,1942_04_05_10_0.jpg,würzburg,1
BFH/Bonn,541401472 G-9/61,1921_08_25_35_0.jpg,bonn,1
BHF Bonn,10.HF 241/05,1940_04_19_12_0.jpg,bonn,1
BMF Bonn,HNG - 5584,1894_07_02_33_0.jpg,bonn,1
BMF Bonn,201311030742,1942_01_01_21_0.jpg,bonn,1
BZA Zellendorf,48 154,1895_12_25_113_0.jpg,zellendorf,1
"BZA, Zeulenroda",213 089,1888_10_13_5_0.jpg,zeulenroda,1
BZK-Stelle im Haus,626 496,1927_07_07_30_0.jpg,stelle,1
Bad Kreuznach,B 1616 / S,1884_07_05_5_0.jpg,bad kreuznach,1
Bad Kreuznach,191,1884_07_30_15_0.jpg,bad kreuznach,1
Bad Kreuznach,261,1916_05_17_46_0.jpg,bad kreuznach,1
Bad Kreuznach,98,1903_06_03_75_0.jpg,bad kreuznach,1
Bad Kreuznach,308,1903_08_30_51_0.jpg,bad kreuznach,1
Bad Kreuznach,148,1900_09_22_92_0.jpg,bad kreuznach,1
Bad Kreuznach,379,1900_12_26_105_0.jpg,bad kreuznach,1
Bad Kreuznach,182,1894_11_23_34_0.jpg,bad kreuznach,1
Bad Kreuznach,30,1873_12_29_10_0.jpg,bad kreuznach,1
Bad Kreuznach,A 669 / K,1912_08_18_43_0.jpg,bad kreuznach,1
Bad Kreuznach,75,1908_04_21_14_0.jpg,bad kreuznach,1
Bad Kreuznach,125,1893_01_19_9_0.jpg,bad kreuznach,1
Bad Kreuznach,41,1893_04_15_52_0.jpg,bad kreuznach,1
Bad Kreuznach,130,1893_05_09_19_0.jpg,bad kreuznach,1
Bad Kreuznach,A 928 / K,1893_02_28_58_0.jpg,bad kreuznach,1
Bad Kreuznach,335,1905_06_26_30_0.jpg,bad kreuznach,1
Bad Kreuznach,A 924 / K,1905_04_02_112_0.jpg,bad kreuznach,1
Bad Kreuznach,1697A,1905_04_10_148_0.jpg,bad kreuznach,1
Bad Kreuznach,51,1889_09_15_41_0.jpg,bad kreuznach,1
Bad Kreuznach,37,1889_10_15_24_0.jpg,bad kreuznach,1
Bad Kreuznach,140,1889_09_19_29_0.jpg,bad kreuznach,1
Bad Kreuznach,146,1889_11_25_14_0.jpg,bad kreuznach,1
Bad Kreuznach,190,1878_10_24_26_0.jpg,bad kreuznach,1
Bad Kreuznach,B 649 / K,1878_01_24_5_0.jpg,bad kreuznach,1
Bad Kreuznach,107,1882_07_01_5_0.jpg,bad kreuznach,1
Bad Kreuznach,66,1882_03_15_23_0.jpg,bad kreuznach,1
Bad Kreuznach,108,1882_09_15_8_0.jpg,bad kreuznach,1
Bad Kreuznach,118,1885_03_01_39_0.jpg,bad kreuznach,1
Bad Kreuznach,7,1911_02_22_9_0.jpg,bad kreuznach,1
Bad Kreuznach,189,1897_12_09_24_0.jpg,bad kreuznach,1
Bad Kreuznach,46,1883_04_23_35_0.jpg,bad kreuznach,1
Bad Kreuznach,167,1890_05_04_51_0.jpg,bad kreuznach,1
Bad Kreuznach,280,1887_04_22_15_0.jpg,bad kreuznach,1
Bad Kreuznach,131,1887_03_27_27_0.jpg,bad kreuznach,1
Bad Kreuznach,101,1887_03_21_20_0.jpg,bad kreuznach,1
Bad Kreuznach,A 921 / K,1887_03_30_42_0.jpg,bad kreuznach,1
Bad Kreuznach,52,1880_09_28_13_0.jpg,bad kreuznach,1
Bad Kreuznach,71,1880_10_20_24_0.jpg,bad kreuznach,1
Bad Kreuznach,193,1899_03_01_6_0.jpg,bad kreuznach,1
Bad Kreuznach,184,1899_09_05_99_0.jpg,bad kreuznach,1
Bad Kreuznach,161,1899_03_24_4_0.jpg,bad kreuznach,1
Bad Kreuznach,158,1899_08_24_21_0.jpg,bad kreuznach,1
Bad Kreuznach,139,1886_12_07_13_0.jpg,bad kreuznach,1
Bad Kreuznach,5,1886_10_31_5_0.jpg,bad kreuznach,1
Bad Kreuznach,6,1886_10_31_4_0.jpg,bad kreuznach,1
Bad Kreuznach,A 676 / K,1914_03_01_78_0.jpg,bad kreuznach,1
Bad Kreuznach,150,1892_11_15_41_0.jpg,bad kreuznach,1
Bad Kreuznach,A 641 / K,1892_03_04_16_0.jpg,bad kreuznach,1
Bad Kreuznach,111,1892_04_29_45_0.jpg,bad kreuznach,1
Bad Kreuznach,4,1892_01_15_34_0.jpg,bad kreuznach,1
Bad Kreuznach,178,1896_04_24_49_0.jpg,bad kreuznach,1
Bad Kreuznach,108,1904_01_31_92_0.jpg,bad kreuznach,1
Bad Kreuznach,2,1904_08_17_53_0.jpg,bad kreuznach,1
Bad Kreuznach,297,1904_01_08_111_0.jpg,bad kreuznach,1
Bad Kreuznach,94,1925_09_04_26_0.jpg,bad kreuznach,1
Bad Kreuznach,293,1925_07_06_103_0.jpg,bad kreuznach,1
Bad Kreuznach,299,1907_07_10_34_0.jpg,bad kreuznach,1
Bad Kreuznach,179,1907_02_12_19_0.jpg,bad kreuznach,1
Bad Kreuznach,B 645 / K,1907_08_30_37_0.jpg,bad kreuznach,1
Bad Kreuznach,171,1906_12_25_24_0.jpg,bad kreuznach,1
Bad Kreuznach,196,1906_05_12_67_0.jpg,bad kreuznach,1
Bad Kreuznach,226,1906_02_07_65_0.jpg,bad kreuznach,1
Bad Kreuznach,164,1906_03_31_30_0.jpg,bad kreuznach,1
Bad Kreuznach,180,1901_01_20_71_0.jpg,bad kreuznach,1
Bad Kreuznach,227,1901_03_14_77_0.jpg,bad kreuznach,1
Bad Kreuznach,152,1901_09_16_89_0.jpg,bad kreuznach,1
Bad Kreuznach,135,1901_08_18_82_0.jpg,bad kreuznach,1
Bad Kreuznach,48,1898_04_12_14_0.jpg,bad kreuznach,1
Bad Kreuznach,247,1898_09_07_67_0.jpg,bad kreuznach,1
Bad Kreuznach,134,1910_06_06_128_0.jpg,bad kreuznach,1
Bad Kreuznach,9,1910_09_21_95_0.jpg,bad kreuznach,1
Bad Kreuznach,121,1876_07_09_7_0.jpg,bad kreuznach,1
Bad Kreuznach,B 773 / K,1913_01_06_76_0.jpg,bad kreuznach,1
Bad Kreuznach,35,1913_01_24_41_0.jpg,bad kreuznach,1
Bad Kreuznach,8,1913_01_20_9_0.jpg,bad kreuznach,1
Bad Kreuznach,216,1913_08_31_43_0.jpg,bad kreuznach,1
Bad Kreuznach,174,1902_11_09_64_0.jpg,bad kreuznach,1
Bad Kreuznach,26,1902_05_12_55_0.jpg,bad kreuznach,1
Bad Kreuznach,142,1902_02_19_67_0.jpg,bad kreuznach,1
Bad Kreuznach,99,1909_04_28_94_0.jpg,bad kreuznach,1
Bamberg Bezirksamt für Wiedergutmachung,301982,1920_03_12_95_0.jpg,bamberg,1
Bamberg Bezirksamt für Wiedergutmachung,713 761,1920_05_08_82_0.jpg,bamberg,1
Bamberg Bezirksamt für Wiedergutmachung,256 080,1923_05_03_179_0.jpg,bamberg,1
Bamberg Bezirksamt für Wiedergutmachung,810 623,1931_10_18_11_0.jpg,bamberg,1
Barth,816 711,1925_02_14_91_0.jpg,barth,1
Baumgarten,I 6 W 13894,1886_03_11_1_0.jpg,baumgarten,1
Bay. - Präs. - Lindhorst,35.119,1892_12_05_3_0.jpg,lindhorst,1
Bay. Prof. Bonn,441 760,1886_01_01_14_0.jpg,bonn,1
Bay. Präs. Würzburg,441 709,1881_07_07_13_0.jpg,würzburg,1
Bay. Zent. Stelle,20343/I/6886,1916_12_12_63_0.jpg,stelle,1
Bay. Zent. Stelle,56305/Mi/6305,1928_03_15_75_0.jpg,stelle,1
Bayer. Zent. Stelle,49 050,1897_10_27_45_0.jpg,stelle,1
Bayerische Landesentschädigungs- und Staats Schuldenverwaltung,31 07 37 0138,1937_07_31_11_0.jpg,staats,1
Bayerische Landesentschädigungs- und Staats Schuldenverwaltung,87 450/VI/8901,1925_12_01_64_0.jpg,staats,1
Bayerische Landesentschädigungs- und Staats-schuldenverwaltung,25 02 33 0229,1933_02_25_26_0.jpg,staats,1
Bayerische Landesentschädigungs- und Staats-schuldenverwaltung,87629/VI/9273,1916_05_25_113_0.jpg,staats,1
Bayerische Landesentschädigungs- und Staats-schuldenverwaltung,09 09 20 0650,1920_09_09_72_0.jpg,staats,1
Bayerische Landesentschädigungs- und Staats-schuldenverwaltung,96 273/VII/29,1908_04_20_13_0.jpg,staats,1
Bayerische Landesentschädigungs- und Staats-schuldenverwaltung,02 07 15 0437,1915_07_02_28_0.jpg,staats,1
Bayerische Landesentschädigungs- und Staats-schuldenverwaltung,16 03 15 0438,1915_03_16_72_0.jpg,staats,1
Bayerische Landesentschädigungs- und Staats-schuldenverwaltung,14 04 26 0439,1926_04_14_11_0.jpg,staats,1
Bayerische Landesentschädigungs- und Staats-schuldenverwaltung,07 02 26 0440,1926_02_07_107_0.jpg,staats,1
Bayerische Landesentschädigungs- und Staats-schuldenverwaltung,74 226/VII/16568,1926_09_25_31_0.jpg,staats,1
Bayerische Landesentschädigungs- und Staats-schuldenverwaltung,28 02 26 0750,1926_02_28_43_0.jpg,staats,1
Bayerische Landesentschädigungs- und Staats-schuldenverwaltung,20 03 13 0423,1923_03_20_168_0.jpg,staats,1
Bayerische Landesentschädigungs- und Staats-schuldenverwaltung,5078,1972_08_15_1_0.jpg,staats,1
Bayerische Landesentschädigungs- und Staats-schuldenverwaltung,04 06 19 0549,1914_07_25_24_0.jpg,staats,1
Bayerische Landesentschädigungs- und Staats-schuldenverwaltung,22 04 14 0227,1914_04_22_66_0.jpg,staats,1
Bayerische Landesentschädigungs- und Staats-schuldenverwaltung,05 12 27 0439,1927_12_05_15_0.jpg,staats,1
Bayerische Landesentschädigungs- und Staats-schuldenverwaltung,20 953/VII/3183,1925_09_21_28_0.jpg,staats,1
Bayerische Landesentschädigungs- und Staats-schuldenverwaltung,17 04 25 0239,1925_04_17_43_0.jpg,staats,1
Bayerische Landesentschädigungs- und Staats-schuldenverwaltung,70 518/VII/12717,1925_03_15_54_0.jpg,staats,1
Bayerische Landesentschädigungs- und Staats-schuldenverwaltungen,07 07 51 0137,1951_07_07_1_0.jpg,staats,1
Bayerisches Hilfswerk Außenstelle Augsburg,114145/VIII/5004,1909_12_17_43_0.jpg,augsburg,1
Bayerisches Landesamt für den Regierungsbezirk Nürnberg,82040/VII/2374,1896_11_16_24_0.jpg,nürnberg,1
Bayerisches Landesentschädigungsamt-Rüsselsheim,30922/II/3603,1889_02_08_36_0.jpg,rüsselsheim,1
Bayerisches Staatsministerium (Würzburg),460 114/460 114 f,1931_12_21_11_0.jpg,würzburg,1
Bayreuth,14 724,1884_12_01_46_0.jpg,bayreuth,1
Bayreuth,181 979,1916_11_18_4_0.jpg,bayreuth,1
Bayreuth,111613/18937,1903_04_22_18_0.jpg,bayreuth,1
Bayreuth,28562/VI/9277,1921_06_24_75_0.jpg,bayreuth,1
Bayreuth,BEG 1689,1912_08_15_164_0.jpg,bayreuth,1
Bayreuth,A.Z. 73527/VII/15832,1893_04_02_41_0.jpg,bayreuth,1
Bayreuth,BEG 1783,1893_01_29_41_0.jpg,bayreuth,1
Bayreuth,122317/IX 3096,1883_11_29_25_0.jpg,bayreuth,1
Bayreuth,236822,1888_06_24_44_0.jpg,bayreuth,1
Bayreuth,122667/IX/3201,1899_08_25_28_0.jpg,bayreuth,1
Bayreuth,2877/III/765,1877_01_06_8_0.jpg,bayreuth,1
Bayreuth,BEG 4063,1904_06_18_98_0.jpg,bayreuth,1
Bayreuth,182 308,1927_05_17_93_0.jpg,bayreuth,1
Bayreuth,82420/VII/24350,1925_10_06_20_0.jpg,bayreuth,1
Bayreuth,6021/III/1241,1906_04_01_12_0.jpg,bayreuth,1
Bayreuth,123424/VIII/5584,1898_07_06_46_0.jpg,bayreuth,1
Bayreuth,6082/III/1302,1898_12_17_80_0.jpg,bayreuth,1
Bayreuth,A.Z. 87076/VI/7923,1919_11_20_79_0.jpg,bayreuth,1
Bayreuth,BEG 54622,1930_06_10_65_0.jpg,bayreuth,1
Bayreuth Bezirksamt,40 128,1919_05_19_103_0.jpg,bayreuth,1
Bayreuth Landesentschädigungsamt,BEG 1064,1892_12_26_29_0.jpg,bayreuth,1
"Bayreuth, Ansbach (West.)",22 894,1920_08_01_11_0.jpg,"ansbach, bayreuth",2
Bayrisches Reich,A.Z. 169/VI/40,1936_12_17_28_0.jpg,reich,1
Bayrisches Rosenheim Landesentschädigungsamt,A.Z. 81.101/VII/22785,1887_02_12_45_0.jpg,rosenheim,1
Bazirksamt für Wiedergutmachung Mannheim,109 485,1894_10_24_2_0.jpg,mannheim,1
Bebra,346675,1916_12_07_27_0.jpg,bebra,1
Bebra,387759,1916_04_12_81_0.jpg,bebra,1
Bebra,402784,1916_05_08_61_0.jpg,bebra,1
Bebra,160097,1903_12_27_41_0.jpg,bebra,1
Bebra,161430,1903_00_00_122_0.jpg,bebra,1
Bebra,716091,1900_06_20_56_0.jpg,bebra,1
Bebra,388234,1900_08_15_157_0.jpg,bebra,1
Bebra,387903,1922_10_02_13_0.jpg,bebra,1
Bebra,198 363,1922_04_16_51_0.jpg,bebra,1
Bebra,381578,1922_01_13_45_0.jpg,bebra,1
Bebra,298149,1922_04_04_29_0.jpg,bebra,1
Bebra,321170,1922_03_28_109_0.jpg,bebra,1
Bebra,404227,1922_10_18_5_0.jpg,bebra,1
Bebra,327048,1921_06_02_108_0.jpg,bebra,1
Bebra,352444,1921_12_02_36_0.jpg,bebra,1
Bebra,245946,1921_02_12_82_0.jpg,bebra,1
Bebra,405811,1921_08_20_50_0.jpg,bebra,1
Bebra,459528,1921_09_03_45_0.jpg,bebra,1
Bebra,228429,1921_11_22_94_0.jpg,bebra,1
Bebra,388744,1920_07_25_80_0.jpg,bebra,1
Bebra,509 575,1920_11_19_72_0.jpg,bebra,1
Bebra,510 635,1920_12_20_238_0.jpg,bebra,1
Bebra,405 787,1920_10_23_7_0.jpg,bebra,1
Bebra,277 395,1920_08_20_143_0.jpg,bebra,1
Bebra,324604,1934_05_13_31_0.jpg,bebra,1
Bebra,215176,1918_03_20_84_0.jpg,bebra,1
Bebra,210244,1918_01_01_174_0.jpg,bebra,1
Bebra,307112,1918_09_17_17_0.jpg,bebra,1
Bebra,217243,1912_05_05_228_0.jpg,bebra,1
Bebra,402599,1912_01_18_21_0.jpg,bebra,1
Bebra,652 191,1908_08_11_15_0.jpg,bebra,1
Bebra,509 351,1915_03_24_48_0.jpg,bebra,1
Bebra,406 998,1915_09_29_56_0.jpg,bebra,1
Bebra,416153,1928_11_05_22_0.jpg,bebra,1
Bebra,168513,1926_01_19_80_0.jpg,bebra,1
Bebra,381945,1926_04_22_36_0.jpg,bebra,1
Bebra,393673,1926_10_26_15_0.jpg,bebra,1
Bebra,241050,1926_07_13_25_0.jpg,bebra,1
Bebra,324441,1926_08_30_11_0.jpg,bebra,1
Bebra,224803,1926_05_12_59_0.jpg,bebra,1
Bebra,355808,1926_02_08_40_0.jpg,bebra,1
Bebra,363868,1926_03_31_36_0.jpg,bebra,1
Bebra,804 44,1926_01_01_273_0.jpg,bebra,1
Bebra,401628,1905_05_05_61_0.jpg,bebra,1
Bebra,398915,1905_10_14_37_0.jpg,bebra,1
Bebra,65288,1924_12_24_10_0.jpg,bebra,1
Bebra,217924,1924_03_15_140_0.jpg,bebra,1
Bebra,313551,1924_05_24_114_0.jpg,bebra,1
Bebra,213343,1924_11_28_54_0.jpg,bebra,1
Bebra,804 231,1924_01_30_40_0.jpg,bebra,1
Bebra,4C4C43,1924_09_10_95_0.jpg,bebra,1
Bebra,340019,1924_03_21_8_0.jpg,bebra,1
Bebra,418811,1924_11_01_34_0.jpg,bebra,1
Bebra,707 429,1924_04_20_89_0.jpg,bebra,1
Bebra,809 183,1923_03_27_91_0.jpg,bebra,1
Bebra,808 502,1923_11_30_10_0.jpg,bebra,1
Bebra,187 612,1923_01_29_8_0.jpg,bebra,1
Bebra,226311,1923_06_04_4_0.jpg,bebra,1
Bebra,211211,1923_03_15_193_0.jpg,bebra,1
Bebra,350362,1923_12_15_7_0.jpg,bebra,1
Bebra,816 350,1923_05_12_61_0.jpg,bebra,1
Bebra,169517,1923_06_05_131_0.jpg,bebra,1
Bebra,324180,1923_08_22_114_0.jpg,bebra,1
Bebra,802 049,1923_10_15_175_0.jpg,bebra,1
Bebra,359929,1911_01_18_22_0.jpg,bebra,1
Bebra,381841,1911_12_27_78_0.jpg,bebra,1
Bebra,480 369,1911_01_20_78_0.jpg,bebra,1
Bebra,385185,1914_03_01_9_0.jpg,bebra,1
Bebra,222459,1914_11_25_3_0.jpg,bebra,1
Bebra,208 260,1929_02_09_35_0.jpg,bebra,1
Bebra,167270,1929_07_06_75_0.jpg,bebra,1
Bebra,385560,1929_06_16_25_0.jpg,bebra,1
Bebra,205 131,1929_10_14_11_0.jpg,bebra,1
Bebra,303406,1929_02_03_14_0.jpg,bebra,1
Bebra,27743,1896_00_00_224_0.jpg,bebra,1
Bebra,217730,1927_02_12_95_0.jpg,bebra,1
Bebra,91 972,1927_10_08_46_0.jpg,bebra,1
Bebra,546707,1927_06_04_57_0.jpg,bebra,1
Bebra,816 002,1927_03_16_61_0.jpg,bebra,1
Bebra,107012,1925_10_21_73_0.jpg,bebra,1
Bebra,209 623,1925_11_14_73_0.jpg,bebra,1
Bebra,220135,1925_11_17_34_0.jpg,bebra,1
Bebra,61745,1925_08_10_8_0.jpg,bebra,1
Bebra,327889,1925_03_10_10_0.jpg,bebra,1
Bebra,386178,1925_09_30_56_0.jpg,bebra,1
Bebra,702 691,1907_05_26_125_0.jpg,bebra,1
Bebra,352289,1907_04_11_3_0.jpg,bebra,1
Bebra,405 270,1907_07_11_78_0.jpg,bebra,1
Bebra,397372,1907_12_10_59_0.jpg,bebra,1
Bebra,651 413,1907_08_31_104_0.jpg,bebra,1
Bebra,712 906,1906_08_02_11_0.jpg,bebra,1
Bebra,504 631,1910_09_17_75_0.jpg,bebra,1
Bebra,802 002,1913_05_05_59_0.jpg,bebra,1
Bebra,357630,1919_02_25_54_0.jpg,bebra,1
Bebra,807 087,1919_11_17_38_0.jpg,bebra,1
Bebra,381133,1919_07_15_142_0.jpg,bebra,1
Bebra,342728,1930_12_23_13_0.jpg,bebra,1
Bebra,327798,1930_08_02_3_0.jpg,bebra,1
Bebra,331 940,1902_05_18_97_0.jpg,bebra,1
Bebra,10057,1902_11_28_84_0.jpg,bebra,1
Bebra,206 724,1902_01_25_72_0.jpg,bebra,1
Bebra,366695,1943_02_15_4_0.jpg,bebra,1
Bebra,338 208,1909_05_17_61_0.jpg,bebra,1
Bebra,326119,1917_06_08_48_0.jpg,bebra,1
Beeskow,402611,1918_07_06_39_0.jpg,beeskow,1
Bersenbrück,,1893_01_30_3_0.jpg,bersenbrück,1
Bersenbrück,,1887_06_25_46_0.jpg,bersenbrück,1
Bersenbrück,,1901_03_01_82_0.jpg,bersenbrück,1
Bersenbrück,Andorf Nr.28,1910_04_15_179_0.jpg,bersenbrück,1
Bersenbrück,,1913_05_03_76_0.jpg,bersenbrück,1
Betreuungsst. Nordenham,20,1894_10_06_9_0.jpg,nordenham,1
BezAmt Zehlendorf,197 164,1898_04_29_28_0.jpg,zehlendorf,1
Bezirksamt Würzburg,414185,1890_00_00_4_0.jpg,würzburg,1
Bezirksamt für Wiedergutmachung Ansbach-Pfalz,274 030,1913_10_18_23_0.jpg,ansbach,1
Bezirksamt für Wiedergutmachung Mannheim,170704,1916_02_22_57_0.jpg,mannheim,1
Bezirksamt für Wiedergutmachung Mannheim,109 117,1903_05_08_70_0.jpg,mannheim,1
Bezirksamt für Wiedergutmachung Mannheim,109 065,1903_06_19_10_0.jpg,mannheim,1
Bezirksamt für Wiedergutmachung Mannheim,504 953,1900_10_16_38_0.jpg,mannheim,1
Bezirksamt für Wiedergutmachung Mannheim,188 126,1922_02_15_157_0.jpg,mannheim,1
Bezirksamt für Wiedergutmachung Mannheim,172509,1908_02_05_64_0.jpg,mannheim,1
Bezirksamt für Wiedergutmachung Mannheim,416459,1928_06_18_70_0.jpg,mannheim,1
Bezirksamt für Wiedergutmachung Mannheim,109 067,1924_01_05_36_0.jpg,mannheim,1
Bezirksamt für Wiedergutmachung Mannheim,175 984,1914_05_15_111_0.jpg,mannheim,1
Bezirksamt für Wiedergutmachung Mannheim,188 538,1935_12_15_42_0.jpg,mannheim,1
Bezirksamt für Wiedergutmachung Mannheim,170 876,1925_03_27_101_0.jpg,mannheim,1
Bezirksamt für Wiedergutmachung Mannheim,108 558,1898_11_24_59_0.jpg,mannheim,1
Bezirksamt für Wiedergutmachung Mannheim,270 773,1909_06_25_105_0.jpg,mannheim,1
Bezirksamt für Wiedergutmachung Mannheim,279 233,1909_09_03_15_0.jpg,mannheim,1
Bezirksamt für Wiedergutmachung Mannheim,274 585,1909_10_12_56_0.jpg,mannheim,1
Bezirksamt für Wiedergutmachung Mönchengladbach,416770,1915_10_15_190_0.jpg,mönchengladbach,1
Bezirksamt für Wiedergutmachung Verenig Koblentz,247675,1928_01_28_54_0.jpg,koblentz,1
Bezirksamt für Wiedergutmachung von Nürnberg,716 074,1903_02_24_77_0.jpg,nürnberg,1
Bezirksamt für die Wiedergutmachung in Nürnberg,172 679,1926_09_23_89_0.jpg,nürnberg,1
Bezirksamt von Hohenlohe 89369,806 813,1924_11_12_81_0.jpg,hohenlohe,1
Bezirksamt von Homburg 61252,802 913,1923_02_10_91_0.jpg,homburg,1
Bezirksamt von Homburg für Wiedergutmachung,3566,1925_01_20_59_0.jpg,homburg,1
Birkenfeld,67,1905_03_16_84_0.jpg,birkenfeld,1
Birkenfeld,38,1878_02_20_31_0.jpg,birkenfeld,1
Birkenfeld,11,1887_02_22_43_0.jpg,birkenfeld,1
Birkenfeld,59,1904_05_20_10_0.jpg,birkenfeld,1
Birkenfeld,14,1907_08_15_110_0.jpg,birkenfeld,1
Birkenfeld,39,1902_07_21_7_0.jpg,birkenfeld,1
Blankenburg,,1894_07_26_3_0.jpg,blankenburg,1
Blankenburg,,1891_03_17_30_0.jpg,blankenburg,1
Blankenburg,,1912_02_03_57_0.jpg,blankenburg,1
Blankenburg,,1885_09_02_11_0.jpg,blankenburg,1
Blankenburg,,1906_08_10_41_0.jpg,blankenburg,1
Blankenburg,,1910_08_31_83_0.jpg,blankenburg,1
Bonn,109 426,1916_05_20_38_0.jpg,bonn,1
Bonn,87668,1916_12_31_77_0.jpg,bonn,1
Bonn,51093,1922_06_12_50_0.jpg,bonn,1
Bonn,327379,1921_12_15_126_0.jpg,bonn,1
Bonn,90635,1920_06_20_253_0.jpg,bonn,1
Bonn,280245,1920_03_06_6_0.jpg,bonn,1
Bonn,386149,1918_11_11_41_0.jpg,bonn,1
Bonn,100475,1908_10_19_62_0.jpg,bonn,1
Bonn,87188,1908_06_22_29_0.jpg,bonn,1
Bonn,277 740,1908_11_02_94_0.jpg,bonn,1
Bonn,704 766,1908_07_07_113_0.jpg,bonn,1
Bonn,809 845,1928_12_12_30_0.jpg,bonn,1
Bonn,322404,1923_06_19_50_0.jpg,bonn,1
Bonn,66666,1911_03_28_64_0.jpg,bonn,1
Bonn,236685,1936_02_12_34_0.jpg,bonn,1
Bonn,33206,1895_12_18_39_0.jpg,bonn,1
Bonn,1/12610,1914_12_28_113_0.jpg,bonn,1
Bonn,83681,1896_04_05_83_0.jpg,bonn,1
Bonn,704 995,1927_08_17_31_0.jpg,bonn,1
Bonn,809 375,1927_09_06_28_0.jpg,bonn,1
Bonn,504 867,1925_08_15_52_0.jpg,bonn,1
Bonn,19429,1925_03_13_106_0.jpg,bonn,1
Bonn,392021,1925_08_18_39_0.jpg,bonn,1
Bonn,173619,1925_05_27_24_0.jpg,bonn,1
Bonn,279 206,1907_04_13_39_0.jpg,bonn,1
Bonn,43525/V/2513,1901_10_15_11_0.jpg,bonn,1
Bonn,187 650,1910_12_25_100_0.jpg,bonn,1
Bonn,605 058,1919_06_15_146_0.jpg,bonn,1
Bonn,282 744,1919_12_24_3_0.jpg,bonn,1
Bonn,69311,1902_07_31_1_0.jpg,bonn,1
Bonn,802 443,1917_04_07_16_0.jpg,bonn,1
"Bonn, Rheindorfersr. 116",501472-320-52,1907_10_31_16_0.jpg,bonn,1
"Bonn, Rheindorfstr. 116",Kartei-Nr. 1472-L,1902_04_27_61_0.jpg,bonn,1
Bonn-Stadt,20118,1895_06_25_8_0.jpg,bonn,1
Braubach,803 932,1924_12_13_34_0.jpg,braubach,1
Braunfels,470640,1933_00_00_51_0.jpg,braunfels,1
Braunfels,201 992,1922_01_08_54_0.jpg,braunfels,1
Braunfels,157327,1922_07_18_116_0.jpg,braunfels,1
Braunfels,107 361,1894_04_13_25_0.jpg,braunfels,1
Braunfels,204 806,1918_04_12_6_0.jpg,braunfels,1
Braunfels,100080,1905_09_18_71_0.jpg,braunfels,1
Braunfels,706 138,1925_01_23_29_0.jpg,braunfels,1
Braunfels,276 191,1913_09_03_36_0.jpg,braunfels,1
Braunfels,312846,1913_07_25_99_0.jpg,braunfels,1
Braunfels,"704, 201",1909_07_10_77_0.jpg,braunfels,1
Braunfels,288 912,1909_06_27_23_0.jpg,braunfels,1
Braunfels,279 030,1909_09_14_110_0.jpg,braunfels,1
Braunlage,809 956,1923_10_28_29_0.jpg,braunlage,1
Braunlage,200 534,1914_08_15_30_0.jpg,braunlage,1
Bremervörde,E 8.150,1884_05_06_5_0.jpg,bremervörde,1
Bremervörde,,1903_05_17_6_0.jpg,bremervörde,1
Bremervörde,,1900_12_28_25_0.jpg,bremervörde,1
Bremervörde,,1894_07_24_79_0.jpg,bremervörde,1
Bremervörde,,1894_01_16_1_0.jpg,bremervörde,1
Bremervörde,,1920_12_04_90_0.jpg,bremervörde,1
Bremervörde,,1912_02_26_94_0.jpg,bremervörde,1
Bremervörde,,1912_01_24_28_0.jpg,bremervörde,1
Bremervörde,,1915_02_16_72_0.jpg,bremervörde,1
Bremervörde,,1893_11_12_54_0.jpg,bremervörde,1
Bremervörde,,1905_04_18_116_0.jpg,bremervörde,1
Bremervörde,1685,1889_12_31_18_0.jpg,bremervörde,1
Bremervörde,,1924_02_25_91_0.jpg,bremervörde,1
Bremervörde,,1911_02_10_123_0.jpg,bremervörde,1
Bremervörde,,1890_02_26_8_0.jpg,bremervörde,1
Bremervörde,,1890_02_09_6_0.jpg,bremervörde,1
Bremervörde,,1887_02_02_27_0.jpg,bremervörde,1
Bremervörde,,1895_09_02_36_0.jpg,bremervörde,1
Bremervörde,,1899_03_13_72_0.jpg,bremervörde,1
Bremervörde,700 550,1914_01_05_38_0.jpg,bremervörde,1
Bremervörde,,1896_08_15_54_0.jpg,bremervörde,1
Bremervörde,,1896_11_09_39_0.jpg,bremervörde,1
Bremervörde,,1907_03_10_132_0.jpg,bremervörde,1
Bremervörde,,1906_01_05_86_0.jpg,bremervörde,1
Bremervörde,Bremervörde,1901_12_13_28_0.jpg,bremervörde,1
Bremervörde,,1901_10_31_47_0.jpg,bremervörde,1
Bremervörde,,1898_09_28_41_0.jpg,bremervörde,1
Bremervörde,,1913_09_30_47_0.jpg,bremervörde,1
Bremervörde,Bremervörde,1913_11_06_64_0.jpg,bremervörde,1
Bremervörde,,1913_04_29_102_0.jpg,bremervörde,1
Bremervörde,,1909_05_30_133_0.jpg,bremervörde,1
Bremervörde,,1917_05_19_49_0.jpg,bremervörde,1
Bremke umsteigend,E 58 a,1924_04_23_50_0.jpg,bremke,1
Bullay,1,1900_07_04_46_0.jpg,bullay,1
Bullay,34,1898_02_06_62_0.jpg,bullay,1
Bundes Fin. Min. Bamberg,44401472Sch-4161,1905_06_23_75_0.jpg,bamberg,1
Bundes Fin. Min. Bonn K8In,222576,1918_11_06_33_0.jpg,bonn,1
Bundes Finanz Min. Bonn,84654/III/9485,1923_06_05_27_0.jpg,bonn,1
Bundes Finanz Min. Bonn,224 273 a,1898_11_03_36_0.jpg,bonn,1
Bundes Finanz Min. Bonn,56.X-905239,1910_09_10_87_0.jpg,bonn,1
Bundes Finanz Min. Bonn,147 525,1930_06_10_4_0.jpg,bonn,1
Bundes Finanz Ministerium Bonn,13485/II/1690,1920_02_10_105_0.jpg,bonn,1
Bundes Finanz Ministerium Bonn,HF 504/93,1941_09_02_6_0.jpg,bonn,1
Bundes Finanz Ministerium Bonn,84277/III/9086,1893_07_25_60_0.jpg,bonn,1
Bundes Finanz Ministerium Bonn,HKG 7266,1932_09_10_52_0.jpg,bonn,1
Bundes Finanz Ministerium Bonn,56 X - 906144,1944_02_19_4_0.jpg,bonn,1
Bundes Finanz Ministerium Bonn,82613/VII/24553,1880_02_06_30_0.jpg,bonn,1
Bundes Finanz Ministerium Bonn,64197/V/3091,1899_06_07_64_0.jpg,bonn,1
Bundes Finanz Ministerium Bonn,82055/VII/23756,1914_10_18_25_0.jpg,bonn,1
Bundes Finanz Ministerium Bonn,VIA/6 HNG 6749,1914_10_28_87_0.jpg,bonn,1
Bundes Finanz Ministerium Bonn,14923/I/5519,1877_02_23_17_0.jpg,bonn,1
Bundes Finanz Ministerium Bonn,A.Z. 1254,1927_04_07_23_0.jpg,bonn,1
Bundes Finanz Ministerium Bonn,98953/VII/33690,1907_04_13_60_0.jpg,bonn,1
Bundes FinanzMinisterium Bonn,A.Z. 04780/II/5812,1921_11_20_92_0.jpg,bonn,1
Bundes FinanzMinisterium Bonn,46.727/VII/8026,1918_11_11_153_0.jpg,bonn,1
Bundes FinanzMinisterium Bonn,222 074 c,1938_05_31_29_0.jpg,bonn,1
Bundes FinanzMinisterium Bonn,8-03619,1924_02_18_104_0.jpg,bonn,1
Bundes FinanzMinisterium Bonn,B 5967/1/9364,1883_10_10_5_0.jpg,bonn,1
Bundes FinanzMinisterium Bonn,HNG - 6615,1899_08_17_69_0.jpg,bonn,1
Bundes FinanzMinisterium Bonn,16634/II/1856,1942_09_05_12_0.jpg,bonn,1
Bundes Finanzministerium Bonn,56.X - 913.509,1938_09_05_28_0.jpg,bonn,1
Bundes Finanzministerium Bonn,6329/I/2222,1913_12_26_110_0.jpg,bonn,1
"Bundes Finanzministerium, Bonn",22 477/IV/1189,1906_08_06_65_0.jpg,bonn,1
Bundes Rep. Min. Bonn,777 339,1901_01_30_62_0.jpg,bonn,1
Bundes Ru. Min. Bonn,14194/I/4817,1921_11_06_15_0.jpg,bonn,1
"Bundes-Finanz-Ministerium, Bonn",69215/T/15307,1873_10_26_6_0.jpg,bonn,1
Bundesamt Magdeburg,214 729,1923_04_22_36_0.jpg,magdeburg,1
"Bundesamt für Vertriebene, Bonn",702958,1922_09_11_78_0.jpg,bonn,1
"Bundesamt für Vertriebene, Bonn",29823/1/7774,1871_04_04_6_0.jpg,bonn,1
Bundesarchiv Ludwigsburg,EK 3424,1902_12_25_173_0.jpg,ludwigsburg,1
"Bundesfinanzdirektion West, Würzburg","VV 5027 - 4272 - BV RF 424,5",1921_06_16_62_0.jpg,würzburg,1
Bundesfinanzministerium Bonn,56. X - 915.794,1933_04_17_26_0.jpg,bonn,1
Bundesfinanzministerium Bonn,215 756,1933_10_11_1_0.jpg,bonn,1
Bundesfinanzministerium Bonn,3 02143,1922_09_08_31_0.jpg,bonn,1
Bundesfinanzministerium Bonn,215 045,1918_06_12_46_0.jpg,bonn,1
Bundesfinanzministerium Bonn,BEG 5793,1905_11_30_105_0.jpg,bonn,1
Bundesfinanzministerium Bonn,213 117,1899_01_29_50_0.jpg,bonn,1
Bundesfinanzministerium Bonn,BEG 1975,1899_06_06_84_0.jpg,bonn,1
Bundesfinanzministerium Bonn,66926,1925_03_20_23_0.jpg,bonn,1
Bundesfinanzministerium Bonn,1 23395,1907_08_23_76_0.jpg,bonn,1
Bundesfinanzministerium Bonn,7 ol702,1901_10_06_33_0.jpg,bonn,1
Bundesfinanzministerium Bonn,28360/III/3045,1901_04_13_41_0.jpg,bonn,1
Bundesmin. Bonn,A.Z. 2582,1939_05_14_20_0.jpg,bonn,1
Bundesmin. Bonn,1 13794,1886_11_01_18_0.jpg,bonn,1
Bundesmin. Bonn,1 10760,1901_09_07_55_0.jpg,bonn,1
Bundesministerium - Referat VB4 - Postfach 1308 53003 Bonn,55.7 - 923.662,1934_02_04_28_0.jpg,bonn,1
Bundesministerium der Finanzen Bonn,VB/40/1472 T5/57,1921_02_15_187_0.jpg,bonn,1
"Bundesministerium der Finanzen, Bonn, Rheindorfstraße 116",EB140472-K-F/56,1915_04_18_41_0.jpg,bonn,1
"Bundesministerium der Flüchtlinge, Bonn, Rheindorfersstr. 116",V3/401472-R-855,1921_08_22_65_0.jpg,bonn,1
Burgdorf,Burgdorf,1875_12_09_2_0.jpg,burgdorf,1
Burgdorf,Z.P.A. 20,1875_08_12_2_0.jpg,burgdorf,1
Burgdorf,,1884_05_21_43_0.jpg,burgdorf,1
Burgdorf,,1884_11_11_32_0.jpg,burgdorf,1
Burgdorf,16.5.1950 - I 60541,1884_04_15_14_0.jpg,burgdorf,1
Burgdorf,,1884_06_21_45_0.jpg,burgdorf,1
Burgdorf,,1884_12_28_8_0.jpg,burgdorf,1
Burgdorf,104 Reg.-Baz. Lüneburg,1916_08_03_59_0.jpg,burgdorf,1
Burgdorf,,1916_08_03_58_0.jpg,burgdorf,1
Burgdorf,,1903_08_29_23_0.jpg,burgdorf,1
Burgdorf,,1903_03_23_40_0.jpg,burgdorf,1
Burgdorf,,1903_06_20_109_0.jpg,burgdorf,1
Burgdorf,1,1903_06_30_71_0.jpg,burgdorf,1
Burgdorf,5.8.52/Rk. 21.9.52,1903_12_25_41_0.jpg,burgdorf,1
Burgdorf,,1903_10_27_27_0.jpg,burgdorf,1
Burgdorf,,1903_01_28_60_0.jpg,burgdorf,1
Burgdorf,,1900_06_30_94_0.jpg,burgdorf,1
Burgdorf,,1900_03_10_14_0.jpg,burgdorf,1
Burgdorf,1350,1900_02_10_37_0.jpg,burgdorf,1
Burgdorf,,1900_12_06_73_0.jpg,burgdorf,1
Burgdorf,,1900_03_28_2_0.jpg,burgdorf,1
Burgdorf,,1900_06_10_63_0.jpg,burgdorf,1
Burgdorf,,1900_09_15_130_0.jpg,burgdorf,1
Burgdorf,,1900_02_10_35_0.jpg,burgdorf,1
Burgdorf,,1900_09_25_76_0.jpg,burgdorf,1
Burgdorf,,1900_02_10_36_0.jpg,burgdorf,1
Burgdorf,747 - 1042/49,1900_09_09_62_0.jpg,burgdorf,1
Burgdorf,,1900_06_10_62_0.jpg,burgdorf,1
Burgdorf,,1900_09_06_20_0.jpg,burgdorf,1
Burgdorf,,1894_04_27_11_0.jpg,burgdorf,1
Burgdorf,,1894_02_17_30_0.jpg,burgdorf,1
Burgdorf,13.12.1949,1894_10_18_12_0.jpg,burgdorf,1
Burgdorf,2000000,1894_04_15_41_0.jpg,burgdorf,1
Burgdorf,,1894_01_30_46_0.jpg,burgdorf,1
Burgdorf,,1920_12_18_83_0.jpg,burgdorf,1
Burgdorf,,1891_12_03_60_0.jpg,burgdorf,1
Burgdorf,,1891_02_02_47_0.jpg,burgdorf,1
Burgdorf,,1891_09_05_49_0.jpg,burgdorf,1
Burgdorf,Bayerische Kartei,1891_12_03_58_0.jpg,burgdorf,1
Burgdorf,,1891_08_25_19_0.jpg,burgdorf,1
Burgdorf,,1912_11_11_9_0.jpg,burgdorf,1
Burgdorf,,1912_02_04_56_0.jpg,burgdorf,1
Burgdorf,,1912_10_15_28_0.jpg,burgdorf,1
Burgdorf,,1912_09_24_42_0.jpg,burgdorf,1
Burgdorf,,1912_11_11_8_0.jpg,burgdorf,1
Burgdorf,,1912_12_09_83_0.jpg,burgdorf,1
Burgdorf,,1912_12_24_107_0.jpg,burgdorf,1
Burgdorf,1350,1908_05_11_88_0.jpg,burgdorf,1
Burgdorf,,1908_07_04_108_0.jpg,burgdorf,1
Burgdorf,,1915_03_23_34_0.jpg,burgdorf,1
Burgdorf,,1893_10_08_66_0.jpg,burgdorf,1
Burgdorf,,1893_01_22_22_0.jpg,burgdorf,1
Burgdorf,,1893_12_23_47_0.jpg,burgdorf,1
Burgdorf,,1893_02_26_43_0.jpg,burgdorf,1
Burgdorf,,1893_02_26_42_0.jpg,burgdorf,1
Burgdorf,,1893_11_17_20_0.jpg,burgdorf,1
Burgdorf,,1905_01_31_50_0.jpg,burgdorf,1
Burgdorf,,1905_11_12_48_0.jpg,burgdorf,1
Burgdorf,,1905_01_31_51_0.jpg,burgdorf,1
Burgdorf,,1905_09_02_51_0.jpg,burgdorf,1
Burgdorf,,1905_11_12_47_0.jpg,burgdorf,1
Burgdorf,,1905_01_31_52_0.jpg,burgdorf,1
Burgdorf,117,1905_02_20_103_0.jpg,burgdorf,1
Burgdorf,xxxxx,1905_02_20_101_0.jpg,burgdorf,1
Burgdorf,,1889_01_06_6_0.jpg,burgdorf,1
Burgdorf,,1889_08_23_33_0.jpg,burgdorf,1
Burgdorf,,1889_03_29_15_0.jpg,burgdorf,1
Burgdorf,"5162, 186/50(55)",1881_06_01_6_0.jpg,burgdorf,1
Burgdorf,,1881_05_11_15_0.jpg,burgdorf,1
Burgdorf,Burgdorf,1881_10_04_35_0.jpg,burgdorf,1
Burgdorf,,1881_04_03_5_0.jpg,burgdorf,1
Burgdorf,,1881_12_15_13_0.jpg,burgdorf,1
Burgdorf,Burgdorf,1881_10_04_36_0.jpg,burgdorf,1
Burgdorf,,1885_01_10_24_0.jpg,burgdorf,1
Burgdorf,20,1885_06_19_18_0.jpg,burgdorf,1
Burgdorf,,1885_08_23_6_0.jpg,burgdorf,1
Burgdorf,,1885_08_02_33_0.jpg,burgdorf,1
Burgdorf,,1911_04_23_28_0.jpg,burgdorf,1
Burgdorf,,1911_10_15_3_0.jpg,burgdorf,1
Burgdorf,,1911_12_16_113_0.jpg,burgdorf,1
Burgdorf,,1911_12_12_130_0.jpg,burgdorf,1
Burgdorf,,1897_12_06_25_0.jpg,burgdorf,1
Burgdorf,,1897_03_28_8_0.jpg,burgdorf,1
Burgdorf,,1897_06_10_4_0.jpg,burgdorf,1
Burgdorf,,1897_12_12_86_0.jpg,burgdorf,1
Burgdorf,,1897_03_30_9_0.jpg,burgdorf,1
Burgdorf,,1897_12_12_87_0.jpg,burgdorf,1
Burgdorf,1.3.Reg.-Bez.Lüneburg,1897_01_17_88_0.jpg,burgdorf,1
Burgdorf,,1883_11_27_20_0.jpg,burgdorf,1
Burgdorf,,1890_01_21_16_0.jpg,burgdorf,1
Burgdorf,,1890_08_30_23_0.jpg,burgdorf,1
Burgdorf,,1890_11_12_4_0.jpg,burgdorf,1
Burgdorf,,1890_06_18_4_0.jpg,burgdorf,1
Burgdorf,,1887_03_19_19_0.jpg,burgdorf,1
Burgdorf,,1887_06_27_16_0.jpg,burgdorf,1
Burgdorf,HB Nr. 45,1887_12_25_7_0.jpg,burgdorf,1
Burgdorf,,1887_02_04_2_0.jpg,burgdorf,1
Burgdorf,,1887_08_14_30_0.jpg,burgdorf,1
Burgdorf,,1895_12_15_79_0.jpg,burgdorf,1
Burgdorf,,1895_01_10_84_0.jpg,burgdorf,1
Burgdorf,21. Nov. 52,1895_02_26_86_0.jpg,burgdorf,1
Burgdorf,20 897/48,1895_12_03_41_0.jpg,burgdorf,1
Burgdorf,,1895_03_06_12_0.jpg,burgdorf,1
Burgdorf,,1895_03_12_18_0.jpg,burgdorf,1
Burgdorf,,1895_02_26_85_0.jpg,burgdorf,1
Burgdorf,,1899_02_26_7_0.jpg,burgdorf,1
Burgdorf,184,1899_05_14_63_0.jpg,burgdorf,1
Burgdorf,,1899_06_30_66_0.jpg,burgdorf,1
Burgdorf,,1886_04_10_43_0.jpg,burgdorf,1
Burgdorf,,1892_10_11_61_0.jpg,burgdorf,1
Burgdorf,,1892_02_22_46_0.jpg,burgdorf,1
Burgdorf,,1892_06_22_7_0.jpg,burgdorf,1
Burgdorf,,1892_03_27_26_0.jpg,burgdorf,1
Burgdorf,,1892_09_02_27_0.jpg,burgdorf,1
Burgdorf,Burgdorf,1892_12_06_44_0.jpg,burgdorf,1
Burgdorf,,1896_02_21_45_0.jpg,burgdorf,1
Burgdorf,,1896_08_02_28_0.jpg,burgdorf,1
Burgdorf,,1904_02_19_63_0.jpg,burgdorf,1
Burgdorf,,1904_12_30_107_0.jpg,burgdorf,1
Burgdorf,,1904_12_07_60_0.jpg,burgdorf,1
Burgdorf,,1907_11_08_89_0.jpg,burgdorf,1
Burgdorf,,1907_03_07_6_0.jpg,burgdorf,1
Burgdorf,,1907_02_07_47_0.jpg,burgdorf,1
Burgdorf,,1907_05_20_73_0.jpg,burgdorf,1
Burgdorf,,1907_12_07_96_0.jpg,burgdorf,1
Burgdorf,,1906_09_22_79_0.jpg,burgdorf,1
Burgdorf,Burgdorf,1906_11_05_35_0.jpg,burgdorf,1
Burgdorf,,1906_06_07_81_0.jpg,burgdorf,1
Burgdorf,Höver 57,1906_11_05_36_0.jpg,burgdorf,1
Burgdorf,,1906_11_05_37_0.jpg,burgdorf,1
Burgdorf,,1901_06_12_72_0.jpg,burgdorf,1
Burgdorf,,1901_04_23_47_0.jpg,burgdorf,1
Burgdorf,,1901_02_26_58_0.jpg,burgdorf,1
Burgdorf,,1901_06_18_87_0.jpg,burgdorf,1
Burgdorf,,1901_12_15_108_0.jpg,burgdorf,1
Burgdorf,,1898_05_29_9_0.jpg,burgdorf,1
Burgdorf,,1898_05_28_14_0.jpg,burgdorf,1
Burgdorf,,1898_07_14_72_0.jpg,burgdorf,1
Burgdorf,,1910_07_19_78_0.jpg,burgdorf,1
Burgdorf,102,1913_01_20_36_0.jpg,burgdorf,1
Burgdorf,,1913_01_20_37_0.jpg,burgdorf,1
Burgdorf,,1913_10_01_95_0.jpg,burgdorf,1
Burgdorf,,1902_06_16_50_0.jpg,burgdorf,1
Burgdorf,,1902_03_02_48_0.jpg,burgdorf,1
Burgdorf,,1902_09_06_16_0.jpg,burgdorf,1
Burgdorf,,1902_09_06_17_0.jpg,burgdorf,1
Burgdorf,,1902_04_23_75_0.jpg,burgdorf,1
Burgdorf,,1902_07_11_90_0.jpg,burgdorf,1
Burgdorf,,1909_06_05_111_0.jpg,burgdorf,1
Burgdorf,,1909_01_02_27_0.jpg,burgdorf,1
Burgdorf,,1909_07_16_15_0.jpg,burgdorf,1
Burgdorf,,1909_01_15_82_0.jpg,burgdorf,1
Burgdorf (Hann.),,1891_12_03_59_0.jpg,burgdorf,1
Burgdorf (Hann.),,1908_07_04_107_0.jpg,burgdorf,1
Burgdorf (Hann.),49,1888_01_01_10_0.jpg,burgdorf,1
Burgdorf (Hann.),,1896_06_05_25_0.jpg,burgdorf,1
Burgdorf (Hann.),,1906_06_13_105_0.jpg,burgdorf,1
Burgdorf (Hann.),,1901_06_18_86_0.jpg,burgdorf,1
Burgdorf (Hann.),,1913_07_24_74_0.jpg,burgdorf,1
Burgdorf (Hann.),,1902_07_25_140_0.jpg,burgdorf,1
Burgdorf (Hann.),,1909_05_17_71_0.jpg,burgdorf,1
Burgdorf (Hann.),Burgdorf (Hann.),1909_07_16_14_0.jpg,burgdorf,1
Burgdorf/Leann,100000000000000000000000000000000000000000000000000000000000000000000000000000000000000000000000000000000000000000000000000000000000000000000000000000000000000000000000000000000000000000000000000000000000000000000000000000000000000000000000000000000000000000000000000000000000000000000000000000000000000000000000000000000000000000000000000000000000000000000000000000000000000000000000000000000000000000000000000000000000000000000000000000000000000000000000000000000000000000,1913_07_24_75_0.jpg,burgdorf,1
Bückeburg,9 71 83,1903_04_04_5_0.jpg,bückeburg,1
Büdesheim,214 599,1900_01_12_44_0.jpg,büdesheim,1
Büdesheim,221 168 a,1897_01_18_80_0.jpg,büdesheim,1
Büdesheim,221 745 a,1896_04_12_23_0.jpg,büdesheim,1
Büdesheim,211 112,1907_08_02_7_0.jpg,büdesheim,1
Büdesheim,211 327,1913_08_28_64_0.jpg,büdesheim,1
Bülow-Vereinigung Amt,711 789,1922_04_02_2_0.jpg,bülow,1
Büttel,3659 B,1898_05_08_6_0.jpg,büttel,1
Chemnitz,VV 5027-108-,1911_01_27_122_0.jpg,chemnitz,1
"Chemnitz, Zschobauerstr. 68",7942,1895_11_10_89_0.jpg,chemnitz,1
Cuxhaven,,1889_11_17_4_0.jpg,cuxhaven,1
Cuxhaven-Duven,,1900_07_28_7_0.jpg,cuxhaven,1
D. - 47 Roth,86998/Mi/11772,1925_07_14_76_0.jpg,roth,1
"D.P. Lager Gaherseebo, Wasserburg",5286/VI/830,1933_01_12_11_0.jpg,wasserburg,1
DOPPELMELDUNG Bundes.Fin.Min. Bonn,65003/I/11248,1892_03_29_23_0.jpg,bonn,1
"DP-Camp, Feldafing Krs. Starnberg",9572/VI/2357,1918_04_05_10_0.jpg,"feldafing, starnberg",2
DP-Gablingen IRO Area Team 5,66071/I/12405,1914_02_05_73_0.jpg,gablingen,1
DZA. Zehlendorf,110997/VI/11480,1902_10_15_40_0.jpg,zehlendorf,1
Dachau,ZK:181795,1916_03_31_13_0.jpg,dachau,1
Dachau,20534/VII/2765,1917_11_09_5_0.jpg,dachau,1
Dannenberg,00043,1875_09_30_3_0.jpg,dannenberg,1
Dannenberg,,1893_12_19_33_0.jpg,dannenberg,1
Dannenberg,Neu-Darchau Nr. 58,1905_10_28_8_0.jpg,dannenberg,1
Dannenberg,1950/236,1889_03_04_74_0.jpg,dannenberg,1
Dannenberg,,1904_04_09_18_0.jpg,dannenberg,1
Dannenberg,64,1904_11_18_94_0.jpg,dannenberg,1
Dannenberg,Dannenberg,1906_12_12_105_0.jpg,dannenberg,1
Dannenberg,,1906_04_08_38_0.jpg,dannenberg,1
Dannenberg,,1898_08_08_55_0.jpg,dannenberg,1
Dannenberg,,1902_06_24_77_0.jpg,dannenberg,1
Dannenberg (Elbe),,1901_11_26_27_0.jpg,"dannenberg, elbe",2
Dannenberg(Elbe),,1896_12_08_13_0.jpg,"dannenberg, elbe",2
Dannenberg/Elbe,20,1915_04_07_17_0.jpg,"dannenberg, elbe",2
Dannenberg/Elbe,1,1899_06_02_50_0.jpg,"dannenberg, elbe",2
Dannenberg/Elbe,20,1906_01_05_112_0.jpg,"dannenberg, elbe",2
Dannenberg/Elbe,,1898_08_08_54_0.jpg,"dannenberg, elbe",2
Dannenberg/Elbe,xxxxx,1876_04_06_27_0.jpg,"dannenberg, elbe",2
"David & Strunk, Frankfurt/Main, Gethestr. 9",194 719,1902_11_12_21_0.jpg,frankfurt,1
"Der Gerichtspräsident in Dotternhausen, Der Oberkreisdirektor in Herford",64 308,1905_06_30_109_0.jpg,"dotternhausen, herford",2
Der Landesregierungspresident - Dez. für Wiedergutmachung - in Dortmund,170 366,1902_05_14_88_0.jpg,dortmund,1
Der Oberkreisdirektor - Amt für Wiedergutmachung - in Herford,64 177,1911_01_10_80_0.jpg,herford,1
Der Oberkreisdirektor - Amt für Wiedergutmachung - in Herford,64 227,1927_07_04_44_0.jpg,herford,1
Der Oberkreisdirektor - Amt für Wiedergutmachung in Herford,64 163,1882_06_20_19_0.jpg,herford,1
Der Oberkreisdirektor - Amt für Wiedergutmachung in Herford,64 190,1899_01_15_41_0.jpg,herford,1
Der Oberkreisdirektor - Amt für Wiedergutmachung in Herford,64 170,1904_12_02_73_0.jpg,herford,1
Der Oberkreisdirektor - Amt für Wiedergutmachung in Herford,63 133 a,1904_04_12_48_0.jpg,herford,1
Der Oberkreisdirektor - Amt für Wiedergutmachung in Herford,64 160,1919_08_28_56_0.jpg,herford,1
Der Oberkreisdirektor - Amt für Wiedergutmachung in Lübeck,32276,1910_12_21_85_0.jpg,lübeck,1
Der Oberkreisdirektor -Amt f. Wiedergutmachung- in Herford,703 354 b,1909_07_16_95_0.jpg,herford,1
Der Oberkreisdirektor -Amt für Wiedergutmachung in Paderborn,68 265 'a,1904_11_18_82_0.jpg,paderborn,1
Der Oberkreisdirektor -Amt für Wiedergutmachung- Lübeck,32268,1911_12_12_50_0.jpg,lübeck,1
Der Oberkreisdirektor -Amt für Wiedergutmachung- in Herford,63 863,1884_10_03_24_0.jpg,herford,1
Der Oberkreisdirektor -Amt für Wiedergutmachung- in Herford,63 819 a,1884_02_29_29_0.jpg,herford,1
Der Oberkreisdirektor -Amt für Wiedergutmachung- in Herford,31 810,1903_03_01_152_0.jpg,herford,1
Der Oberkreisdirektor -Amt für Wiedergutmachung- in Herford,63963,1903_04_28_104_0.jpg,herford,1
Der Oberkreisdirektor -Amt für Wiedergutmachung- in Herford,31 769,1903_11_22_60_0.jpg,herford,1
Der Oberkreisdirektor -Amt für Wiedergutmachung- in Herford,31 853,1900_06_19_95_0.jpg,herford,1
Der Oberkreisdirektor -Amt für Wiedergutmachung- in Herford,31 674,1900_02_11_31_0.jpg,herford,1
Der Oberkreisdirektor -Amt für Wiedergutmachung- in Herford,63930,1900_02_02_43_0.jpg,herford,1
Der Oberkreisdirektor -Amt für Wiedergutmachung- in Herford,63953,1900_04_29_3_0.jpg,herford,1
Der Oberkreisdirektor -Amt für Wiedergutmachung- in Herford,64 304,1900_08_12_113_0.jpg,herford,1
Der Oberkreisdirektor -Amt für Wiedergutmachung- in Herford,64 260,1922_04_05_25_0.jpg,herford,1
Der Oberkreisdirektor -Amt für Wiedergutmachung- in Herford,64 111,1894_05_23_26_0.jpg,herford,1
Der Oberkreisdirektor -Amt für Wiedergutmachung- in Herford,31616,1894_02_23_9_0.jpg,herford,1
Der Oberkreisdirektor -Amt für Wiedergutmachung- in Herford,31 623,1894_02_01_12_0.jpg,herford,1
Der Oberkreisdirektor -Amt für Wiedergutmachung- in Herford,31 910,1894_04_10_64_0.jpg,herford,1
Der Oberkreisdirektor -Amt für Wiedergutmachung- in Herford,63 925,1894_05_26_4_0.jpg,herford,1
Der Oberkreisdirektor -Amt für Wiedergutmachung- in Herford,64 147,1894_06_06_36_0.jpg,herford,1
Der Oberkreisdirektor -Amt für Wiedergutmachung- in Herford,64 226,1921_03_11_60_0.jpg,herford,1
Der Oberkreisdirektor -Amt für Wiedergutmachung- in Herford,64 040,1920_12_13_54_0.jpg,herford,1
Der Oberkreisdirektor -Amt für Wiedergutmachung- in Herford,63 929,1891_11_25_55_0.jpg,herford,1
Der Oberkreisdirektor -Amt für Wiedergutmachung- in Herford,63 876 a,1908_12_11_20_0.jpg,herford,1
Der Oberkreisdirektor -Amt für Wiedergutmachung- in Herford,64008,1915_07_02_58_0.jpg,herford,1
Der Oberkreisdirektor -Amt für Wiedergutmachung- in Herford,63 870,1915_12_22_68_0.jpg,herford,1
Der Oberkreisdirektor -Amt für Wiedergutmachung- in Herford,64 206,1915_09_25_89_0.jpg,herford,1
Der Oberkreisdirektor -Amt für Wiedergutmachung- in Herford,31 655,1928_03_04_16_0.jpg,herford,1
Der Oberkreisdirektor -Amt für Wiedergutmachung- in Herford,31 694,1928_01_20_32_0.jpg,herford,1
Der Oberkreisdirektor -Amt für Wiedergutmachung- in Herford,31 893,1928_01_12_60_0.jpg,herford,1
Der Oberkreisdirektor -Amt für Wiedergutmachung- in Herford,64 156,1926_08_11_58_0.jpg,herford,1
Der Oberkreisdirektor -Amt für Wiedergutmachung- in Herford,64 082,1926_06_25_116_0.jpg,herford,1
Der Oberkreisdirektor -Amt für Wiedergutmachung- in Herford,31 618,1905_06_24_14_0.jpg,herford,1
Der Oberkreisdirektor -Amt für Wiedergutmachung- in Herford,64 058,1889_10_18_8_0.jpg,herford,1
Der Oberkreisdirektor -Amt für Wiedergutmachung- in Herford,63752 a,1878_06_27_10_0.jpg,herford,1
Der Oberkreisdirektor -Amt für Wiedergutmachung- in Herford,63945 a,1878_10_18_10_0.jpg,herford,1
Der Oberkreisdirektor -Amt für Wiedergutmachung- in Herford,64 271,1878_04_25_12_0.jpg,herford,1
Der Oberkreisdirektor -Amt für Wiedergutmachung- in Herford,31774,1881_06_27_10_0.jpg,herford,1
Der Oberkreisdirektor -Amt für Wiedergutmachung- in Herford,64025,1881_11_17_4_0.jpg,herford,1
Der Oberkreisdirektor -Amt für Wiedergutmachung- in Herford,431 772,1881_04_21_29_0.jpg,herford,1
Der Oberkreisdirektor -Amt für Wiedergutmachung- in Herford,63 754,1881_04_19_4_0.jpg,herford,1
Der Oberkreisdirektor -Amt für Wiedergutmachung- in Herford,63989,1882_04_07_21_0.jpg,herford,1
Der Oberkreisdirektor -Amt für Wiedergutmachung- in Herford,31 696,1923_12_20_61_0.jpg,herford,1
Der Oberkreisdirektor -Amt für Wiedergutmachung- in Herford,64 322,1936_12_10_18_0.jpg,herford,1
Der Oberkreisdirektor -Amt für Wiedergutmachung- in Herford,64 109,1897_06_21_36_0.jpg,herford,1
Der Oberkreisdirektor -Amt für Wiedergutmachung- in Herford,63 861,1883_11_02_19_0.jpg,herford,1
Der Oberkreisdirektor -Amt für Wiedergutmachung- in Herford,31 622,1883_04_26_2_0.jpg,herford,1
Der Oberkreisdirektor -Amt für Wiedergutmachung- in Herford,63757,1883_04_26_5_0.jpg,herford,1
Der Oberkreisdirektor -Amt für Wiedergutmachung- in Herford,64 288,1890_02_28_29_0.jpg,herford,1
Der Oberkreisdirektor -Amt für Wiedergutmachung- in Herford,31677,1890_08_15_40_0.jpg,herford,1
Der Oberkreisdirektor -Amt für Wiedergutmachung- in Herford,64 123 a,1890_01_23_26_0.jpg,herford,1
Der Oberkreisdirektor -Amt für Wiedergutmachung- in Herford,64 259,1887_08_27_6_0.jpg,herford,1
Der Oberkreisdirektor -Amt für Wiedergutmachung- in Herford,63808,1887_10_19_19_0.jpg,herford,1
Der Oberkreisdirektor -Amt für Wiedergutmachung- in Herford,64 307,1887_06_20_34_0.jpg,herford,1
Der Oberkreisdirektor -Amt für Wiedergutmachung- in Herford,64 121,1887_09_29_47_0.jpg,herford,1
Der Oberkreisdirektor -Amt für Wiedergutmachung- in Herford,31797,1895_11_20_55_0.jpg,herford,1
Der Oberkreisdirektor -Amt für Wiedergutmachung- in Herford,63 997a,1880_01_20_6_0.jpg,herford,1
Der Oberkreisdirektor -Amt für Wiedergutmachung- in Herford,63997,1880_08_11_6_0.jpg,herford,1
Der Oberkreisdirektor -Amt für Wiedergutmachung- in Herford,31 640 a,1880_01_24_2_0.jpg,herford,1
Der Oberkreisdirektor -Amt für Wiedergutmachung- in Herford,64002,1880_01_28_17_0.jpg,herford,1
Der Oberkreisdirektor -Amt für Wiedergutmachung- in Herford,63840 a,1888_05_23_11_0.jpg,herford,1
Der Oberkreisdirektor -Amt für Wiedergutmachung- in Herford,64 300,1899_02_22_29_0.jpg,herford,1
Der Oberkreisdirektor -Amt für Wiedergutmachung- in Herford,31746,1899_12_23_41_0.jpg,herford,1
Der Oberkreisdirektor -Amt für Wiedergutmachung- in Herford,63832,1899_11_25_41_0.jpg,herford,1
Der Oberkreisdirektor -Amt für Wiedergutmachung- in Herford,63820,1886_05_22_22_0.jpg,herford,1
Der Oberkreisdirektor -Amt für Wiedergutmachung- in Herford,64004,1886_01_12_4_0.jpg,herford,1
Der Oberkreisdirektor -Amt für Wiedergutmachung- in Herford,63 886,1886_12_23_12_0.jpg,herford,1
Der Oberkreisdirektor -Amt für Wiedergutmachung- in Herford,63779,1886_08_17_4_0.jpg,herford,1
Der Oberkreisdirektor -Amt für Wiedergutmachung- in Herford,65540,1914_11_20_42_0.jpg,herford,1
Der Oberkreisdirektor -Amt für Wiedergutmachung- in Herford,64 194,1914_12_29_63_0.jpg,herford,1
Der Oberkreisdirektor -Amt für Wiedergutmachung- in Herford,64 201,1929_04_02_23_0.jpg,herford,1
Der Oberkreisdirektor -Amt für Wiedergutmachung- in Herford,31 804,1929_09_29_70_0.jpg,herford,1
Der Oberkreisdirektor -Amt für Wiedergutmachung- in Herford,31673,1892_07_10_18_0.jpg,herford,1
Der Oberkreisdirektor -Amt für Wiedergutmachung- in Herford,64 293,1892_07_31_54_0.jpg,herford,1
Der Oberkreisdirektor -Amt für Wiedergutmachung- in Herford,63923,1892_02_19_29_0.jpg,herford,1
Der Oberkreisdirektor -Amt für Wiedergutmachung- in Herford,31 615,1896_09_16_9_0.jpg,herford,1
Der Oberkreisdirektor -Amt für Wiedergutmachung- in Herford,64 090,1896_10_31_18_0.jpg,herford,1
Der Oberkreisdirektor -Amt für Wiedergutmachung- in Herford,63 133,1904_04_12_47_0.jpg,herford,1
Der Oberkreisdirektor -Amt für Wiedergutmachung- in Herford,64 107,1904_04_13_14_0.jpg,herford,1
Der Oberkreisdirektor -Amt für Wiedergutmachung- in Herford,64 107 a,1904_04_13_15_0.jpg,herford,1
Der Oberkreisdirektor -Amt für Wiedergutmachung- in Herford,31872,1904_12_22_123_0.jpg,herford,1
Der Oberkreisdirektor -Amt für Wiedergutmachung- in Herford,31 695,1927_01_17_25_0.jpg,herford,1
Der Oberkreisdirektor -Amt für Wiedergutmachung- in Herford,63933,1925_06_01_74_0.jpg,herford,1
Der Oberkreisdirektor -Amt für Wiedergutmachung- in Herford,64 306,1925_01_22_14_0.jpg,herford,1
Der Oberkreisdirektor -Amt für Wiedergutmachung- in Herford,31 635,1907_11_27_16_0.jpg,herford,1
Der Oberkreisdirektor -Amt für Wiedergutmachung- in Herford,64 340,1907_10_31_71_0.jpg,herford,1
Der Oberkreisdirektor -Amt für Wiedergutmachung- in Herford,64 281,1907_12_08_86_0.jpg,herford,1
Der Oberkreisdirektor -Amt für Wiedergutmachung- in Herford,31888,1907_08_03_107_0.jpg,herford,1
Der Oberkreisdirektor -Amt für Wiedergutmachung- in Herford,64 222,1907_03_03_51_0.jpg,herford,1
Der Oberkreisdirektor -Amt für Wiedergutmachung- in Herford,63999,1907_02_06_52_0.jpg,herford,1
Der Oberkreisdirektor -Amt für Wiedergutmachung- in Herford,63 882 a,1907_04_20_43_0.jpg,herford,1
Der Oberkreisdirektor -Amt für Wiedergutmachung- in Herford,31 644,1907_11_30_14_0.jpg,herford,1
Der Oberkreisdirektor -Amt für Wiedergutmachung- in Herford,64010 a,1907_04_05_98_0.jpg,herford,1
Der Oberkreisdirektor -Amt für Wiedergutmachung- in Herford,63874,1906_09_25_5_0.jpg,herford,1
Der Oberkreisdirektor -Amt für Wiedergutmachung- in Herford,31 821,1901_11_26_90_0.jpg,herford,1
Der Oberkreisdirektor -Amt für Wiedergutmachung- in Herford,64 144 a,1901_07_12_80_0.jpg,herford,1
Der Oberkreisdirektor -Amt für Wiedergutmachung- in Herford,64 305,1901_10_02_83_0.jpg,herford,1
Der Oberkreisdirektor -Amt für Wiedergutmachung- in Herford,64 284 a,1901_03_26_57_0.jpg,herford,1
Der Oberkreisdirektor -Amt für Wiedergutmachung- in Herford,31611,1901_08_29_4_0.jpg,herford,1
Der Oberkreisdirektor -Amt für Wiedergutmachung- in Herford,31796,1901_12_30_76_0.jpg,herford,1
Der Oberkreisdirektor -Amt für Wiedergutmachung- in Herford,63962,1901_09_20_94_0.jpg,herford,1
Der Oberkreisdirektor -Amt für Wiedergutmachung- in Herford,63 869 a,1901_11_12_89_0.jpg,herford,1
Der Oberkreisdirektor -Amt für Wiedergutmachung- in Herford,31 786,1898_08_14_77_0.jpg,herford,1
Der Oberkreisdirektor -Amt für Wiedergutmachung- in Herford,63 936,1898_08_01_78_0.jpg,herford,1
Der Oberkreisdirektor -Amt für Wiedergutmachung- in Herford,63 961,1898_10_03_62_0.jpg,herford,1
Der Oberkreisdirektor -Amt für Wiedergutmachung- in Herford,64 266,1910_04_13_88_0.jpg,herford,1
Der Oberkreisdirektor -Amt für Wiedergutmachung- in Herford,64 287 a,1913_03_19_49_0.jpg,herford,1
Der Oberkreisdirektor -Amt für Wiedergutmachung- in Herford,31 619,1919_10_01_14_0.jpg,herford,1
Der Oberkreisdirektor -Amt für Wiedergutmachung- in Herford,64 209 a,1919_10_01_91_0.jpg,herford,1
Der Oberkreisdirektor -Amt für Wiedergutmachung- in Herford,31 779,1930_06_09_19_0.jpg,herford,1
Der Oberkreisdirektor -Amt für Wiedergutmachung- in Herford,31 794,1879_05_13_12_0.jpg,herford,1
Der Oberkreisdirektor -Amt für Wiedergutmachung- in Herford,74266,1902_01_17_32_0.jpg,herford,1
Der Oberkreisdirektor -Amt für Wiedergutmachung- in Herford,63990,1931_01_15_26_0.jpg,herford,1
Der Oberkreisdirektor -Amt für Wiedergutmachung- in Herford,64 132,1909_06_11_79_0.jpg,herford,1
Der Oberkreisdirektor -Amt für Wiedergutmachung- in Herford,31 767,1909_02_26_103_0.jpg,herford,1
Der Oberkreisdirektor -Amt für Wiedergutmachung- in Herford,64 303,1909_10_04_16_0.jpg,herford,1
Der Oberkreisdirektor -Amt für Wiedergutmachung- in Herford,64 053,1909_05_05_162_0.jpg,herford,1
Der Oberkreisdirektor -Amt für Wiedergutmachung- in Herford,64 329 a,1917_03_24_34_0.jpg,herford,1
Der Oberkreisdirektor -Amt für Wiedergutmachung- in Herford,64 039,1917_07_13_66_0.jpg,herford,1
Der Oberkreisdirektor -Amt für Wiedergutmachung- in Höxter,64833,1904_06_02_123_0.jpg,höxter,1
Der Oberkreisdirektor -Amt für Wiedergutmachung- in Paderborn,ZK.68 471,1932_10_21_22_0.jpg,paderborn,1
Der Oberkreisdirektor -Amt für Wiedergutmachung- in Paderborn,423 450,1911_10_04_7_0.jpg,paderborn,1
Der Oberkreisdirektor -Amt für Wiedergutmachung- in Paderborn,68 080,1890_08_01_46_0.jpg,paderborn,1
Der Oberkreisdirektor -Amt für Wiedergutmachung- in Paderborn,32656,1899_08_06_11_0.jpg,paderborn,1
Der Oberkreisdirektor -Amt für Wiedergutmachung- in Paderborn,68 228,1914_05_12_104_0.jpg,paderborn,1
Der Oberkreisdirektor -Amt für Wiedergutmachung- in Paderborn,68 079,1906_03_11_116_0.jpg,paderborn,1
Der Oberkreisdirektor A.f.W. in Herford,659 642,1909_02_13_93_0.jpg,herford,1
Der Oberkreisdirektor AFW in Herford,64 373 b,1911_07_08_87_0.jpg,herford,1
Der Oberkreisdirektor AFW in Herford,64 373 a,1910_04_13_89_0.jpg,herford,1
Der Oberkreisdirektor Amt für Wiedergutmachung Halle (Westf.),31 605,1898_07_21_63_0.jpg,halle,1
Der Oberkreisdirektor – Amt für Wiedergutmachung in Paderborn,623 193,1918_06_08_47_0.jpg,paderborn,1
Der Regierungsbezirk: Gießen,02 076,1903_08_20_107_0.jpg,gießen,1
"Der Regierungspräfident, Düren",2158,1897_08_01_61_0.jpg,düren,1
"Der Regierungspräfident, Düren",661 216,1899_03_18_65_0.jpg,düren,1
"Der Regierungspräfident, Düren",181292,1925_01_17_102_0.jpg,düren,1
"Der Regierungspräfident, Düren",181263,1913_11_24_34_0.jpg,düren,1
"Der Regierungspräfident, Düren",182 111,1913_09_27_44_0.jpg,düren,1
"Der Regierungspräfident, Düren",181284,1909_07_29_110_0.jpg,düren,1
"Der Regierungspräfident, Düren",181 873 a-b,1909_09_15_93_0.jpg,düren,1
Der Regierungspräfident. Düren,182 033,1933_06_22_29_0.jpg,düren,1
Der Regierungspräfident. Düren,102 015,1921_12_28_116_0.jpg,düren,1
Der Regierungspräfident. Düren,182 035,1908_05_20_69_0.jpg,düren,1
Der Regierungspräfident. Düren,182 247,1940_11_16_19_0.jpg,düren,1
Der Regierungspräfident. Düren,102 267,1929_06_12_59_0.jpg,düren,1
Der Regierungspräfident. Düren,14 862,1901_04_07_92_0.jpg,düren,1
Der Regierungspräsid. Düren,182 232,1905_03_01_116_0.jpg,düren,1
Der Regierungspräsident - Amt für Wiedergutmachung in Herford,64 169,1908_03_13_47_0.jpg,herford,1
Der Regierungspräsident - Dez. für Wiedergutmachung - in Dortmund,170 363 B,1921_06_13_59_0.jpg,dortmund,1
Der Regierungspräsident - Dez.f. Wiedergutmachung - Dortmund,67 933,1929_07_11_12_0.jpg,dortmund,1
Der Regierungspräsident - Dezernat für Wiedergutmachung - in Betzdorf,60371,1909_02_25_128_0.jpg,betzdorf,1
Der Regierungspräsident - Dezernat für Wiedergutmachung - in Betzdorf,30735,1909_07_21_71_0.jpg,betzdorf,1
Der Regierungspräsident - Doz. für Wiedergutmachung - in Dortmund,170 370 A,1912_04_08_77_0.jpg,dortmund,1
Der Regierungspräsident -Dezernat 14- in Paderborn,68 311,1907_10_05_67_0.jpg,paderborn,1
Der Regierungspräsident Ansbach,169 755/1894,1933_09_04_7_0.jpg,ansbach,1
Der Regierungspräsident Düren,8265,1900_07_19_83_0.jpg,düren,1
Der Regierungspräsident Düren,8012,1917_05_21_61_0.jpg,düren,1
Der Regierungspräsident Fulda,13395,1882_08_03_29_0.jpg,fulda,1
Der Regierungspräsident Kreis Grevenbroich,269 128,1930_06_13_64_0.jpg,grevenbroich,1
Der Regierungspräsident Nürnberg,9091,1915_12_24_30_0.jpg,nürnberg,1
Der Regierungspräsident in Dortmund,67 419 A,1914_05_13_103_0.jpg,dortmund,1
Der Regierungspräsident in Dortmund,67515,1892_05_30_60_0.jpg,dortmund,1
Der Regierungspräsident in Dortmund,67515 B,1925_05_28_70_0.jpg,dortmund,1
Der Regierungspräsident in Herford,64 334,1909_11_01_41_0.jpg,herford,1
Der Regierungspräsident in Oettingen,32 486,1901_06_23_47_0.jpg,oettingen,1
"Der Regierungspräsident, Düren",182 022,1939_03_11_3_0.jpg,düren,1
"Der Regierungspräsident, Düren",181490,1903_02_02_51_0.jpg,düren,1
"Der Regierungspräsident, Düren",181669,1903_12_18_96_0.jpg,düren,1
"Der Regierungspräsident, Düren",861 879,1920_05_26_57_0.jpg,düren,1
"Der Regierungspräsident, Düren",181702,1920_06_06_121_0.jpg,düren,1
"Der Regierungspräsident, Düren",4288,1891_01_13_53_0.jpg,düren,1
"Der Regierungspräsident, Düren",181390,1912_03_12_50_0.jpg,düren,1
"Der Regierungspräsident, Düren",181346,1928_04_23_76_0.jpg,düren,1
"Der Regierungspräsident, Düren",181 989,1893_12_01_8_0.jpg,düren,1
"Der Regierungspräsident, Düren",78 415,1938_10_08_39_0.jpg,düren,1
"Der Regierungspräsident, Düren",182 424,1938_08_05_5_0.jpg,düren,1
"Der Regierungspräsident, Düren",82 110,1881_08_07_14_0.jpg,düren,1
"Der Regierungspräsident, Düren",181254,1882_08_05_6_0.jpg,düren,1
"Der Regierungspräsident, Düren",181776,1936_05_07_7_0.jpg,düren,1
"Der Regierungspräsident, Düren",ZK 181 939,1883_02_22_26_0.jpg,düren,1
"Der Regierungspräsident, Düren",7629/192 375,1887_06_23_32_0.jpg,düren,1
"Der Regierungspräsident, Düren",181278,1899_05_28_86_0.jpg,düren,1
"Der Regierungspräsident, Düren",181450,1899_01_12_62_0.jpg,düren,1
"Der Regierungspräsident, Düren",181589,1899_06_25_12_0.jpg,düren,1
"Der Regierungspräsident, Düren",161 860,1872_11_02_4_0.jpg,düren,1
"Der Regierungspräsident, Düren",181673,1892_07_06_64_0.jpg,düren,1
"Der Regierungspräsident, Düren",182228,1935_00_00_67_0.jpg,düren,1
"Der Regierungspräsident, Düren",202 009,1935_02_07_36_0.jpg,düren,1
"Der Regierungspräsident, Düren",102 276,1904_04_04_47_0.jpg,düren,1
"Der Regierungspräsident, Düren",181677,1904_01_01_106_0.jpg,düren,1
"Der Regierungspräsident, Düren",ZK 182 019,1907_01_04_63_0.jpg,düren,1
"Der Regierungspräsident, Düren",182108,1906_11_21_11_0.jpg,düren,1
"Der Regierungspräsident, Düren",181301,1901_10_16_61_0.jpg,düren,1
"Der Regierungspräsident, Düren",182 253,1901_06_26_1_0.jpg,düren,1
"Der Regierungspräsident, Düren",181682,1898_06_04_60_0.jpg,düren,1
"Der Regierungspräsident, Düren",81 754,1898_01_22_39_0.jpg,düren,1
"Der Regierungspräsident, Düren",111586,1910_09_02_66_0.jpg,düren,1
"Der Regierungspräsident, Düren",182 026 c-b,1902_07_13_32_0.jpg,düren,1
"Der Regierungspräsident, Düren",N24 780,1909_12_12_166_0.jpg,düren,1
Der Regierungspräsident. Düren,182 148,1884_10_25_34_0.jpg,düren,1
Der Regierungspräsident. Düren,6906,1894_05_13_26_0.jpg,düren,1
Der Regierungspräsident. Düren,182 012,1891_12_06_50_0.jpg,düren,1
Der Regierungspräsident. Düren,181 807,1891_11_25_18_0.jpg,düren,1
Der Regierungspräsident. Düren,182 055,1912_06_06_17_0.jpg,düren,1
Der Regierungspräsident. Düren,181391a-b,1928_08_27_27_0.jpg,düren,1
Der Regierungspräsident. Düren,181 981,1926_06_21_45_0.jpg,düren,1
Der Regierungspräsident. Düren,181 799,1926_04_18_49_0.jpg,düren,1
Der Regierungspräsident. Düren,3924,1905_05_25_68_0.jpg,düren,1
Der Regierungspräsident. Düren,ZK 182 018,1878_06_25_17_0.jpg,düren,1
Der Regierungspräsident. Düren,UJE,1882_11_18_23_0.jpg,düren,1
Der Regierungspräsident. Düren,7437,1924_04_25_65_0.jpg,düren,1
Der Regierungspräsident. Düren,181630,1936_09_01_35_0.jpg,düren,1
Der Regierungspräsident. Düren,181502,1936_05_07_17_0.jpg,düren,1
Der Regierungspräsident. Düren,82 109,1897_07_01_51_0.jpg,düren,1
Der Regierungspräsident. Düren,181584,1897_09_01_42_0.jpg,düren,1
Der Regierungspräsident. Düren,669729,1897_01_14_27_0.jpg,düren,1
Der Regierungspräsident. Düren,181619,1899_03_05_36_0.jpg,düren,1
Der Regierungspräsident. Düren,182 294,1896_07_04_25_0.jpg,düren,1
Der Regierungspräsident. Düren,181583,1907_07_14_140_0.jpg,düren,1
Der Regierungspräsident. Düren,182 215 a+b,1907_12_27_53_0.jpg,düren,1
Der Regierungspräsident. Düren,ZK:182139,1906_09_23_60_0.jpg,düren,1
Der Regierungspräsident. Düren,161 962,1901_12_10_100_0.jpg,düren,1
Der Regierungspräsident. Düren,181 943,1901_01_11_86_0.jpg,düren,1
Der Regierungspräsident. Düren,102 268,1901_06_22_67_0.jpg,düren,1
Der Regierungspräsident. Düren,665 895,1901_12_11_47_0.jpg,düren,1
Der Regierungspräsident. Düren,181502,1902_09_18_59_0.jpg,düren,1
Der Regierungspräsident. Düren,182 126,1909_10_18_27_0.jpg,düren,1
"Der Regierungspräsidet, Düren",181 798 a-r,1888_06_16_31_0.jpg,düren,1
Der Regierungspräsidet. Düren,181428,1900_05_03_84_0.jpg,düren,1
Der Regierungspräsidet. Düren,181 763,1926_10_30_90_0.jpg,düren,1
"Der Regierungspräsidialt, Düren",ZK 181 941,1883_02_22_27_0.jpg,düren,1
Der Regierungspräsidient. Düren,ZK 182 073,1886_10_11_26_0.jpg,düren,1
Der Regierungspräsidient. Düren,181406,1902_09_29_53_0.jpg,düren,1
Der Regierungspräsidient. Düren,ZK 181 821,1909_11_21_101_0.jpg,düren,1
"Der Regierungspräsidium, Düren",438848,1912_06_06_18_0.jpg,düren,1
Der Regionalpräsident - Dez. für Wiedergutmachung - in Dortmund,170 394,1905_02_22_91_0.jpg,dortmund,1
Der Regionalpräsident - Doz. für Wiedergutmachung - in Dortmund,170 360 A,1916_12_02_3_0.jpg,dortmund,1
Der Regionalverwaltungspräsident - Dez. für Wiedergutmachung - in Dortmund,170 366 D,1904_11_08_38_0.jpg,dortmund,1
Der Reichsentschädigungspräsident Lübeck,8992a,1893_01_25_57_0.jpg,lübeck,1
"Deutsche Rechtsiverts, Naumburg",422-242,1927_06_15_88_0.jpg,naumburg,1
Deutsches Reich,71 870,1906_09_08_81_0.jpg,reich,1
Deutsches Zentrales Stelle,20002/VII/2414,1916_04_03_4_0.jpg,stelle,1
Deutsches Zentrales Stelle,14/I/14,1912_08_31_49_0.jpg,stelle,1
Deutsches Zentrales Stelle,11109/V1/11668,1908_10_18_12_0.jpg,stelle,1
Deutsches Zentrales Stelle,48150/VII/10351,1908_02_21_14_0.jpg,stelle,1
Deutsches Zentrales Stelle,3012/III/899,1889_04_08_5_0.jpg,stelle,1
Deutsches Zentrales Stelle,10608/1/4486,1911_12_09_90_0.jpg,stelle,1
Deutsches Zentrales Stelle,32444/III/4490,1906_11_22_86_0.jpg,stelle,1
Deutsches Zentrales Stelle,96392/VII/29945,1919_06_18_20_0.jpg,stelle,1
Deutsches Zentrales Stelle,13763/VII/461,1919_06_02_106_0.jpg,stelle,1
Deutsches Zentrales Stelle,47633/VII/9834,1879_03_27_2_0.jpg,stelle,1
Deutsches Zentrales Stelle,123870/VII/381,1931_05_04_39_0.jpg,stelle,1
Deutsches Zentrales Stelle,75667/VII/18072,1909_09_26_65_0.jpg,stelle,1
Deutsches Zentrales Stelle für Opfer der nationalsozialistischen Verfolgung,24.727/I/6757,1893_04_01_11_0.jpg,stelle,1
Diepholz,D 6084 R,1875_09_16_8_0.jpg,diepholz,1
Diepholz,6021K,1894_11_09_39_0.jpg,diepholz,1
Diepholz,D 6067 P,1873_09_26_8_0.jpg,diepholz,1
Diepholz,87,1873_09_26_9_0.jpg,diepholz,1
Diepholz,D 5990 y,1908_10_12_23_0.jpg,diepholz,1
Diepholz,D 6043 M,1908_06_23_68_0.jpg,diepholz,1
Diepholz,D 6075 R,1915_02_01_101_0.jpg,diepholz,1
Diepholz,,1915_12_30_1_0.jpg,diepholz,1
Diepholz,D 6061 0,1893_10_21_37_0.jpg,diepholz,1
Diepholz,6107 T,1890_12_14_65_0.jpg,diepholz,1
Diepholz,D 60 77 R,1888_11_11_30_0.jpg,diepholz,1
Diepholz,D 6014 K,1886_06_20_12_0.jpg,diepholz,1
Diepholz,106,1892_07_09_62_0.jpg,diepholz,1
Diepholz,D 63 755 Sch,1892_11_01_42_0.jpg,diepholz,1
Diepholz,8 60127,1892_01_11_27_0.jpg,diepholz,1
Diepholz,152,1898_10_19_65_0.jpg,diepholz,1
Diepholz,D. 6036 L,1910_08_02_69_0.jpg,diepholz,1
"Dinker, Kreis Soest",29.750,1900_05_17_106_0.jpg,soest,1
Doppel Meldung Bundes Fin. Min. Bonn,15185/I/5795,1916_09_28_21_0.jpg,bonn,1
"Doppelmeier, Bundes Fin. Min. Bonn",3734/II/206,1920_03_04_7_0.jpg,bonn,1
Doppelmeldung Amberg,420 677,1902_03_27_27_0.jpg,amberg,1
Doppelmeldung Bund. Fin. Min. Bonn,462 087,1923_01_29_81_0.jpg,bonn,1
Doppelmeldung Bundes Fin. Min. Bonn,14178/I/4801,1894_07_21_43_0.jpg,bonn,1
Dor Regierungspräsident - Dez. für Wiedergutmachung - in Dortmund,170 386,1942_04_15_4_0.jpg,dortmund,1
Dortmund,161 992 8,1916_06_13_25_0.jpg,dortmund,1
Dortmund,ETC083,1921_08_23_60_0.jpg,dortmund,1
Dortmund,225 954 a,1920_04_17_75_0.jpg,dortmund,1
Dortmund,225 948 b,1926_11_27_55_0.jpg,dortmund,1
Dortmund,I 6 W 35927,1924_06_26_45_0.jpg,dortmund,1
Dortmund,161 992 6,1914_12_29_31_0.jpg,dortmund,1
Dortmund,225 812 b,1906_10_08_108_0.jpg,dortmund,1
Dortmund,23 717,1898_06_06_22_0.jpg,dortmund,1
Dortmund,50/7 C 158 K,1913_10_20_28_0.jpg,dortmund,1
"Dr. Max Hirschberg, 60 East Str. 2120 New York 17 c/o Jaw Office",98882/VII/33619,1904_03_09_103_0.jpg,hirschberg,1
Dresden,46.309/VII/7688,1916_10_21_18_0.jpg,dresden,1
Dresden,MNG 7282,1921_07_05_96_0.jpg,dresden,1
Dresden,56.X - 900.191,1920_04_09_58_0.jpg,dresden,1
Dresden,61308/VII/8572,1920_12_18_14_0.jpg,dresden,1
Dresden,72 283,1912_06_29_77_0.jpg,dresden,1
Dresden,D 100000,1915_04_07_16_0.jpg,dresden,1
Dresden,A.Z. HS 2310 (0),1915_07_04_82_0.jpg,dresden,1
Dresden,A.Z. 4062(0),1928_05_26_80_0.jpg,dresden,1
Dresden,70932,1893_10_15_78_0.jpg,dresden,1
Dresden,214 304,1905_05_06_100_0.jpg,dresden,1
Dresden,67742,1881_02_19_14_0.jpg,dresden,1
Dresden,171 562,1924_01_25_81_0.jpg,dresden,1
Dresden,45 021,1924_04_14_45_0.jpg,dresden,1
Dresden,55.7 - 927 600,1923_02_04_25_0.jpg,dresden,1
Dresden,AZ 1123/1/3906,1911_04_18_48_0.jpg,dresden,1
Dresden,73 594/VII/15899,1897_01_27_18_0.jpg,dresden,1
Dresden,SB X/79,1887_08_15_43_0.jpg,dresden,1
Dresden,VIA6-0178DF-L2,1927_09_20_30_0.jpg,dresden,1
Dresden,ZK 199 253,1927_05_12_66_0.jpg,dresden,1
Dresden,462 815,1913_03_06_34_0.jpg,dresden,1
Dresden,77 606,1930_06_10_21_0.jpg,dresden,1
Dresden,Art. V-56-II-Nr 697 789,1930_06_10_3_0.jpg,dresden,1
Dresden,8MF/8B4 - 01478 DF - W 240,1943_05_19_16_0.jpg,dresden,1
Duck-Greifswald-Salzgitter-Bergen/Kh.,406242,1913_08_14_88_0.jpg,"bergen, greifswald, salzgitter",3
Duck-Greifswald-Schulz-Blagan-Rh,85949,1930_08_08_62_0.jpg,greifswald,1
Duderstadt,,1884_03_04_21_0.jpg,duderstadt,1
Duderstadt,,1903_11_04_57_0.jpg,duderstadt,1
Duderstadt,,1903_08_11_32_0.jpg,duderstadt,1
Duderstadt,,1903_04_05_81_0.jpg,duderstadt,1
Duderstadt,,1903_02_16_50_0.jpg,duderstadt,1
Duderstadt,,1900_04_17_78_0.jpg,duderstadt,1
Duderstadt,,1900_10_25_30_0.jpg,duderstadt,1
Duderstadt,,1894_02_13_23_0.jpg,duderstadt,1
Duderstadt,,1894_10_30_66_0.jpg,duderstadt,1
Duderstadt,,1918_08_01_68_0.jpg,duderstadt,1
Duderstadt,,1891_11_04_42_0.jpg,duderstadt,1
Duderstadt,,1912_11_30_69_0.jpg,duderstadt,1
Duderstadt,,1908_09_27_70_0.jpg,duderstadt,1
Duderstadt,,1893_12_06_67_0.jpg,duderstadt,1
Duderstadt,,1893_06_23_46_0.jpg,duderstadt,1
Duderstadt,,1905_06_05_33_0.jpg,duderstadt,1
Duderstadt,,1905_11_15_49_0.jpg,duderstadt,1
Duderstadt,,1905_08_06_118_0.jpg,duderstadt,1
Duderstadt,,1889_11_05_10_0.jpg,duderstadt,1
Duderstadt,,1889_09_25_18_0.jpg,duderstadt,1
Duderstadt,,1878_12_16_20_0.jpg,duderstadt,1
Duderstadt,,1885_09_13_5_0.jpg,duderstadt,1
Duderstadt,,1885_12_25_54_0.jpg,duderstadt,1
Duderstadt,,1911_05_24_5_0.jpg,duderstadt,1
Duderstadt,,1897_10_31_45_0.jpg,duderstadt,1
Duderstadt,,1883_12_01_3_0.jpg,duderstadt,1
Duderstadt,,1887_03_04_9_0.jpg,duderstadt,1
Duderstadt,,1887_06_08_12_0.jpg,duderstadt,1
Duderstadt,,1895_04_19_17_0.jpg,duderstadt,1
Duderstadt,,1895_08_12_10_0.jpg,duderstadt,1
Duderstadt,,1899_11_27_71_0.jpg,duderstadt,1
Duderstadt,,1886_01_09_10_0.jpg,duderstadt,1
Duderstadt,,1886_01_17_44_0.jpg,duderstadt,1
Duderstadt,,1896_10_20_82_0.jpg,duderstadt,1
Duderstadt,,1904_11_03_20_0.jpg,duderstadt,1
Duderstadt,,1904_01_26_19_0.jpg,duderstadt,1
Duderstadt,,1907_11_09_43_0.jpg,duderstadt,1
Duderstadt,BayKart,1907_09_23_30_0.jpg,duderstadt,1
Duderstadt,,1901_04_08_58_0.jpg,duderstadt,1
Duderstadt,,1898_02_06_80_0.jpg,duderstadt,1
Duderstadt,,1913_06_28_53_0.jpg,duderstadt,1
Duderstadt,,1913_03_01_95_0.jpg,duderstadt,1
Duderstadt,,1879_11_03_26_0.jpg,duderstadt,1
Duderstadt,,1902_04_25_22_0.jpg,duderstadt,1
Duderstadt,,1917_12_04_24_0.jpg,duderstadt,1
Duisburg,BNF/VB4-01478DF-R127,1922_03_30_90_0.jpg,duisburg,1
Duisburg,3 00897,1897_04_10_23_0.jpg,duisburg,1
Duisburg,8622,1901_03_17_103_0.jpg,duisburg,1
Duisburg,73136/a,1876_10_21_3_0.jpg,duisburg,1
Ebersbach/Baden Kr. Heidelberg,I 6 W 32 900,1886_12_29_11_0.jpg,"ebersbach, heidelberg",2
"Ehrmann Jlse(25.11.31) Rey Ruth Frieda, geb.Ehrmann (31.1.28) Dreier Elise Emilie, geb Ehrmann (31.1.28) Dreier Elise Emilie, geb Ehrmann (31.1.28) Ehrmann Anna, Karlilme(8.7.1923) Brusse, Hedwig Hermine, geb.Ehrmann (4.6.1925) Werner, Jrmna Liselotte, geb.Ehrmann (9.10.26) Ehrmann Renate Doris(31.3.37)",EK 5086,1904_09_12_17_0.jpg,rey,1
Einbeck,,1884_09_29_5_0.jpg,einbeck,1
Einbeck,Einbeck,1903_01_02_73_0.jpg,einbeck,1
Einbeck,Einbeck,1900_10_15_174_0.jpg,einbeck,1
Einbeck,Einbeck,1905_05_08_61_0.jpg,einbeck,1
Einbeck,Einbeck,1889_10_18_11_0.jpg,einbeck,1
Einbeck,20,1890_12_27_15_0.jpg,einbeck,1
Einbeck,,1899_02_12_67_0.jpg,einbeck,1
Einbeck,,1886_03_31_23_0.jpg,einbeck,1
Einbeck,,1886_09_12_17_0.jpg,einbeck,1
Einbeck,,1886_02_05_8_0.jpg,einbeck,1
Einbeck,,1914_12_07_74_0.jpg,einbeck,1
Einbeck,,1892_11_25_75_0.jpg,einbeck,1
Einbeck,,1896_09_06_45_0.jpg,einbeck,1
Einbeck,Embej,1896_04_07_12_0.jpg,einbeck,1
Einbeck,,1904_02_10_29_0.jpg,einbeck,1
Einbeck,Einbeck,1904_07_25_76_0.jpg,einbeck,1
Einbeck,20,1904_07_25_77_0.jpg,einbeck,1
Einbeck,Einbeck,1901_08_28_110_0.jpg,einbeck,1
Einbeck,,1898_12_11_18_0.jpg,einbeck,1
Einbeck,,1898_03_31_33_0.jpg,einbeck,1
Einbeck,Emb,1876_05_10_8_0.jpg,einbeck,1
Einbeck,,1902_08_06_74_0.jpg,einbeck,1
Einbeck,Einh,1902_12_25_81_0.jpg,einbeck,1
Ellrich,442 495,1905_12_20_131_0.jpg,ellrich,1
"Elsa Pappenheim, Walter Joachimsthal u.a.",229 220 in V. 628 118,1921_10_02_65_0.jpg,"joachimsthal, pappenheim",2
Emden,,1889_08_14_33_0.jpg,emden,1
Emden,,1878_03_16_8_0.jpg,emden,1
Emden,,1885_10_26_22_0.jpg,emden,1
Emden,,1890_08_13_40_0.jpg,emden,1
Emden,,1901_04_16_97_0.jpg,emden,1
Emden,,1901_01_12_54_0.jpg,emden,1
Emmendingen,Art.V-56-II-Nr. 190 045,1923_10_29_67_0.jpg,emmendingen,1
Entschädigungsamt Bremervörde,E 8.150,1884_05_06_4_0.jpg,bremervörde,1
Entschädigungsamt Bremervörde,E 8.202,1884_09_22_26_0.jpg,bremervörde,1
Entschädigungsamt Bremervörde,E 8.342,1922_06_15_12_0.jpg,bremervörde,1
Entschädigungsamt Bremervörde,E 8.026,1894_07_12_20_0.jpg,bremervörde,1
Entschädigungsamt Bremervörde,E 8.452,1921_05_06_32_0.jpg,bremervörde,1
Entschädigungsamt Bremervörde,E 8.148,1934_01_01_81_0.jpg,bremervörde,1
Entschädigungsamt Bremervörde,E 8.424,1908_07_16_57_0.jpg,bremervörde,1
Entschädigungsamt Bremervörde,E 8.459,1928_01_14_16_0.jpg,bremervörde,1
Entschädigungsamt Bremervörde,E 8.304,1924_05_31_86_0.jpg,bremervörde,1
Entschädigungsamt Bremervörde,E 8.094,1924_01_01_122_0.jpg,bremervörde,1
Entschädigungsamt Bremervörde,8.502,1936_03_30_8_0.jpg,bremervörde,1
Entschädigungsamt Bremervörde,E 8.497,1936_09_18_12_0.jpg,bremervörde,1
Entschädigungsamt Bremervörde,E 8.296,1897_06_08_31_0.jpg,bremervörde,1
Entschädigungsamt Bremervörde,E 8.439,1899_05_08_57_0.jpg,bremervörde,1
Entschädigungsamt Bremervörde,E 8.236,1896_09_09_75_0.jpg,bremervörde,1
Entschädigungsamt Bremervörde,E 8.494,1927_08_31_55_0.jpg,bremervörde,1
Entschädigungsamt Bremervörde,E 8.156,1906_03_16_78_0.jpg,bremervörde,1
Entschädigungsamt Bremervörde,E 8.323,1910_12_05_59_0.jpg,bremervörde,1
Entschädigungsamt Bremervörde,E 8146,1942_02_14_19_0.jpg,bremervörde,1
Entschädigungsamt Bremervörde,E 8.457,1909_09_03_25_0.jpg,bremervörde,1
Entschädigungsbehörde 28 in Jüchen,13 786 a,1937_10_24_6_0.jpg,jüchen,1
Entschädigungsbehörde Regierungsbezirksamt für Wiedergutmachung und verwaltete Vermögen Nürnberg a.d. Weinstr.,110 462,1899_02_02_78_0.jpg,nürnberg,1
Entschädigungsbehörde für Wiedergutmachung und verwaltete Vermögen Neusidler a. d. Weinsberg,45 465,1897_06_14_75_0.jpg,weinsberg,1
Entschädigungsbehörde für Wiedergutmachung und verwaltete Vermögen Nürnberg a.d. Weinstr.,113 903,1891_05_06_9_0.jpg,nürnberg,1
"Entschädigungsbehörde für Wiedergutmachung und verwaltete Vermögen, Nürnberg",43 532,1881_04_19_2_0.jpg,nürnberg,1
Entschädigungsbehörde: Augsburg,243921,1921_09_12_70_0.jpg,augsburg,1
Entschädigungsbehörde:gl. Bezirksamt für Wiedergutmachung und verwaltete Vermögen Nürnberg a.d. Weinstr.,44 627,1886_12_10_19_0.jpg,nürnberg,1
Entschädigungsbehörde:grundsbezirksamt für Wiedergutmachung und verwaltete Vermögen Neusäß d. Weinstr.,41 367,1907_10_15_115_0.jpg,neusäß,1
"Erfurt, Amtsgruppe IV",W 5099-441-81 254,1919_06_20_73_0.jpg,erfurt,1
"Erfurt, Ansbach, Chamnitz",W5100-482-9284,1922_05_17_68_0.jpg,"ansbach, erfurt",2
"Erfurt, Jena",VV.5099-R 1/93,1925_05_06_96_0.jpg,"erfurt, jena",2
"Erfurt, Jenaer Str. 37",V/5099-M-1193,1920_02_28_111_0.jpg,erfurt,1
"Erfurt, Jenaer Str. 37",VV5099-G-3/93,1920_09_14_25_0.jpg,erfurt,1
Erlangen,442 456,1923_03_22_69_0.jpg,erlangen,1
Eros Linau,123605/LA/105,1893_12_30_44_0.jpg,linau,1
Eros Lindau,123650/L1/150,1919_07_11_41_0.jpg,lindau,1
Eschwege,579,1903_07_22_61_0.jpg,eschwege,1
F. W. Bödder Ansbach,161 574 a,1906_12_09_37_0.jpg,ansbach,1
Fallingbostel,,1900_03_14_20_0.jpg,fallingbostel,1
Fallingbostel,,1934_12_29_14_0.jpg,fallingbostel,1
Fallingbostel,,1915_01_02_96_0.jpg,fallingbostel,1
Fallingbostel,,1889_10_13_21_0.jpg,fallingbostel,1
Fallingbostel,,1881_05_26_31_0.jpg,fallingbostel,1
Fallingbostel,,1911_12_19_37_0.jpg,fallingbostel,1
Fallingbostel,,1897_10_12_46_0.jpg,fallingbostel,1
Fallingbostel,,1897_04_23_42_0.jpg,fallingbostel,1
Fallingbostel,,1883_10_28_26_0.jpg,fallingbostel,1
Fallingbostel,55,1890_05_01_32_0.jpg,fallingbostel,1
Fallingbostel,Fallingbostel,1899_06_24_53_0.jpg,fallingbostel,1
Fallingbostel,Fallingbostel,1886_11_02_14_0.jpg,fallingbostel,1
Fallingbostel,,1886_12_14_22_0.jpg,fallingbostel,1
Finanzamt Fürstenfeldbruck,F/11 A6 - 07442 - K5/69,1911_02_18_78_0.jpg,fürstenfeldbruck,1
Flörsheim,1600/36,1924_04_19_87_0.jpg,flörsheim,1
Frankfurt a. Main,V1099-G-1196,1921_12_22_35_0.jpg,frankfurt,1
Frankfurt a. Main,VU 5099-B-2/96-BVIII 36/21,1915_08_22_15_0.jpg,frankfurt,1
Frankfurt a. Main,B-6791-B-40,1914_05_07_27_0.jpg,frankfurt,1
Frankfurt am Main,VV 5027-K-4/89,1933_01_01_78_0.jpg,frankfurt,1
Frankfurt am Main,7/94,1903_08_28_13_0.jpg,frankfurt,1
Frankfurt am Main,BV III 36,1922_07_05_152_0.jpg,frankfurt,1
Frankfurt am Main,VV 5099 - Sch - 1/92 - BV 23,1922_04_16_128_0.jpg,frankfurt,1
Frankfurt am Main,R-2/90-3640,1922_10_01_116_0.jpg,frankfurt,1
Frankfurt am Main,W5099-S-2/87,1922_04_27_77_0.jpg,frankfurt,1
Frankfurt am Main,VV.5099-K-11183-BV23,1921_05_28_44_0.jpg,frankfurt,1
Frankfurt am Main,F4/91-BR-40,1921_06_01_39_0.jpg,frankfurt,1
Frankfurt am Main,V-1/97,1921_01_19_107_0.jpg,frankfurt,1
Frankfurt am Main,H-1/94,1921_02_05_50_0.jpg,frankfurt,1
Frankfurt am Main,F-2/80-3043,1920_01_10_35_0.jpg,frankfurt,1
Frankfurt am Main,VV 5099-E-1/94-BV 111 23,1918_11_07_16_0.jpg,frankfurt,1
Frankfurt am Main,R-2/96,1918_11_02_60_0.jpg,frankfurt,1
Frankfurt am Main,H-2/91-Bo-40,1912_06_22_77_0.jpg,frankfurt,1
Frankfurt am Main,VV5099-K-2/92-BV23,1912_01_03_38_0.jpg,frankfurt,1
Frankfurt am Main,N-2/91-80-40,1915_11_29_35_0.jpg,frankfurt,1
Frankfurt am Main,Rb-440,1915_03_06_50_0.jpg,frankfurt,1
Frankfurt am Main,W5027-H-2/9,1915_02_15_115_0.jpg,frankfurt,1
Frankfurt am Main,VV.5022-K-7/82,1923_02_26_33_0.jpg,frankfurt,1
Frankfurt am Main,Sch-4/91-3040,1914_05_25_118_0.jpg,frankfurt,1
Frankfurt am Main,3/91-807740,1914_08_28_13_0.jpg,frankfurt,1
Frankfurt am Main,V5099-K-61/91,1913_09_01_44_0.jpg,frankfurt,1
Frankfurt am Main,VV 5099 - E - 1192 - BV 1111 23,1919_04_29_11_0.jpg,frankfurt,1
Frankfurt am Main,VV5099-G-1193-BVIII22,1919_06_04_33_0.jpg,frankfurt,1
Frankfurt am Main,VV 5099 - K - 3/92 - BV 1123,1919_04_12_50_0.jpg,frankfurt,1
Frankfurt am Main,15 Kls 11/59,1930_10_17_11_0.jpg,frankfurt,1
Frankfurt am Main,VV 5099 - E - 1/93 - BV III 22,1917_04_29_12_0.jpg,frankfurt,1
Frankfurt-Main,21 Kls 2/65,1933_02_11_1_0.jpg,frankfurt,1
Frankfurt-Main,15 Kls 1/67,1934_10_01_26_0.jpg,frankfurt,1
Frankfurt-Main,16 Kls 26/58,1934_07_17_24_0.jpg,frankfurt,1
Frankfurt-Main,I 6 W 32 670,1854_03_25_1_0.jpg,frankfurt,1
Frankfurt-Main,796,1941_08_26_7_0.jpg,frankfurt,1
Frankfurt-Main,15 Kls 4/68,1941_05_29_14_0.jpg,frankfurt,1
Frankfurt-Main,42 Kls 1/67,1928_02_01_100_0.jpg,frankfurt,1
Frankfurt-Main,13 Kls 6/59,1928_12_25_13_0.jpg,frankfurt,1
Frankfurt-Main,12 Kls 15/58,1928_12_27_1_0.jpg,frankfurt,1
Frankfurt-Main,461,1905_03_20_3_0.jpg,frankfurt,1
Frankfurt-Main,872,1938_09_05_14_0.jpg,frankfurt,1
Frankfurt-Main,194,1932_12_31_10_0.jpg,frankfurt,1
Frankfurt-Main,16 Ks 2/67,1932_11_12_24_0.jpg,frankfurt,1
Frankfurt-Main,11 Kls 5/61,1923_07_15_8_0.jpg,frankfurt,1
Frankfurt-Main,18 Kls 32/64,1944_07_08_2_0.jpg,frankfurt,1
Frankfurt-Main,19 Ks 1/64,1936_01_18_3_0.jpg,frankfurt,1
Frankfurt-Main,41 Kls 8/67,1937_02_11_18_0.jpg,frankfurt,1
Frankfurt-Main,19 Ks 1/64,1937_11_15_34_0.jpg,frankfurt,1
Frankfurt-Main,16 Kls 11/67,1929_11_19_38_0.jpg,frankfurt,1
Frankfurt-Main,779,1929_03_23_7_0.jpg,frankfurt,1
Frankfurt-Main,13 Kls 1/66,1935_07_21_12_0.jpg,frankfurt,1
Frankfurt-Main,734,1927_09_08_34_0.jpg,frankfurt,1
Frankfurt-Main,11 Kls 12/59,1925_05_12_17_0.jpg,frankfurt,1
Frankfurt-Main,749,1925_06_25_85_0.jpg,frankfurt,1
Frankfurt-Main,600,1919_07_17_7_0.jpg,frankfurt,1
Frankfurt-Main,493,1919_03_16_1_0.jpg,frankfurt,1
Frankfurt-Main,672,1930_07_04_3_0.jpg,frankfurt,1
Frankfurt-Main,14 Ks 1/58,1930_02_05_66_0.jpg,frankfurt,1
Frankfurt-Main,484,1917_10_27_2_0.jpg,frankfurt,1
Frankfurt/Main,732,1939_09_16_12_0.jpg,frankfurt,1
Frankfurt/Main,14 Kls 3/67,1939_11_24_9_0.jpg,frankfurt,1
Frankfurt/Main,20 Kls 8/69,1933_05_22_49_0.jpg,frankfurt,1
Frankfurt/Main,788,1941_01_26_1_0.jpg,frankfurt,1
Frankfurt/Main,41/90-Br 440,1908_12_14_60_0.jpg,frankfurt,1
Frankfurt/Main,40 Kls 22/58,1915_08_25_6_0.jpg,frankfurt,1
Frankfurt/Main,18 Kls 32/64,1938_10_19_28_0.jpg,frankfurt,1
Frankfurt/Main,724,1923_09_22_14_0.jpg,frankfurt,1
Frankfurt/Main,622a,1944_03_13_7_0.jpg,frankfurt,1
Frankfurt/Main,787,1944_03_10_11_0.jpg,frankfurt,1
Frankfurt/Main,7/90,1911_03_10_13_0.jpg,frankfurt,1
Frankfurt/Main,698,1929_08_14_59_0.jpg,frankfurt,1
Frankfurt/Main,695,1929_08_30_33_0.jpg,frankfurt,1
Frankfurt/Main,18 Kls 11/67,1927_02_11_71_0.jpg,frankfurt,1
Frankfurt/Main,214,1910_06_17_70_0.jpg,frankfurt,1
Frankfurt/Main,16 Kls 11/67,1931_03_23_46_0.jpg,frankfurt,1
Frankfurt=Main,17 Kls 2/60,1903_02_10_68_0.jpg,frankfurt,1
Fulda,293,1903_12_27_59_0.jpg,fulda,1
"Für Wiedergutmachung und verwaltete Vermögen, Nürnberg a. d. Weinstraße",41 543,1898_07_17_104_0.jpg,nürnberg,1
"Für Wien und verwaltete Vermögen, Nördlingen a.d. Weinstr.",43 903,1915_06_08_22_0.jpg,nördlingen,1
"Ganderkesheim I, 'Wolfshagen' geändert",,1899_08_03_71_0.jpg,wolfshagen,1
Gedächtnisstätte Sachsenhausen,728 613 a,1946_07_05_1_0.jpg,sachsenhausen,1
Gifhorn,,1903_03_06_78_0.jpg,gifhorn,1
Gifhorn,16.6.50,1900_09_28_58_0.jpg,gifhorn,1
Gifhorn,,1900_03_28_84_0.jpg,gifhorn,1
Gifhorn,,1912_05_13_34_0.jpg,gifhorn,1
Gifhorn,703/50,1912_05_13_32_0.jpg,gifhorn,1
Gifhorn,Schiller,1878_11_02_17_0.jpg,gifhorn,1
Gifhorn,Gifhorn,1911_12_25_47_0.jpg,gifhorn,1
Gifhorn,,1897_11_27_8_0.jpg,gifhorn,1
Gifhorn,Gifhorn,1904_08_15_21_0.jpg,gifhorn,1
Gifhorn,Brauhaus,1906_04_27_12_0.jpg,gifhorn,1
Gifhorn,,1906_02_10_40_0.jpg,gifhorn,1
Gifhorn,,1901_02_03_28_0.jpg,gifhorn,1
Gifhorn,Gifhorn,1879_08_13_5_0.jpg,gifhorn,1
Gifhorn,Gifhorn,1902_01_26_25_0.jpg,gifhorn,1
Gifhorn,N13A,1909_09_24_114_0.jpg,gifhorn,1
"Gill b. Rommerskirchen, Gilllerhöfe",729 323,1888_05_27_17_0.jpg,rommerskirchen,1
Gollin/Ponnow,462.455,1932_11_29_25_0.jpg,gollin,1
Grafik Heilbronn,3631,1898_02_20_112_0.jpg,heilbronn,1
Grevenbroich,269 132 a,1913_01_09_46_0.jpg,grevenbroich,1
Grünwald,111544/I/13532,1910_12_07_27_0.jpg,grünwald,1
Gutach,29544/I/7477,1914_09_02_43_0.jpg,gutach,1
Görlitz,14247,1882_05_14_43_0.jpg,görlitz,1
Gütersloh,2/00532,1922_07_25_59_0.jpg,gütersloh,1
Gütersloh,2/01957,1905_10_10_62_0.jpg,gütersloh,1
Gütersloh,203 244,1898_03_09_67_0.jpg,gütersloh,1
HOLM,773 095,1907_03_13_64_0.jpg,holm,1
HOLM,423 586,1898_05_29_47_0.jpg,holm,1
Hagen,421 999,1873_06_07_3_0.jpg,hagen,1
Hainfeld,25818/III/2526,1894_09_21_67_0.jpg,hainfeld,1
Halberstadt,A.Z. 2617/III/497,1910_03_25_30_0.jpg,halberstadt,1
Hameln-Pyrmont,HA 4458 H,1898_10_23_79_0.jpg,hameln,1
Hamerau Landpolizeiposten Bes. Insp. Kreis Laufen,1452/I/1022,1909_12_12_146_0.jpg,laufen,1
Hamm/Westf.,220 113 a,1897_01_18_55_0.jpg,hamm,1
Hammer,7185(0),1900_10_01_57_0.jpg,hammer,1
Hammer,58419/M1/8419,1925_01_25_71_0.jpg,hammer,1
"Hammer, BHF-Born",HF 1119194,1937_11_13_13_0.jpg,"born, hammer",2
Hauptzuständige Stelle,3950 P,1891_01_06_57_0.jpg,stelle,1
Hauptzuständige Stelle,1995-BE-01,1914_03_05_77_0.jpg,stelle,1
Hauptzuständige Stelle für Wiedergutmachung,33 219,1924_08_04_21_0.jpg,stelle,1
Hauptzuständige Stelle für Wiedergutmachung,13573,1924_02_09_9_0.jpg,stelle,1
Hauptzuständige Stelle für Wiedergutmachung und Verwaltung der Kostenerstattung,82965,1911_12_31_44_0.jpg,stelle,1
Hauptzuständige Stelle für Wiedergutmachung und verwaltete Vermögen,108275,1915_08_15_64_0.jpg,stelle,1
Hauptzuständige Stelle für Wiedergutmachung und verwaltete Vermögen,60176,1927_01_11_47_0.jpg,stelle,1
Hauptzuständige Stelle für Wiedergutmachung und verwaltete Vermögen,1c2231,1902_09_14_103_0.jpg,stelle,1
Hauptzuständige Stelle für Wiedergutmachung und verwaltete Vermögen Koblens,63227,1924_10_10_44_0.jpg,stelle,1
Hauptzuständige Stelle für Wiedergutmachung und verwaltete Vermögenskohlen,149483,1903_10_26_55_0.jpg,stelle,1
Hauptzuständige Stelle für Wiedergutmachung und verwaltete Vermögensmainsz,108 323,1907_11_05_75_0.jpg,stelle,1
Heilbronn,33705/VI/6350,1925_01_09_11_0.jpg,heilbronn,1
Heilbronn,11817,1907_05_26_35_0.jpg,heilbronn,1
Heilbronn,38294/VI/7398,1909_05_25_36_0.jpg,heilbronn,1
Heilbronn Arnobeva (Welt.),58 692,1911_05_26_96_0.jpg,"heilbronn, welt",2
Hochheim,49332,1900_10_08_37_0.jpg,hochheim,1
Hof Gruenbaum,BEG 39859,1927_01_29_26_0.jpg,hof,1
Hof.,93334/VII/26765,1928_05_07_20_0.jpg,hof,1
Holm,768 573,1939_02_11_1_0.jpg,holm,1
Holm,765 868,1933_12_18_43_0.jpg,holm,1
Holm,773 435,1916_08_26_43_0.jpg,holm,1
Holm,773 399,1920_12_07_86_0.jpg,holm,1
Holm,773 342,1918_06_15_110_0.jpg,holm,1
Holm,773 436,1918_12_10_92_0.jpg,holm,1
Holm,773 341,1926_12_24_10_0.jpg,holm,1
Holm,766 353,1932_01_18_28_0.jpg,holm,1
Holm,770 364,1924_11_23_69_0.jpg,holm,1
Holm,766 365,1911_04_08_87_0.jpg,holm,1
Holm,770 844,1897_06_20_12_0.jpg,holm,1
Holm,773 115,1895_01_10_46_0.jpg,holm,1
Holm,773 434,1914_10_20_83_0.jpg,holm,1
Holm,772 914,1929_12_31_46_0.jpg,holm,1
Holm,766 459,1906_09_11_46_0.jpg,holm,1
Holm,773 420,1901_03_15_141_0.jpg,holm,1
Holm,772 329 a,1898_08_31_71_0.jpg,holm,1
Holm,757 943,1898_07_23_79_0.jpg,holm,1
Holm,770 388,1910_03_23_138_0.jpg,holm,1
Holm,623 642 b,1879_04_08_7_0.jpg,holm,1
Holm,770 385,1909_02_15_94_0.jpg,holm,1
Husyl.Amt Frankfurt,45.666,1891_10_22_35_0.jpg,frankfurt,1
Höchst,743 812,1941_04_09_20_0.jpg,höchst,1
Höchst,A.Z. 67010/II/5252,1893_07_07_11_0.jpg,höchst,1
Höchst,170 896 77,1923_10_08_56_0.jpg,höchst,1
Höxter/Weser,64 700 a,1887_06_15_58_0.jpg,höxter,1
IG Frankfurt,23958/VII/5068,1915_10_08_86_0.jpg,frankfurt,1
Ireis Lindau,123662/L4/162,1884_11_29_21_0.jpg,lindau,1
Ireis Lindau,123610/Li/110,1881_07_10_18_0.jpg,lindau,1
Justizverwaltung Ludwigsburg,18403/VI/4794,1917_06_04_25_0.jpg,ludwigsburg,1
KSH Alfeld,KS!Nr. 65,1897_05_28_89_0.jpg,alfeld,1
KSH Alfeld,KS. Nr. 85,1896_07_10_59_0.jpg,alfeld,1
KSH Alfeld,KS.Nr.27,1876_11_27_4_0.jpg,alfeld,1
KSH Hamm,Hannover,1878_02_05_9_0.jpg,hamm,1
KSH Hamm,3951,1890_09_25_59_0.jpg,hamm,1
KSH Hamm,STH.384 H,1887_11_13_10_0.jpg,hamm,1
KSH Hamm,16a/161552,1895_07_02_25_0.jpg,hamm,1
KSH Hamm,21552,1899_10_16_78_0.jpg,hamm,1
KSH Hamm,3945 B,1904_11_04_12_0.jpg,hamm,1
KSH Nordheim,Bayerische Kartei,1878_01_21_8_0.jpg,nordheim,1
KSH Nordheim,N/A,1914_10_23_94_0.jpg,nordheim,1
KSH Nordhorn,20,1888_08_01_58_0.jpg,nordhorn,1
KSH Stadt Hameln,,1905_06_30_59_0.jpg,hameln,1
KSHA Alfeld,KS.Nr. 95,1884_07_27_26_0.jpg,alfeld,1
KSHA Alfeld,03/051,1908_06_05_68_0.jpg,alfeld,1
KSHA Alfeld,KS.Nr. 67,1893_06_08_53_0.jpg,alfeld,1
KSHA Alfeld,,1881_11_08_25_0.jpg,alfeld,1
KSHA Alfeld,KS.Nr. 38,1924_07_27_19_0.jpg,alfeld,1
KSHA Alfeld,8. 03/153,1885_03_16_25_0.jpg,alfeld,1
KSHA Alfeld,KS.Nr. 88,1897_04_23_107_0.jpg,alfeld,1
KSHA Alfeld,03/057,1890_10_29_29_0.jpg,alfeld,1
KSHA Alfeld,KS.Nr. 7,1887_04_29_28_0.jpg,alfeld,1
KSHA Alfeld,,1896_08_11_52_0.jpg,alfeld,1
KSHA Alfeld,03/009,1898_02_14_114_0.jpg,alfeld,1
KSHA Alfeld,03/081,1898_10_24_33_0.jpg,alfeld,1
KSHA Alfeld,KS.Nr. 34,1917_03_13_32_0.jpg,alfeld,1
KSHA Alfeld/Leine,03/004,1898_06_29_26_0.jpg,alfeld,1
KSHA Augsburg,21,1911_03_10_87_0.jpg,augsburg,1
KSHA Augsburg,207,1887_07_05_46_0.jpg,augsburg,1
KSHA Augsburg,Aurid,1899_05_21_3_0.jpg,augsburg,1
KSHA Bad Gandersheim,,1908_06_05_38_0.jpg,bad gandersheim,1
KSHA Bad Oldesloe,,1898_01_30_65_0.jpg,bad oldesloe,1
KSHA Bersenbrück,,1933_12_29_33_0.jpg,bersenbrück,1
KSHA Bersenbrück,,1912_10_24_1_0.jpg,bersenbrück,1
KSHA Bersenbrück,,1898_11_04_45_0.jpg,bersenbrück,1
KSHA Bersenbrück,Bayerische Kartei,1902_12_05_71_0.jpg,bersenbrück,1
KSHA Bonn,6559 T 5282,1885_09_22_51_0.jpg,bonn,1
KSHA Braunlage,Braunlage,1895_01_12_66_0.jpg,braunlage,1
KSHA Bremervörde,Bremervörde,1884_08_12_19_0.jpg,bremervörde,1
KSHA Bremervörde,,1903_02_11_60_0.jpg,bremervörde,1
KSHA Bremervörde,,1873_04_14_3_0.jpg,bremervörde,1
KSHA Bremervörde,,1893_05_25_56_0.jpg,bremervörde,1
KSHA Bremervörde,,1882_01_18_9_0.jpg,bremervörde,1
KSHA Bremervörde,,1936_01_28_19_0.jpg,bremervörde,1
KSHA Bremervörde,,1887_03_25_20_0.jpg,bremervörde,1
KSHA Bremervörde,,1896_09_22_30_0.jpg,bremervörde,1
KSHA Bremervörde,,1871_03_06_2_0.jpg,bremervörde,1
KSHA Bremervörde,1302,1898_08_25_73_0.jpg,bremervörde,1
KSHA Burgdorf,,1933_12_31_33_0.jpg,burgdorf,1
KSHA Burgdorf,,1874_03_29_10_0.jpg,burgdorf,1
KSHA Burgdorf,,1874_03_19_11_0.jpg,burgdorf,1
KSHA Burgdorf,,1900_08_10_72_0.jpg,burgdorf,1
KSHA Burgdorf,,1922_06_18_95_0.jpg,burgdorf,1
KSHA Burgdorf,243,1891_04_28_14_0.jpg,burgdorf,1
KSHA Burgdorf,,1908_12_31_31_0.jpg,burgdorf,1
KSHA Burgdorf,,1926_03_23_83_0.jpg,burgdorf,1
KSHA Burgdorf,,1893_07_15_58_0.jpg,burgdorf,1
KSHA Burgdorf,,1893_03_15_87_0.jpg,burgdorf,1
KSHA Burgdorf,,1905_07_01_137_0.jpg,burgdorf,1
KSHA Burgdorf,,1881_05_11_14_0.jpg,burgdorf,1
KSHA Burgdorf,,1924_03_25_14_0.jpg,burgdorf,1
KSHA Burgdorf,,1897_01_17_89_0.jpg,burgdorf,1
KSHA Burgdorf,,1890_07_21_26_0.jpg,burgdorf,1
KSHA Burgdorf,,1887_11_04_15_0.jpg,burgdorf,1
KSHA Burgdorf,Bayerische Kartei Burgdorf,1895_03_12_17_0.jpg,burgdorf,1
KSHA Burgdorf,,1888_06_16_53_0.jpg,burgdorf,1
KSHA Burgdorf,,1888_08_16_10_0.jpg,burgdorf,1
KSHA Burgdorf,,1899_05_03_94_0.jpg,burgdorf,1
KSHA Burgdorf,,1866_10_08_2_0.jpg,burgdorf,1
KSHA Burgdorf,,1886_01_18_34_0.jpg,burgdorf,1
KSHA Burgdorf,,1896_08_18_88_0.jpg,burgdorf,1
KSHA Burgdorf,,1904_12_01_52_0.jpg,burgdorf,1
KSHA Burgdorf,,1876_05_01_16_0.jpg,burgdorf,1
KSHA Burgdorf,,1902_07_25_141_0.jpg,burgdorf,1
KSHA Burgdorf,,1902_07_07_33_0.jpg,burgdorf,1
KSHA Burgdorf,,1931_01_05_50_0.jpg,burgdorf,1
KSHA Burgdorf,15. JUNI 1956,1931_01_05_38_0.jpg,burgdorf,1
KSHA Burgdorf,,1909_05_30_142_0.jpg,burgdorf,1
KSHA Bückeburg,,1921_05_17_106_0.jpg,bückeburg,1
KSHA Bückeburg,,1905_11_05_5_0.jpg,bückeburg,1
KSHA Bückeburg,17,1895_09_16_23_0.jpg,bückeburg,1
KSHA Bückeburg,62,1899_09_12_69_0.jpg,bückeburg,1
KSHA Bückeburg,,1896_11_11_76_0.jpg,bückeburg,1
KSHA Bückeburg,,1901_10_16_7_0.jpg,bückeburg,1
KSHA Cloppenburg,,1916_02_08_24_0.jpg,cloppenburg,1
KSHA Cloppenburg,,1903_01_12_26_0.jpg,cloppenburg,1
KSHA Cloppenburg,,1903_04_24_70_0.jpg,cloppenburg,1
KSHA Cloppenburg,,1900_07_17_74_0.jpg,cloppenburg,1
KSHA Cloppenburg,,1900_03_07_70_0.jpg,cloppenburg,1
KSHA Cloppenburg,,1900_05_02_38_0.jpg,cloppenburg,1
KSHA Cloppenburg,,1891_12_10_18_0.jpg,cloppenburg,1
KSHA Cloppenburg,,1941_11_05_17_0.jpg,cloppenburg,1
KSHA Cloppenburg,,1908_04_19_80_0.jpg,cloppenburg,1
KSHA Cloppenburg,,1908_05_24_43_0.jpg,cloppenburg,1
KSHA Cloppenburg,,1928_12_08_9_0.jpg,cloppenburg,1
KSHA Cloppenburg,,1889_11_14_9_0.jpg,cloppenburg,1
KSHA Cloppenburg,,1885_11_05_1_0.jpg,cloppenburg,1
KSHA Cloppenburg,,1911_01_25_80_0.jpg,cloppenburg,1
KSHA Cloppenburg,,1911_09_11_2_0.jpg,cloppenburg,1
KSHA Cloppenburg,,1890_12_02_16_0.jpg,cloppenburg,1
KSHA Cloppenburg,,1887_09_10_42_0.jpg,cloppenburg,1
KSHA Cloppenburg,,1880_12_23_12_0.jpg,cloppenburg,1
KSHA Cloppenburg,,1899_01_28_56_0.jpg,cloppenburg,1
KSHA Cloppenburg,,1899_02_20_56_0.jpg,cloppenburg,1
KSHA Cloppenburg,,1886_04_07_4_0.jpg,cloppenburg,1
KSHA Cloppenburg,,1914_03_25_67_0.jpg,cloppenburg,1
KSHA Cloppenburg,,1892_01_27_43_0.jpg,cloppenburg,1
KSHA Cloppenburg,,1877_06_15_15_0.jpg,cloppenburg,1
KSHA Cloppenburg,,1904_03_07_52_0.jpg,cloppenburg,1
KSHA Cloppenburg,,1907_03_22_81_0.jpg,cloppenburg,1
KSHA Cloppenburg,,1907_10_13_66_0.jpg,cloppenburg,1
KSHA Cloppenburg,,1906_10_25_82_0.jpg,cloppenburg,1
KSHA Cloppenburg,,1898_09_11_32_0.jpg,cloppenburg,1
KSHA Cloppenburg,,1902_12_31_91_0.jpg,cloppenburg,1
KSHA Cloppenburg,,1902_09_17_37_0.jpg,cloppenburg,1
KSHA Cloppenburg,,1909_06_04_69_0.jpg,cloppenburg,1
KSHA Cloppenburg,,1917_05_11_33_0.jpg,cloppenburg,1
KSHA Cloppenburg,,1917_01_09_31_0.jpg,cloppenburg,1
KSHA Cuxhaven,,1875_05_08_4_0.jpg,cuxhaven,1
KSHA Cuxhaven,,1903_05_05_86_0.jpg,cuxhaven,1
KSHA Cuxhaven,,1900_10_06_31_0.jpg,cuxhaven,1
KSHA Cuxhaven,,1900_08_04_89_0.jpg,cuxhaven,1
KSHA Cuxhaven,,1900_04_08_16_0.jpg,cuxhaven,1
KSHA Cuxhaven,,1894_12_11_36_0.jpg,cuxhaven,1
KSHA Cuxhaven,,1894_01_13_59_0.jpg,cuxhaven,1
KSHA Cuxhaven,,1920_06_09_84_0.jpg,cuxhaven,1
KSHA Cuxhaven,,1934_05_15_23_0.jpg,cuxhaven,1
KSHA Cuxhaven,,1891_02_24_39_0.jpg,cuxhaven,1
KSHA Cuxhaven,,1891_07_22_30_0.jpg,cuxhaven,1
KSHA Cuxhaven,,1912_12_14_83_0.jpg,cuxhaven,1
KSHA Cuxhaven,,1912_11_28_23_0.jpg,cuxhaven,1
KSHA Cuxhaven,Cuxhaven,1908_12_14_75_0.jpg,cuxhaven,1
KSHA Cuxhaven,,1915_04_02_66_0.jpg,cuxhaven,1
KSHA Cuxhaven,,1926_03_07_39_0.jpg,cuxhaven,1
KSHA Cuxhaven,,1893_07_23_21_0.jpg,cuxhaven,1
KSHA Cuxhaven,,1905_12_16_37_0.jpg,cuxhaven,1
KSHA Cuxhaven,,1905_04_19_51_0.jpg,cuxhaven,1
KSHA Cuxhaven,,1905_09_22_29_0.jpg,cuxhaven,1
KSHA Cuxhaven,,1889_02_01_35_0.jpg,cuxhaven,1
KSHA Cuxhaven,,1889_04_18_16_0.jpg,cuxhaven,1
KSHA Cuxhaven,,1897_09_20_26_0.jpg,cuxhaven,1
KSHA Cuxhaven,1608,1897_09_11_61_0.jpg,cuxhaven,1
KSHA Cuxhaven,,1883_06_28_35_0.jpg,cuxhaven,1
KSHA Cuxhaven,,1883_06_10_30_0.jpg,cuxhaven,1
KSHA Cuxhaven,,1890_03_17_60_0.jpg,cuxhaven,1
KSHA Cuxhaven,,1890_07_19_49_0.jpg,cuxhaven,1
KSHA Cuxhaven,,1890_01_01_90_0.jpg,cuxhaven,1
KSHA Cuxhaven,,1948_11_07_2_0.jpg,cuxhaven,1
KSHA Cuxhaven,,1887_07_23_21_0.jpg,cuxhaven,1
KSHA Cuxhaven,,1888_07_18_39_0.jpg,cuxhaven,1
KSHA Cuxhaven,,1888_05_07_32_0.jpg,cuxhaven,1
KSHA Cuxhaven,,1899_03_31_24_0.jpg,cuxhaven,1
KSHA Cuxhaven,,1899_02_15_102_0.jpg,cuxhaven,1
KSHA Cuxhaven,,1899_05_28_21_0.jpg,cuxhaven,1
KSHA Cuxhaven,1717,1914_02_11_21_0.jpg,cuxhaven,1
KSHA Cuxhaven,,1892_11_16_27_0.jpg,cuxhaven,1
KSHA Cuxhaven,,1892_04_27_51_0.jpg,cuxhaven,1
KSHA Cuxhaven,,1892_02_17_17_0.jpg,cuxhaven,1
KSHA Cuxhaven,,1904_03_23_90_0.jpg,cuxhaven,1
KSHA Cuxhaven,,1904_09_01_44_0.jpg,cuxhaven,1
KSHA Cuxhaven,,1907_02_08_55_0.jpg,cuxhaven,1
KSHA Cuxhaven,Cuxhaven,1907_01_12_113_0.jpg,cuxhaven,1
KSHA Cuxhaven,,1907_01_16_109_0.jpg,cuxhaven,1
KSHA Cuxhaven,,1906_01_17_32_0.jpg,cuxhaven,1
KSHA Cuxhaven,,1906_08_31_94_0.jpg,cuxhaven,1
KSHA Cuxhaven,,1901_11_08_53_0.jpg,cuxhaven,1
KSHA Cuxhaven,,1901_12_14_32_0.jpg,cuxhaven,1
KSHA Cuxhaven,,1901_10_01_89_0.jpg,cuxhaven,1
KSHA Cuxhaven,0726,1898_06_11_30_0.jpg,cuxhaven,1
KSHA Cuxhaven,,1898_07_22_65_0.jpg,cuxhaven,1
KSHA Cuxhaven,,1910_02_25_98_0.jpg,cuxhaven,1
KSHA Cuxhaven,,1910_07_17_127_0.jpg,cuxhaven,1
KSHA Cuxhaven,0698,1910_04_14_66_0.jpg,cuxhaven,1
KSHA Cuxhaven,,1913_04_17_139_0.jpg,cuxhaven,1
KSHA Cuxhaven,,1879_12_02_19_0.jpg,cuxhaven,1
KSHA Cuxhaven,,1902_02_28_130_0.jpg,cuxhaven,1
KSHA Cuxhaven,,1902_04_21_84_0.jpg,cuxhaven,1
KSHA Cuxhaven,,1909_02_20_92_0.jpg,cuxhaven,1
KSHA Dannenberg,,1930_08_11_7_0.jpg,dannenberg,1
KSHA Dannenberg(Elbe),,1889_03_04_76_0.jpg,"dannenberg, elbe",2
KSHA Dannenberg/Elbe,,1894_10_26_49_0.jpg,"dannenberg, elbe",2
KSHA Dannenberg/Elbe,,1938_08_18_20_0.jpg,"dannenberg, elbe",2
KSHA Dannenberg/Elbe,,1897_08_26_32_0.jpg,"dannenberg, elbe",2
KSHA Dannenberg/Elbe,,1895_03_07_68_0.jpg,"dannenberg, elbe",2
KSHA Dannenberg/Elbe,20,1892_07_21_15_0.jpg,"dannenberg, elbe",2
KSHA Dannenberg/Elbe,,1892_09_04_75_0.jpg,"dannenberg, elbe",2
KSHA Dannenberg/Elbe,,1896_10_20_42_0.jpg,"dannenberg, elbe",2
KSHA Dannenberg/Elbe,,1930_08_11_8_0.jpg,"dannenberg, elbe",2
KSHA Darmenbeeg/Elbe,,1896_01_03_3_0.jpg,elbe,1
KSHA Darmenber/Elbe,,1875_09_30_4_0.jpg,elbe,1
KSHA Darmenber/Elbe,Z.P.A. 20,1893_12_19_34_0.jpg,elbe,1
KSHA Darmenber/Elbe,,1883_02_21_3_0.jpg,elbe,1
KSHA Darmenber/Elbe,,1888_04_28_43_0.jpg,elbe,1
KSHA Darmenber/Elbe,,1901_11_26_28_0.jpg,elbe,1
KSHA Darmenber/Elbe,,1898_05_20_125_0.jpg,elbe,1
KSHA Diepholz,,1875_09_16_7_0.jpg,diepholz,1
KSHA Diepholz,D5463F,1903_03_30_15_0.jpg,diepholz,1
KSHA Diepholz,,1891_09_25_16_0.jpg,diepholz,1
KSHA Diepholz,D 60875,1908_03_15_213_0.jpg,diepholz,1
KSHA Diepholz,D 6429 H,1905_10_06_52_0.jpg,diepholz,1
KSHA Diepholz,18,1897_03_22_110_0.jpg,diepholz,1
KSHA Diepholz,D 5940 A,1887_10_09_1_0.jpg,diepholz,1
KSHA Diepholz,D 5999 H,1880_02_07_3_0.jpg,diepholz,1
KSHA Diepholz,73,1880_02_07_4_0.jpg,diepholz,1
KSHA Diepholz,57,1888_12_10_51_0.jpg,diepholz,1
KSHA Diepholz,,1892_01_14_54_0.jpg,diepholz,1
KSHA Diepholz,,1896_03_14_68_0.jpg,diepholz,1
KSHA Diepholz,,1898_05_16_91_0.jpg,diepholz,1
KSHA Diepholz,7625K,1913_05_14_65_0.jpg,diepholz,1
KSHA Dippoldiswalde,22,1899_06_13_60_0.jpg,dippoldiswalde,1
KSHA Duderstadt,,1884_10_24_44_0.jpg,duderstadt,1
KSHA Duderstadt,04/011,1894_05_24_70_0.jpg,duderstadt,1
KSHA Duderstadt,,1918_08_22_23_0.jpg,duderstadt,1
KSHA Duderstadt,,1873_02_04_3_0.jpg,duderstadt,1
KSHA Duderstadt,,1912_06_06_121_0.jpg,duderstadt,1
KSHA Duderstadt,,1905_02_07_56_0.jpg,duderstadt,1
KSHA Duderstadt,,1889_01_14_28_0.jpg,duderstadt,1
KSHA Duderstadt,,1885_11_19_6_0.jpg,duderstadt,1
KSHA Duderstadt,,1911_05_24_6_0.jpg,duderstadt,1
KSHA Duderstadt,Duderstadt,1911_10_22_94_0.jpg,duderstadt,1
KSHA Duderstadt,04/010,1883_12_01_2_0.jpg,duderstadt,1
KSHA Duderstadt,,1883_12_01_4_0.jpg,duderstadt,1
KSHA Duderstadt,,1887_05_07_22_0.jpg,duderstadt,1
KSHA Duderstadt,04/131,1887_03_04_8_0.jpg,duderstadt,1
KSHA Duderstadt,,1880_07_15_11_0.jpg,duderstadt,1
KSHA Duderstadt,Duderstadt,1888_01_06_69_0.jpg,duderstadt,1
KSHA Duderstadt,,1892_11_01_45_0.jpg,duderstadt,1
KSHA Duderstadt,,1935_02_28_34_0.jpg,duderstadt,1
KSHA Duderstadt,,1896_02_06_31_0.jpg,duderstadt,1
KSHA Duderstadt,,1896_01_06_61_0.jpg,duderstadt,1
KSHA Duderstadt,,1896_07_27_34_0.jpg,duderstadt,1
KSHA Duderstadt,,1896_02_26_62_0.jpg,duderstadt,1
KSHA Duderstadt,,1877_12_26_6_0.jpg,duderstadt,1
KSHA Duderstadt,,1904_08_24_90_0.jpg,duderstadt,1
KSHA Duderstadt,,1904_10_15_34_0.jpg,duderstadt,1
KSHA Duderstadt,,1907_07_13_90_0.jpg,duderstadt,1
KSHA Duderstadt,,1898_05_24_72_0.jpg,duderstadt,1
KSHA Duderstadt,,1910_02_23_8_0.jpg,duderstadt,1
KSHA Duderstadt,,1876_03_27_10_0.jpg,duderstadt,1
KSHA Duderstadt,,1879_12_24_16_0.jpg,duderstadt,1
KSHA Duderstadt,04 - 072,1879_10_09_8_0.jpg,duderstadt,1
KSHA Duderstadt,,1902_03_14_122_0.jpg,duderstadt,1
KSHA Dänneberg/Elbe,,1889_03_04_77_0.jpg,elbe,1
KSHA Dänneberg/Elbe,,1937_05_15_24_0.jpg,elbe,1
KSHA EMDEN,,1896_12_29_46_0.jpg,emden,1
KSHA EMDEN,,1910_06_28_90_0.jpg,emden,1
KSHA Einbeck,Einbeck,1903_03_23_9_0.jpg,einbeck,1
KSHA Einbeck,,1891_08_16_35_0.jpg,einbeck,1
KSHA Einbeck,,1941_02_03_17_0.jpg,einbeck,1
KSHA Einbeck,Einbeck,1926_01_15_16_0.jpg,einbeck,1
KSHA Einbeck,,1893_05_14_24_0.jpg,einbeck,1
KSHA Einbeck,Erb,1905_05_30_44_0.jpg,einbeck,1
KSHA Einbeck,,1896_10_01_21_0.jpg,einbeck,1
KSHA Einbeck,05/039,1904_09_08_85_0.jpg,einbeck,1
KSHA Emden,,1884_06_30_19_0.jpg,emden,1
KSHA Emden,,1884_02_19_12_0.jpg,emden,1
KSHA Emden,,1884_01_17_17_0.jpg,emden,1
KSHA Emden,,1903_03_26_80_0.jpg,emden,1
KSHA Emden,,1903_09_15_72_0.jpg,emden,1
KSHA Emden,,1903_06_04_102_0.jpg,emden,1
KSHA Emden,Sch St,1894_01_01_92_0.jpg,emden,1
KSHA Emden,,1894_05_28_52_0.jpg,emden,1
KSHA Emden,,1934_09_30_2_0.jpg,emden,1
KSHA Emden,,1891_07_08_31_0.jpg,emden,1
KSHA Emden,,1891_07_30_8_0.jpg,emden,1
KSHA Emden,,1893_04_26_51_0.jpg,emden,1
KSHA Emden,,1893_03_20_7_0.jpg,emden,1
KSHA Emden,,1893_03_20_8_0.jpg,emden,1
KSHA Emden,,1905_07_07_103_0.jpg,emden,1
KSHA Emden,,1878_09_26_9_0.jpg,emden,1
KSHA Emden,,1881_01_21_23_0.jpg,emden,1
KSHA Emden,,1882_03_09_8_0.jpg,emden,1
KSHA Emden,,1885_05_18_27_0.jpg,emden,1
KSHA Emden,,1897_03_12_36_0.jpg,emden,1
KSHA Emden,,1897_12_11_37_0.jpg,emden,1
KSHA Emden,,1897_03_25_64_0.jpg,emden,1
KSHA Emden,,1883_07_06_32_0.jpg,emden,1
KSHA Emden,,1883_01_02_25_0.jpg,emden,1
KSHA Emden,,1890_10_05_56_0.jpg,emden,1
KSHA Emden,,1890_10_03_58_0.jpg,emden,1
KSHA Emden,,1890_10_05_58_0.jpg,emden,1
KSHA Emden,,1890_10_05_57_0.jpg,emden,1
KSHA Emden,,1890_09_04_7_0.jpg,emden,1
KSHA Emden,Emden,1887_02_26_56_0.jpg,emden,1
KSHA Emden,,1887_08_03_48_0.jpg,emden,1
KSHA Emden,,1887_08_10_51_0.jpg,emden,1
KSHA Emden,,1888_12_03_21_0.jpg,emden,1
KSHA Emden,,1888_12_03_22_0.jpg,emden,1
KSHA Emden,,1899_05_01_36_0.jpg,emden,1
KSHA Emden,,1899_12_15_54_0.jpg,emden,1
KSHA Emden,,1886_03_13_40_0.jpg,emden,1
KSHA Emden,,1886_02_12_31_0.jpg,emden,1
KSHA Emden,,1914_10_31_57_0.jpg,emden,1
KSHA Emden,,1937_03_16_14_0.jpg,emden,1
KSHA Emden,,1892_12_29_49_0.jpg,emden,1
KSHA Emden,,1896_05_16_21_0.jpg,emden,1
KSHA Emden,,1904_10_05_83_0.jpg,emden,1
KSHA Emden,Emden,1904_06_13_30_0.jpg,emden,1
KSHA Emden,,1907_02_08_39_0.jpg,emden,1
KSHA Emden,,1907_06_10_16_0.jpg,emden,1
KSHA Emden,20,1907_07_06_63_0.jpg,emden,1
KSHA Emden,,1907_08_02_5_0.jpg,emden,1
KSHA Emden,,1906_07_20_51_0.jpg,emden,1
KSHA Emden,22.8.1951,1906_02_22_68_0.jpg,emden,1
KSHA Emden,,1901_09_23_99_0.jpg,emden,1
KSHA Emden,,1901_02_18_55_0.jpg,emden,1
KSHA Emden,,1901_01_18_71_0.jpg,emden,1
KSHA Emden,EMDEN,1913_01_05_57_0.jpg,emden,1
KSHA Emden,,1902_09_26_97_0.jpg,emden,1
KSHA Emden,,1902_11_17_116_0.jpg,emden,1
KSHA Emden,Emden,1909_09_18_35_0.jpg,emden,1
KSHA Emden,,1909_04_08_52_0.jpg,emden,1
KSHA Fallingbostel,,1891_06_10_12_0.jpg,fallingbostel,1
KSHA Fallingbostel,,1897_03_07_40_0.jpg,fallingbostel,1
KSHA Fallingbostel,,1883_09_24_7_0.jpg,fallingbostel,1
KSHA Fallingbostel,,1890_11_17_22_0.jpg,fallingbostel,1
KSHA Fallingbostel,,1887_08_25_18_0.jpg,fallingbostel,1
KSHA Fallingbostel,,1906_04_13_81_0.jpg,fallingbostel,1
KSHA Fallingbostel,,1917_03_03_100_0.jpg,fallingbostel,1
KSHA Gifhorn,96,1903_08_11_91_0.jpg,gifhorn,1
KSHA Gifhorn,,1900_11_23_2_0.jpg,gifhorn,1
KSHA Gifhorn,,1900_03_28_85_0.jpg,gifhorn,1
KSHA Gifhorn,,1900_10_23_59_0.jpg,gifhorn,1
KSHA Gifhorn,NBA 773.50,1900_04_13_87_0.jpg,gifhorn,1
KSHA Gifhorn,A.Z. Bayerische Kartei,1894_03_03_62_0.jpg,gifhorn,1
KSHA Gifhorn,,1894_09_18_51_0.jpg,gifhorn,1
KSHA Gifhorn,,1921_03_25_119_0.jpg,gifhorn,1
KSHA Gifhorn,,1920_06_03_108_0.jpg,gifhorn,1
KSHA Gifhorn,,1891_02_06_10_0.jpg,gifhorn,1
KSHA Gifhorn,20,1912_02_09_27_0.jpg,gifhorn,1
KSHA Gifhorn,,1908_07_16_107_0.jpg,gifhorn,1
KSHA Gifhorn,,1908_09_03_91_0.jpg,gifhorn,1
KSHA Gifhorn,,1893_01_11_71_0.jpg,gifhorn,1
KSHA Gifhorn,,1905_10_28_71_0.jpg,gifhorn,1
KSHA Gifhorn,,1905_08_12_60_0.jpg,gifhorn,1
KSHA Gifhorn,717,1889_02_18_10_0.jpg,gifhorn,1
KSHA Gifhorn,Gifhorn,1881_09_25_12_0.jpg,gifhorn,1
KSHA Gifhorn,,1882_08_27_10_0.jpg,gifhorn,1
KSHA Gifhorn,,1923_12_02_97_0.jpg,gifhorn,1
KSHA Gifhorn,20,1885_01_09_17_0.jpg,gifhorn,1
KSHA Gifhorn,,1911_03_03_30_0.jpg,gifhorn,1
KSHA Gifhorn,Gifhorn,1911_12_25_46_0.jpg,gifhorn,1
KSHA Gifhorn,,1897_04_09_59_0.jpg,gifhorn,1
KSHA Gifhorn,Gifhorn,1883_06_22_16_0.jpg,gifhorn,1
KSHA Gifhorn,,1890_06_18_35_0.jpg,gifhorn,1
KSHA Gifhorn,,1887_11_16_37_0.jpg,gifhorn,1
KSHA Gifhorn,,1887_12_18_18_0.jpg,gifhorn,1
KSHA Gifhorn,,1895_04_27_22_0.jpg,gifhorn,1
KSHA Gifhorn,,1895_03_02_65_0.jpg,gifhorn,1
KSHA Gifhorn,107,1895_08_31_74_0.jpg,gifhorn,1
KSHA Gifhorn,,1895_06_13_36_0.jpg,gifhorn,1
KSHA Gifhorn,,1888_02_10_68_0.jpg,gifhorn,1
KSHA Gifhorn,,1888_06_26_58_0.jpg,gifhorn,1
KSHA Gifhorn,1899,1899_10_14_91_0.jpg,gifhorn,1
KSHA Gifhorn,,1899_11_24_57_0.jpg,gifhorn,1
KSHA Gifhorn,,1899_02_08_40_0.jpg,gifhorn,1
KSHA Gifhorn,20,1899_02_08_41_0.jpg,gifhorn,1
KSHA Gifhorn,,1886_03_11_30_0.jpg,gifhorn,1
KSHA Gifhorn,Bayerische Kartei,1886_04_17_38_0.jpg,gifhorn,1
KSHA Gifhorn,,1914_05_06_44_0.jpg,gifhorn,1
KSHA Gifhorn,25.9.1952/Rk. 3.11.1952,1914_03_09_88_0.jpg,gifhorn,1
KSHA Gifhorn,,1896_03_16_51_0.jpg,gifhorn,1
KSHA Gifhorn,,1896_09_29_55_0.jpg,gifhorn,1
KSHA Gifhorn,,1896_05_26_74_0.jpg,gifhorn,1
KSHA Gifhorn,,1896_05_26_75_0.jpg,gifhorn,1
KSHA Gifhorn,,1904_06_23_108_0.jpg,gifhorn,1
KSHA Gifhorn,,1904_07_25_12_0.jpg,gifhorn,1
KSHA Gifhorn,66,1904_07_07_8_0.jpg,gifhorn,1
KSHA Gifhorn,Gifhorn,1907_07_06_116_0.jpg,gifhorn,1
KSHA Gifhorn,,1907_05_26_9_0.jpg,gifhorn,1
KSHA Gifhorn,20,1907_09_07_108_0.jpg,gifhorn,1
KSHA Gifhorn,,1906_10_03_97_0.jpg,gifhorn,1
KSHA Gifhorn,,1901_12_23_65_0.jpg,gifhorn,1
KSHA Gifhorn,,1901_05_27_13_0.jpg,gifhorn,1
KSHA Gifhorn,Otto,1910_04_11_58_0.jpg,gifhorn,1
KSHA Gifhorn,,1910_04_11_57_0.jpg,gifhorn,1
KSHA Gifhorn,,1913_02_23_101_0.jpg,gifhorn,1
KSHA Gifhorn,,1902_05_20_55_0.jpg,gifhorn,1
KSHA Gifhorn,,1917_01_05_67_0.jpg,gifhorn,1
KSHA Hameln,,1901_09_20_105_0.jpg,hameln,1
KSHA Hameln,Z.P.A. 20,1898_05_31_70_0.jpg,hameln,1
KSHA Hameln-Pyrmont,,1884_01_10_9_0.jpg,hameln,1
KSHA Hameln-Pyrmont,160 601,1921_06_22_22_0.jpg,hameln,1
KSHA Hameln-Pyrmont,,1908_03_03_97_0.jpg,hameln,1
KSHA Hameln-Pyrmont,3985,1905_05_14_25_0.jpg,hameln,1
KSHA Hameln-Pyrmont,80,1899_03_04_10_0.jpg,hameln,1
KSHA Hameln-Pyrmont,Nr. 38,1886_01_23_5_0.jpg,hameln,1
KSHA Hameln-Pyrmont,,1901_03_07_25_0.jpg,hameln,1
KSHA Hameln-Pyrmont,,1901_09_14_16_0.jpg,hameln,1
KSHA Hameln-Pyrmont,,1910_04_16_8_0.jpg,hameln,1
KSHA Hamm,4448,1884_02_28_36_0.jpg,hamm,1
KSHA Hamm,St.H.2734,1922_07_19_88_0.jpg,hamm,1
KSHA Hamm,5TH1343 H,1905_07_10_43_0.jpg,hamm,1
KSHA Hamm,1678,1881_11_29_5_0.jpg,hamm,1
KSHA Hamm,S. 5547,1895_12_10_62_0.jpg,hamm,1
KSHA Hamm,4487,1888_03_22_3_0.jpg,hamm,1
KSHA Hamm,1674 L,1899_10_04_43_0.jpg,hamm,1
KSHA Hamm,St.H. 852 / 968 L,1896_09_06_62_0.jpg,hamm,1
KSHA Hamm,4447,1898_05_31_69_0.jpg,hamm,1
KSHA Hamm,St.H. 2291 P,1919_04_21_59_0.jpg,hamm,1
KSHA Hamm-80,1789 D,1882_12_25_9_0.jpg,hamm,1
KSHA Hamm-P.,H.P.4101 W,1905_02_03_95_0.jpg,hamm,1
KSHA Hamm-Pyrmont,3946 B,1901_09_14_15_0.jpg,hamm,1
KSHA Hamm-Stadt,St.H.1401 W,1884_04_04_47_0.jpg,hamm,1
KSHA Hammover-Sand,,1878_12_08_23_0.jpg,sand,1
KSHA Hanau,,1910_03_07_70_0.jpg,hanau,1
KSHA Harburg,1,1881_09_11_23_0.jpg,harburg,1
KSHA Harburg,Win/Luhe,1896_09_29_2_0.jpg,harburg,1
KSHA Heilbronn,H. 52 H,1907_03_10_66_0.jpg,heilbronn,1
KSHA Heilbronn - Stadt,253 H,1906_06_11_37_0.jpg,heilbronn,1
KSHA Herford,Dannenberg(Elbe),1906_12_12_106_0.jpg,herford,1
KSHA Höxter,,1915_07_07_76_0.jpg,höxter,1
KSHA Lingen,,1894_11_10_65_0.jpg,lingen,1
KSHA Lingen,,1891_10_29_36_0.jpg,lingen,1
KSHA Lingen,,1893_05_04_62_0.jpg,lingen,1
KSHA Lingen,,1905_07_03_90_0.jpg,lingen,1
KSHA Lingen,,1889_03_26_60_0.jpg,lingen,1
KSHA Lingen,DOPPELMEIER,1892_04_29_33_0.jpg,lingen,1
KSHA Lingen,20,1896_05_21_7_0.jpg,lingen,1
KSHA Lingen,,1904_04_07_105_0.jpg,lingen,1
KSHA Lingen,,1907_03_09_57_0.jpg,lingen,1
KSHA Lingen,,1901_09_15_98_0.jpg,lingen,1
KSHA Melle,,1884_10_15_22_0.jpg,melle,1
KSHA Melle,,1884_10_15_23_0.jpg,melle,1
KSHA Melle,,1891_11_11_6_0.jpg,melle,1
KSHA Melle,,1891_07_30_28_0.jpg,melle,1
KSHA Melle,294,1885_08_21_10_0.jpg,melle,1
KSHA Melle,,1885_11_09_29_0.jpg,melle,1
KSHA Melle,BA Oldenburg 13.2.1952,1885_11_09_27_0.jpg,melle,1
KSHA Melle,,1888_01_29_23_0.jpg,melle,1
KSHA Melle,,1892_11_05_54_0.jpg,melle,1
KSHA Melle,,1904_12_18_98_0.jpg,melle,1
KSHA Melle,Melle,1904_01_12_104_0.jpg,melle,1
KSHA Melle,,1925_03_07_34_0.jpg,melle,1
KSHA Melle,,1901_01_05_100_0.jpg,melle,1
KSHA Melle,,1901_01_05_99_0.jpg,melle,1
KSHA Melle,K. verstorben am: 5.6.1951,1876_12_10_14_0.jpg,melle,1
KSHA Menden,Nr. 22,1899_11_20_74_0.jpg,menden,1
KSHA Meppen,,1903_05_19_26_0.jpg,meppen,1
KSHA Meppen,,1891_10_15_23_0.jpg,meppen,1
KSHA Meppen,,1904_10_22_14_0.jpg,meppen,1
KSHA Nienburg,N/A,1903_03_19_16_0.jpg,nienburg,1
KSHA Nienburg ~ Weser,,1886_06_15_22_0.jpg,nienburg,1
KSHA Nienburg/Weser,,1920_01_20_226_0.jpg,nienburg,1
KSHA Nienburg/Weser,,1882_11_04_20_0.jpg,nienburg,1
KSHA Nienburg/Weser,,1911_02_13_103_0.jpg,nienburg,1
KSHA Nienburg/Weser,,1888_04_22_45_0.jpg,nienburg,1
KSHA Norden,,1884_03_31_33_0.jpg,norden,1
KSHA Norden,,1873_04_09_4_0.jpg,norden,1
KSHA Norden,,1885_12_24_22_0.jpg,norden,1
KSHA Norden,Aurich,1897_05_23_10_0.jpg,norden,1
KSHA Norden,An Bundeskartei,1892_09_30_30_0.jpg,norden,1
KSHA Norden,Norden,1892_09_30_31_0.jpg,norden,1
KSHA Norden,,1877_10_25_19_0.jpg,norden,1
KSHA Norden,,1906_09_06_136_0.jpg,norden,1
KSHA Nordheim,,1887_09_22_32_0.jpg,nordheim,1
KSHA Nordhorn,,1903_08_17_85_0.jpg,nordhorn,1
KSHA Nordhorn,,1900_02_16_34_0.jpg,nordhorn,1
KSHA Nordhorn,,1900_03_24_23_0.jpg,nordhorn,1
KSHA Nordhorn,,1894_02_20_24_0.jpg,nordhorn,1
KSHA Nordhorn,,1891_06_28_26_0.jpg,nordhorn,1
KSHA Nordhorn,,1915_02_04_111_0.jpg,nordhorn,1
KSHA Nordhorn,,1915_10_23_70_0.jpg,nordhorn,1
KSHA Nordhorn,,1889_05_06_45_0.jpg,nordhorn,1
KSHA Nordhorn,,1889_03_15_84_0.jpg,nordhorn,1
KSHA Nordhorn,,1885_12_24_52_0.jpg,nordhorn,1
KSHA Nordhorn,,1895_05_29_15_0.jpg,nordhorn,1
KSHA Nordhorn,,1886_12_04_80_0.jpg,nordhorn,1
KSHA Nordhorn,Nordhorn,1914_02_26_55_0.jpg,nordhorn,1
KSHA Nordhorn,,1929_07_07_81_0.jpg,nordhorn,1
KSHA Nordhorn,18. Mai 1957,1892_02_28_47_0.jpg,nordhorn,1
KSHA Nordhorn,Bentheim,1904_02_18_13_0.jpg,nordhorn,1
KSHA Nordhorn,,1910_06_09_39_0.jpg,nordhorn,1
KSHA Nordhorn,,1876_12_05_14_0.jpg,nordhorn,1
KSHA Northeim,,1875_01_19_4_0.jpg,northeim,1
KSHA Northeim,,1903_06_22_49_0.jpg,northeim,1
KSHA Northeim,Northeim,1894_01_05_44_0.jpg,northeim,1
KSHA Northeim,,1918_07_29_39_0.jpg,northeim,1
KSHA Northeim,,1891_01_14_56_0.jpg,northeim,1
KSHA Northeim,88 Northeim,1912_05_13_17_0.jpg,northeim,1
KSHA Northeim,20,1912_05_13_16_0.jpg,northeim,1
KSHA Northeim,,1905_11_23_52_0.jpg,northeim,1
KSHA Northeim,,1889_03_12_29_0.jpg,northeim,1
KSHA Northeim,,1881_12_10_25_0.jpg,northeim,1
KSHA Northeim,,1911_11_16_34_0.jpg,northeim,1
KSHA Northeim,,1883_04_11_22_0.jpg,northeim,1
KSHA Northeim,,1890_04_12_48_0.jpg,northeim,1
KSHA Northeim,,1899_02_17_5_0.jpg,northeim,1
KSHA Northeim,,1892_06_15_9_0.jpg,northeim,1
KSHA Northeim,,1896_12_21_92_0.jpg,northeim,1
KSHA Northeim,,1904_10_17_56_0.jpg,northeim,1
KSHA Northeim,,1904_08_09_86_0.jpg,northeim,1
KSHA Northeim,,1927_05_12_11_0.jpg,northeim,1
KSHA Northeim,,1898_02_25_27_0.jpg,northeim,1
KSHA Northeim,22.2.09,1909_02_22_28_0.jpg,northeim,1
KSHA Nürnberg,10/332,1878_07_09_20_0.jpg,nürnberg,1
KSHA Nürnberg,,1895_06_05_24_0.jpg,nürnberg,1
KSHA Nürnberg,5741 B,1880_03_09_7_0.jpg,nürnberg,1
KSHA Nürnberg,St.H. 976 H,1899_12_22_43_0.jpg,nürnberg,1
KSHA Nürnberg,,1935_01_08_40_0.jpg,nürnberg,1
KSHA Nürnberg,20,1904_08_30_42_0.jpg,nürnberg,1
KSHA Nürnberg,5730,1906_09_18_96_0.jpg,nürnberg,1
KSHA Nürnberg,,1901_03_10_54_0.jpg,nürnberg,1
KSHA Nürnberg,,1910_06_30_94_0.jpg,nürnberg,1
KSHA Osterholz,0784,1883_04_20_26_0.jpg,osterholz,1
KSHA Plauen / Vogtl.,,1902_05_13_39_0.jpg,plauen,1
KSHA Rinteln,PV-4323,1900_06_02_57_0.jpg,rinteln,1
KSHA Rinteln,3459 E,1891_04_22_22_0.jpg,rinteln,1
KSHA Rinteln,,1889_06_25_10_0.jpg,rinteln,1
KSHA Rinteln,R. 3565 Sch,1902_05_29_81_0.jpg,rinteln,1
KSHA Rothenburg,BA v.22.12.50,1907_07_21_58_0.jpg,rothenburg,1
KSHA Rothenburg/H.,,1904_10_08_39_0.jpg,rothenburg,1
KSHA Rottenburg,Rottenburg Hann.,1894_11_11_76_0.jpg,rottenburg,1
KSHA Rottenburg,121,1896_12_09_11_0.jpg,rottenburg,1
KSHA Rottenburg,0872,1906_12_06_71_0.jpg,rottenburg,1
KSHA Rottenburg,,1898_01_04_47_0.jpg,rottenburg,1
KSHA Rottenburg,,1879_02_16_8_0.jpg,rottenburg,1
KSHA Rottenburg/H.,,1905_09_28_104_0.jpg,rottenburg,1
KSHA Rottenburg/H.,,1914_10_11_47_0.jpg,rottenburg,1
KSHA Rottenburg/H.,Hannover,1904_01_10_36_0.jpg,rottenburg,1
KSHA Rottenburg/H.,,1898_11_30_46_0.jpg,rottenburg,1
KSHA Rottenburg/H.,,1902_03_02_121_0.jpg,rottenburg,1
KSHA Rottenburg/Hann.,,1912_07_06_142_0.jpg,rottenburg,1
KSHA Rottenburg/Hann.,,1885_10_03_18_0.jpg,rottenburg,1
KSHA Salzgitter,,1922_02_00_3_0.jpg,salzgitter,1
KSHA Soltau,20,1933_12_26_22_0.jpg,soltau,1
KSHA Soltau,,1916_02_20_16_0.jpg,soltau,1
KSHA Soltau,Niedersachsen,1900_01_22_55_0.jpg,soltau,1
KSHA Soltau,20,1900_01_22_54_0.jpg,soltau,1
KSHA Soltau,,1922_03_20_112_0.jpg,soltau,1
KSHA Soltau,,1891_02_12_70_0.jpg,soltau,1
KSHA Soltau,,1915_09_19_48_0.jpg,soltau,1
KSHA Soltau,,1893_05_01_16_0.jpg,soltau,1
KSHA Soltau,,1893_07_25_40_0.jpg,soltau,1
KSHA Soltau,20,1905_08_06_43_0.jpg,soltau,1
KSHA Soltau,,1905_11_27_76_0.jpg,soltau,1
KSHA Soltau,,1905_11_27_75_0.jpg,soltau,1
KSHA Soltau,27 11 05,1905_11_27_73_0.jpg,soltau,1
KSHA Soltau,,1889_12_28_36_0.jpg,soltau,1
KSHA Soltau,29.3.1913,1911_03_29_26_0.jpg,soltau,1
KSHA Soltau,,1911_02_27_113_0.jpg,soltau,1
KSHA Soltau,,1897_05_06_24_0.jpg,soltau,1
KSHA Soltau,Z.P.A. 20,1897_08_19_32_0.jpg,soltau,1
KSHA Soltau,Schleiminger Fritz,1897_12_06_68_0.jpg,soltau,1
KSHA Soltau,,1883_01_13_10_0.jpg,soltau,1
KSHA Soltau,,1890_04_14_8_0.jpg,soltau,1
KSHA Soltau,,1890_09_19_25_0.jpg,soltau,1
KSHA Soltau,Surbostel Nr. 1,1887_07_21_12_0.jpg,soltau,1
KSHA Soltau,,1887_10_12_29_0.jpg,soltau,1
KSHA Soltau,,1887_08_22_2_0.jpg,soltau,1
KSHA Soltau,,1895_01_30_25_0.jpg,soltau,1
KSHA Soltau,,1895_09_23_31_0.jpg,soltau,1
KSHA Soltau,,1888_09_11_18_0.jpg,soltau,1
KSHA Soltau,,1888_01_03_46_0.jpg,soltau,1
KSHA Soltau,,1899_07_29_37_0.jpg,soltau,1
KSHA Soltau,Soltau,1886_09_18_28_0.jpg,soltau,1
KSHA Soltau,,1914_09_30_124_0.jpg,soltau,1
KSHA Soltau,,1914_08_23_95_0.jpg,soltau,1
KSHA Soltau,,1914_01_24_65_0.jpg,soltau,1
KSHA Soltau,,1904_01_05_18_0.jpg,soltau,1
KSHA Soltau,,1904_12_23_41_0.jpg,soltau,1
KSHA Soltau,,1904_12_20_104_0.jpg,soltau,1
KSHA Soltau,,1904_01_15_140_0.jpg,soltau,1
KSHA Soltau,,1906_11_27_69_0.jpg,soltau,1
KSHA Soltau,1.01.Reg.Bes.Lüneburg,1906_03_07_67_0.jpg,soltau,1
KSHA Soltau,,1906_07_17_66_0.jpg,soltau,1
KSHA Soltau,,1901_08_08_8_0.jpg,soltau,1
KSHA Soltau,,1901_08_08_9_0.jpg,soltau,1
KSHA Soltau,,1898_06_13_16_0.jpg,soltau,1
KSHA Soltau,156/49 V 76,1910_05_14_122_0.jpg,soltau,1
KSHA Soltau,verw. Salewski Bayerische Kartei,1902_10_27_79_0.jpg,soltau,1
KSHA Soltau,11.5.53/22.09.53,1902_10_27_78_0.jpg,soltau,1
KSHA Soltau,,1909_03_04_57_0.jpg,soltau,1
KSHA Springe,,1874_09_03_6_0.jpg,springe,1
KSHA Springe,Springe,1903_12_30_70_0.jpg,springe,1
KSHA Springe,77,1900_03_16_32_0.jpg,springe,1
KSHA Springe,63,1912_04_30_72_0.jpg,springe,1
KSHA Springe,Springe,1908_09_24_107_0.jpg,springe,1
KSHA Springe,4501,1908_05_04_89_0.jpg,springe,1
KSHA Springe,,1889_09_08_26_0.jpg,springe,1
KSHA Springe,Springe,1889_11_15_57_0.jpg,springe,1
KSHA Springe,,1889_08_11_6_0.jpg,springe,1
KSHA Springe,36,1881_06_29_23_0.jpg,springe,1
KSHA Springe,,1881_06_28_3_0.jpg,springe,1
KSHA Springe,,1882_09_12_5_0.jpg,springe,1
KSHA Springe,8,1885_02_27_30_0.jpg,springe,1
KSHA Springe,8,1885_02_27_30_0.jpg,springe,1
KSHA Springe,,1885_04_05_18_0.jpg,springe,1
KSHA Springe,33,1897_12_01_62_0.jpg,springe,1
KSHA Springe,11,1890_08_02_33_0.jpg,springe,1
KSHA Springe,,1887_10_08_24_0.jpg,springe,1
KSHA Springe,88,1887_02_08_28_0.jpg,springe,1
KSHA Springe,Nr. 32,1888_03_22_4_0.jpg,springe,1
KSHA Springe,,1899_06_02_47_0.jpg,springe,1
KSHA Springe,95,1899_08_25_52_0.jpg,springe,1
KSHA Springe,,1899_01_21_2_0.jpg,springe,1
KSHA Springe,Springe,1899_03_15_132_0.jpg,springe,1
KSHA Springe,,1899_07_10_116_0.jpg,springe,1
KSHA Springe,Sp.4535 I,1899_04_09_55_0.jpg,springe,1
KSHA Springe,5,1899_03_09_46_0.jpg,springe,1
KSHA Springe,74,1899_04_09_54_0.jpg,springe,1
KSHA Springe,108,1899_07_19_21_0.jpg,springe,1
KSHA Springe,84,1886_01_12_23_0.jpg,springe,1
KSHA Springe,41,1914_01_14_85_0.jpg,springe,1
KSHA Springe,34,1896_12_26_38_0.jpg,springe,1
KSHA Springe,89,1896_04_09_71_0.jpg,springe,1
KSHA Springe,,1896_08_19_27_0.jpg,springe,1
KSHA Springe,Nr. 66,1904_01_05_91_0.jpg,springe,1
KSHA Springe,Springe,1904_03_22_84_0.jpg,springe,1
KSHA Springe,Springe,1907_11_14_70_0.jpg,springe,1
KSHA Springe,,1907_01_14_53_0.jpg,springe,1
KSHA Springe,D 1959,1907_07_30_84_0.jpg,springe,1
KSHA Springe,73,1906_03_09_85_0.jpg,springe,1
KSHA Springe,,1901_06_06_95_0.jpg,springe,1
KSHA Springe,24,1879_11_16_8_0.jpg,springe,1
KSHA Springe,29,1902_07_23_56_0.jpg,springe,1
KSHA Springe,503,1909_08_05_23_0.jpg,springe,1
KSHA Stadt Hameln,,1884_02_28_37_0.jpg,hameln,1
KSHA Stadt Hameln,,1916_12_18_8_0.jpg,hameln,1
KSHA Stadt Hameln,,1903_06_05_76_0.jpg,hameln,1
KSHA Stadt Hameln,,1921_06_22_24_0.jpg,hameln,1
KSHA Stadt Hameln,,1920_06_21_15_0.jpg,hameln,1
KSHA Stadt Hameln,,1893_11_25_32_0.jpg,hameln,1
KSHA Stadt Hameln,,1892_08_26_55_0.jpg,hameln,1
KSHA Stadt Hameln,,1907_03_27_21_0.jpg,hameln,1
KSHA Stadt Hameln,,1898_10_29_47_0.jpg,hameln,1
KSHA Stadt Hameln,,1910_09_27_54_0.jpg,hameln,1
KSHA Stadt Hameln,,1876_11_11_16_0.jpg,hameln,1
KSHA Stadt Hameln,,1902_09_05_113_0.jpg,hameln,1
KSHA Syke,,1922_05_30_117_0.jpg,syke,1
KSHA Uelzen,,1884_09_06_16_0.jpg,uelzen,1
KSHA Uelzen,,1884_05_15_51_0.jpg,uelzen,1
KSHA Uelzen,,1903_03_06_9_0.jpg,uelzen,1
KSHA Uelzen,,1918_12_13_28_0.jpg,uelzen,1
KSHA Uelzen,,1891_12_21_50_0.jpg,uelzen,1
KSHA Uelzen,,1891_04_12_7_0.jpg,uelzen,1
KSHA Uelzen,,1905_05_21_74_0.jpg,uelzen,1
KSHA Uelzen,1.4.Reg.Bez.Lüneburg,1905_11_07_100_0.jpg,uelzen,1
KSHA Uelzen,,1905_05_21_72_0.jpg,uelzen,1
KSHA Uelzen,,1889_01_20_6_0.jpg,uelzen,1
KSHA Uelzen,,1885_01_16_10_0.jpg,uelzen,1
KSHA Uelzen,Ergänzung Bayerische Kartei,1911_03_05_81_0.jpg,uelzen,1
KSHA Uelzen,,1897_06_01_71_0.jpg,uelzen,1
KSHA Uelzen,,1887_12_08_17_0.jpg,uelzen,1
KSHA Uelzen,,1895_08_27_71_0.jpg,uelzen,1
KSHA Uelzen,,1888_08_15_71_0.jpg,uelzen,1
KSHA Uelzen,,1888_07_25_41_0.jpg,uelzen,1
KSHA Uelzen,,1896_12_26_69_0.jpg,uelzen,1
KSHA Uelzen,,1907_06_09_85_0.jpg,uelzen,1
KSHA Uelzen,,1898_12_05_38_0.jpg,uelzen,1
KSHA Uelzen,,1910_01_16_43_0.jpg,uelzen,1
KSHA Uelzen,,1913_07_22_47_0.jpg,uelzen,1
KSHA Uelzen,,1902_02_11_57_0.jpg,uelzen,1
KSHA Uelzen,,1909_02_21_92_0.jpg,uelzen,1
KSHA Uelzen,,1917_01_26_35_0.jpg,uelzen,1
KSHA Vechta,,1906_05_10_71_0.jpg,vechta,1
KSHA Verden,,1884_05_24_36_0.jpg,verden,1
KSHA Verden,,1916_09_24_12_0.jpg,verden,1
KSHA Verden,,1894_03_17_37_0.jpg,verden,1
KSHA Verden,,1934_03_29_40_0.jpg,verden,1
KSHA Verden,0431,1905_07_30_7_0.jpg,verden,1
KSHA Verden,,1878_06_15_16_0.jpg,verden,1
KSHA Verden,,1881_10_08_17_0.jpg,verden,1
KSHA Verden,,1882_07_11_1_0.jpg,verden,1
KSHA Verden,,1924_07_20_57_0.jpg,verden,1
KSHA Verden,,1885_11_28_36_0.jpg,verden,1
KSHA Verden,,1886_12_03_11_0.jpg,verden,1
KSHA Verden,,1909_11_13_110_0.jpg,verden,1
KSHA Wat. Salzgitter,BEK,1920_10_10_105_0.jpg,salzgitter,1
KSHA Watenstedt-Salzgitter,,1903_03_12_88_0.jpg,salzgitter,1
KSHA Watenstedt-Salzgitter,Gr.Biewende,1903_05_05_72_0.jpg,salzgitter,1
KSHA Watenstedt-Salzgitter,,1903_04_08_53_0.jpg,salzgitter,1
KSHA Watenstedt-Salzgitter,Bayerische Kartei,1894_06_25_14_0.jpg,salzgitter,1
KSHA Watenstedt-Salzgitter,,1891_11_26_31_0.jpg,salzgitter,1
KSHA Watenstedt-Salzgitter,69,1891_03_24_25_0.jpg,salzgitter,1
KSHA Watenstedt-Salzgitter,,1912_11_09_17_0.jpg,salzgitter,1
KSHA Watenstedt-Salzgitter,,1912_11_09_18_0.jpg,salzgitter,1
KSHA Watenstedt-Salzgitter,,1908_05_19_116_0.jpg,salzgitter,1
KSHA Watenstedt-Salzgitter,,1893_05_15_13_0.jpg,salzgitter,1
KSHA Watenstedt-Salzgitter,1,1905_09_16_61_0.jpg,salzgitter,1
KSHA Watenstedt-Salzgitter,,1905_02_22_108_0.jpg,salzgitter,1
KSHA Watenstedt-Salzgitter,,1905_09_09_50_0.jpg,salzgitter,1
KSHA Watenstedt-Salzgitter,,1889_10_23_25_0.jpg,salzgitter,1
KSHA Watenstedt-Salzgitter,,1889_06_09_24_0.jpg,salzgitter,1
KSHA Watenstedt-Salzgitter,,1889_05_11_22_0.jpg,salzgitter,1
KSHA Watenstedt-Salzgitter,,1911_03_16_105_0.jpg,salzgitter,1
KSHA Watenstedt-Salzgitter,,1897_05_09_52_0.jpg,salzgitter,1
KSHA Watenstedt-Salzgitter,,1897_07_31_28_0.jpg,salzgitter,1
KSHA Watenstedt-Salzgitter,,1883_01_07_18_0.jpg,salzgitter,1
KSHA Watenstedt-Salzgitter,37,1883_09_13_38_0.jpg,salzgitter,1
KSHA Watenstedt-Salzgitter,,1890_08_12_37_0.jpg,salzgitter,1
KSHA Watenstedt-Salzgitter,,1890_07_08_40_0.jpg,salzgitter,1
KSHA Watenstedt-Salzgitter,20,1895_02_09_65_0.jpg,salzgitter,1
KSHA Watenstedt-Salzgitter,153,1940_02_03_16_0.jpg,salzgitter,1
KSHA Watenstedt-Salzgitter,,1888_12_31_10_0.jpg,salzgitter,1
KSHA Watenstedt-Salzgitter,,1888_04_26_4_0.jpg,salzgitter,1
KSHA Watenstedt-Salzgitter,Watenstedt-Salzgitter,1899_07_12_61_0.jpg,salzgitter,1
KSHA Watenstedt-Salzgitter,21.5.1947,1899_09_21_20_0.jpg,salzgitter,1
KSHA Watenstedt-Salzgitter,Watenstedt-Salzgitter,1914_02_27_4_0.jpg,salzgitter,1
KSHA Watenstedt-Salzgitter,,1914_02_15_67_0.jpg,salzgitter,1
KSHA Watenstedt-Salzgitter,26,1896_12_20_48_0.jpg,salzgitter,1
KSHA Watenstedt-Salzgitter,,1904_06_19_19_0.jpg,salzgitter,1
KSHA Watenstedt-Salzgitter,,1907_12_12_128_0.jpg,salzgitter,1
KSHA Watenstedt-Salzgitter,,1907_08_26_88_0.jpg,salzgitter,1
KSHA Watenstedt-Salzgitter,,1907_11_04_35_0.jpg,salzgitter,1
KSHA Watenstedt-Salzgitter,,1906_10_21_44_0.jpg,salzgitter,1
KSHA Watenstedt-Salzgitter,Osterlinde Nr.9,1906_04_18_78_0.jpg,salzgitter,1
KSHA Watenstedt-Salzgitter,,1898_05_06_51_0.jpg,salzgitter,1
KSHA Watenstedt-Salzgitter,,1909_08_19_57_0.jpg,salzgitter,1
KSHA Wattenstedt-Salzgitter,,1903_10_19_10_0.jpg,salzgitter,1
KSHA Wesermarsch Kr. Nordenham,,1890_11_28_37_0.jpg,nordenham,1
KSHA Wilhelmshaven,,1884_01_10_36_0.jpg,wilhelmshaven,1
KSHA Wilhelmshaven,,1903_05_14_90_0.jpg,wilhelmshaven,1
KSHA Wilhelmshaven,,1903_02_09_64_0.jpg,wilhelmshaven,1
KSHA Wilhelmshaven,,1903_10_02_75_0.jpg,wilhelmshaven,1
KSHA Wilhelmshaven,,1900_01_27_56_0.jpg,wilhelmshaven,1
KSHA Wilhelmshaven,,1900_05_27_52_0.jpg,wilhelmshaven,1
KSHA Wilhelmshaven,,1894_07_17_14_0.jpg,wilhelmshaven,1
KSHA Wilhelmshaven,Bayrische Kartei,1894_12_24_98_0.jpg,wilhelmshaven,1
KSHA Wilhelmshaven,,1894_03_21_1_0.jpg,wilhelmshaven,1
KSHA Wilhelmshaven,,1894_09_03_48_0.jpg,wilhelmshaven,1
KSHA Wilhelmshaven,,1921_10_24_86_0.jpg,wilhelmshaven,1
KSHA Wilhelmshaven,,1920_12_07_83_0.jpg,wilhelmshaven,1
KSHA Wilhelmshaven,,1868_02_24_2_0.jpg,wilhelmshaven,1
KSHA Wilhelmshaven,,1891_05_22_48_0.jpg,wilhelmshaven,1
KSHA Wilhelmshaven,,1891_10_03_12_0.jpg,wilhelmshaven,1
KSHA Wilhelmshaven,,1908_11_08_78_0.jpg,wilhelmshaven,1
KSHA Wilhelmshaven,,1893_11_20_18_0.jpg,wilhelmshaven,1
KSHA Wilhelmshaven,,1893_03_25_66_0.jpg,wilhelmshaven,1
KSHA Wilhelmshaven,,1905_09_21_73_0.jpg,wilhelmshaven,1
KSHA Wilhelmshaven,,1905_09_22_37_0.jpg,wilhelmshaven,1
KSHA Wilhelmshaven,,1889_03_05_44_0.jpg,wilhelmshaven,1
KSHA Wilhelmshaven,,1932_10_26_11_0.jpg,wilhelmshaven,1
KSHA Wilhelmshaven,,1878_01_18_9_0.jpg,wilhelmshaven,1
KSHA Wilhelmshaven,,1881_06_09_4_0.jpg,wilhelmshaven,1
KSHA Wilhelmshaven,,1881_08_06_16_0.jpg,wilhelmshaven,1
KSHA Wilhelmshaven,,1923_08_17_63_0.jpg,wilhelmshaven,1
KSHA Wilhelmshaven,,1885_06_21_4_0.jpg,wilhelmshaven,1
KSHA Wilhelmshaven,,1885_11_17_12_0.jpg,wilhelmshaven,1
KSHA Wilhelmshaven,,1911_01_11_62_0.jpg,wilhelmshaven,1
KSHA Wilhelmshaven,,1897_07_28_10_0.jpg,wilhelmshaven,1
KSHA Wilhelmshaven,,1897_06_20_46_0.jpg,wilhelmshaven,1
KSHA Wilhelmshaven,,1883_10_13_35_0.jpg,wilhelmshaven,1
KSHA Wilhelmshaven,,1883_08_09_21_0.jpg,wilhelmshaven,1
KSHA Wilhelmshaven,,1883_04_01_7_0.jpg,wilhelmshaven,1
KSHA Wilhelmshaven,,1883_04_16_6_0.jpg,wilhelmshaven,1
KSHA Wilhelmshaven,,1870_06_05_5_0.jpg,wilhelmshaven,1
KSHA Wilhelmshaven,,1887_04_29_35_0.jpg,wilhelmshaven,1
KSHA Wilhelmshaven,20,1888_10_02_50_0.jpg,wilhelmshaven,1
KSHA Wilhelmshaven,,1888_09_25_33_0.jpg,wilhelmshaven,1
KSHA Wilhelmshaven,,1867_09_28_1_0.jpg,wilhelmshaven,1
KSHA Wilhelmshaven,,1899_02_27_24_0.jpg,wilhelmshaven,1
KSHA Wilhelmshaven,,1899_03_08_40_0.jpg,wilhelmshaven,1
KSHA Wilhelmshaven,,1899_06_24_48_0.jpg,wilhelmshaven,1
KSHA Wilhelmshaven,,1899_06_03_28_0.jpg,wilhelmshaven,1
KSHA Wilhelmshaven,,1899_09_24_84_0.jpg,wilhelmshaven,1
KSHA Wilhelmshaven,,1886_11_06_4_0.jpg,wilhelmshaven,1
KSHA Wilhelmshaven,,1886_03_18_45_0.jpg,wilhelmshaven,1
KSHA Wilhelmshaven,,1892_12_04_63_0.jpg,wilhelmshaven,1
KSHA Wilhelmshaven,,1892_07_31_12_0.jpg,wilhelmshaven,1
KSHA Wilhelmshaven,,1892_12_01_28_0.jpg,wilhelmshaven,1
KSHA Wilhelmshaven,,1896_02_08_12_0.jpg,wilhelmshaven,1
KSHA Wilhelmshaven,,1896_08_02_31_0.jpg,wilhelmshaven,1
KSHA Wilhelmshaven,,1896_02_04_39_0.jpg,wilhelmshaven,1
KSHA Wilhelmshaven,,1871_01_04_1_0.jpg,wilhelmshaven,1
KSHA Wilhelmshaven,,1877_06_16_1_0.jpg,wilhelmshaven,1
KSHA Wilhelmshaven,,1904_03_07_89_0.jpg,wilhelmshaven,1
KSHA Wilhelmshaven,,1904_05_08_62_0.jpg,wilhelmshaven,1
KSHA Wilhelmshaven,,1904_01_02_101_0.jpg,wilhelmshaven,1
KSHA Wilhelmshaven,,1906_01_31_17_0.jpg,wilhelmshaven,1
KSHA Wilhelmshaven,,1906_06_07_9_0.jpg,wilhelmshaven,1
KSHA Wilhelmshaven,,1901_03_04_27_0.jpg,wilhelmshaven,1
KSHA Wilhelmshaven,,1901_01_02_17_0.jpg,wilhelmshaven,1
KSHA Wilhelmshaven,,1901_09_05_6_0.jpg,wilhelmshaven,1
KSHA Wilhelmshaven,,1901_06_09_73_0.jpg,wilhelmshaven,1
KSHA Wilhelmshaven,,1898_06_05_7_0.jpg,wilhelmshaven,1
KSHA Wilhelmshaven,,1898_09_05_14_0.jpg,wilhelmshaven,1
KSHA Wilhelmshaven,,1898_05_07_11_0.jpg,wilhelmshaven,1
KSHA Wilhelmshaven,,1898_09_16_31_0.jpg,wilhelmshaven,1
KSHA Wilhelmshaven,,1898_08_19_61_0.jpg,wilhelmshaven,1
KSHA Wilhelmshaven,,1910_02_25_120_0.jpg,wilhelmshaven,1
KSHA Wilhelmshaven,,1913_05_08_20_0.jpg,wilhelmshaven,1
KSHA Wilhelmshaven,,1930_04_29_33_0.jpg,wilhelmshaven,1
KSHA Wilhelmshaven,,1879_09_02_6_0.jpg,wilhelmshaven,1
KSHA Wilhelmshaven,,1879_09_12_5_0.jpg,wilhelmshaven,1
KSHA Wilhelmshaven,,1879_02_13_20_0.jpg,wilhelmshaven,1
KSHA Wilhelmshaven,,1902_02_19_14_0.jpg,wilhelmshaven,1
KSHA Wilhelmshaven,,1902_05_13_12_0.jpg,wilhelmshaven,1
KSHA Wilhelmshaven,Bayrische Kartei,1902_01_11_96_0.jpg,wilhelmshaven,1
KSHA Wilhelmshaven,,1909_06_11_25_0.jpg,wilhelmshaven,1
KSHA Winsen - Luhe,66,1894_10_12_33_0.jpg,winsen,1
KSHA Winsen - Luhe,,1912_10_29_88_0.jpg,winsen,1
KSHA Winsen - Luhe,,1912_10_27_31_0.jpg,winsen,1
KSHA Winsen - Luhe,,1908_05_10_19_0.jpg,winsen,1
KSHA Winsen - Luhe,,1880_04_23_28_0.jpg,winsen,1
KSHA Winsen - Lühe,,1894_03_10_99_0.jpg,winsen,1
KSHA Winsen-Luhe,,1874_11_08_8_0.jpg,winsen,1
KSHA Winsen-Luhe,,1903_04_22_9_0.jpg,winsen,1
KSHA Winsen-Luhe,,1900_02_25_41_0.jpg,winsen,1
KSHA Winsen-Luhe,,1894_10_22_14_0.jpg,winsen,1
KSHA Winsen-Luhe,,1912_10_27_30_0.jpg,winsen,1
KSHA Winsen-Luhe,,1915_10_26_15_0.jpg,winsen,1
KSHA Winsen-Luhe,,1905_11_19_15_0.jpg,winsen,1
KSHA Winsen-Luhe,Winsen-Luhe,1881_08_09_6_0.jpg,winsen,1
KSHA Winsen-Luhe,,1882_10_17_4_0.jpg,winsen,1
KSHA Winsen-Luhe,,1911_01_12_40_0.jpg,winsen,1
KSHA Winsen-Luhe,,1897_08_31_7_0.jpg,winsen,1
KSHA Winsen-Luhe,,1883_06_01_23_0.jpg,winsen,1
KSHA Winsen-Luhe,,1883_04_24_2_0.jpg,winsen,1
KSHA Winsen-Luhe,,1890_03_19_13_0.jpg,winsen,1
KSHA Winsen-Luhe,Winsen-Luhe,1890_08_18_17_0.jpg,winsen,1
KSHA Winsen-Luhe,,1890_05_07_29_0.jpg,winsen,1
KSHA Winsen-Luhe,Winsen-Luhe,1890_05_07_28_0.jpg,winsen,1
KSHA Winsen-Luhe,,1895_05_25_42_0.jpg,winsen,1
KSHA Winsen-Luhe,,1880_04_20_5_0.jpg,winsen,1
KSHA Winsen-Luhe,,1880_04_20_4_0.jpg,winsen,1
KSHA Winsen-Luhe,,1888_10_13_24_0.jpg,winsen,1
KSHA Winsen-Luhe,20,1901_02_21_13_0.jpg,winsen,1
KSHA Winsen-Luhe,,1901_09_30_35_0.jpg,winsen,1
KSHA Winsen-Luhe,,1901_09_30_34_0.jpg,winsen,1
KSHA Winsen-Luhe,,1902_10_31_26_0.jpg,winsen,1
KSHA Winsen-Luhe,112,1902_03_26_63_0.jpg,winsen,1
KSHA Winsen-Luhe,,1943_10_01_13_0.jpg,winsen,1
KSHA Winsen-Luhe,,1909_12_16_37_0.jpg,winsen,1
KSHA Winsen/L.,,1903_12_23_96_0.jpg,winsen,1
KSHA Winsen/L.,,1894_10_12_34_0.jpg,winsen,1
KSHA Winsen/L.,,1894_01_14_31_0.jpg,winsen,1
KSHA Winsen/L.,Winsen/L.,1908_07_10_65_0.jpg,winsen,1
KSHA Winsen/L.,,1881_09_11_22_0.jpg,winsen,1
KSHA Winsen/L.,,1885_05_04_36_0.jpg,winsen,1
KSHA Winsen/L.,20,1890_04_27_48_0.jpg,winsen,1
KSHA Winsen/L.,,1890_12_31_67_0.jpg,winsen,1
KSHA Winsen/L.,,1887_10_25_58_0.jpg,winsen,1
KSHA Winsen/L.,,1880_07_06_25_0.jpg,winsen,1
KSHA Winsen/L.,,1886_06_24_40_0.jpg,winsen,1
KSHA Winsen/L.,600-,1914_01_26_48_0.jpg,winsen,1
KSHA Winsen/L.,,1896_08_23_66_0.jpg,winsen,1
KSHA Winsen/L.,,1896_10_16_62_0.jpg,winsen,1
KSHA Winsen/L.,,1879_03_13_16_0.jpg,winsen,1
KSHA Winsen/Luhe,,1884_02_25_36_0.jpg,winsen,1
KSHA Winsen/Luhe,,1903_09_05_63_0.jpg,winsen,1
KSHA Winsen/Luhe,,1903_04_22_8_0.jpg,winsen,1
KSHA Winsen/Luhe,,1900_12_23_18_0.jpg,winsen,1
KSHA Winsen/Luhe,,1900_11_05_70_0.jpg,winsen,1
KSHA Winsen/Luhe,Sprötze Nr. 66,1894_10_12_35_0.jpg,winsen,1
KSHA Winsen/Luhe,,1894_10_22_13_0.jpg,winsen,1
KSHA Winsen/Luhe,,1873_12_31_3_0.jpg,winsen,1
KSHA Winsen/Luhe,,1891_05_10_73_0.jpg,winsen,1
KSHA Winsen/Luhe,,1891_12_30_36_0.jpg,winsen,1
KSHA Winsen/Luhe,,1912_10_29_89_0.jpg,winsen,1
KSHA Winsen/Luhe,,1908_06_26_101_0.jpg,winsen,1
KSHA Winsen/Luhe,21,1908_09_09_73_0.jpg,winsen,1
KSHA Winsen/Luhe,,1905_09_17_79_0.jpg,winsen,1
KSHA Winsen/Luhe,,1889_11_07_37_0.jpg,winsen,1
KSHA Winsen/Luhe,,1889_01_25_41_0.jpg,winsen,1
KSHA Winsen/Luhe,,1878_02_03_12_0.jpg,winsen,1
KSHA Winsen/Luhe,,1881_10_21_10_0.jpg,winsen,1
KSHA Winsen/Luhe,Z.P.A. 20,1881_08_09_5_0.jpg,winsen,1
KSHA Winsen/Luhe,,1923_06_26_95_0.jpg,winsen,1
KSHA Winsen/Luhe,,1897_11_12_53_0.jpg,winsen,1
KSHA Winsen/Luhe,,1897_08_31_8_0.jpg,winsen,1
KSHA Winsen/Luhe,,1887_07_26_11_0.jpg,winsen,1
KSHA Winsen/Luhe,,1887_10_25_57_0.jpg,winsen,1
KSHA Winsen/Luhe,15,1895_08_04_50_0.jpg,winsen,1
KSHA Winsen/Luhe,,1895_11_16_32_0.jpg,winsen,1
KSHA Winsen/Luhe,,1895_05_25_41_0.jpg,winsen,1
KSHA Winsen/Luhe,,1880_11_02_15_0.jpg,winsen,1
KSHA Winsen/Luhe,,1880_04_23_30_0.jpg,winsen,1
KSHA Winsen/Luhe,,1899_11_18_23_0.jpg,winsen,1
KSHA Winsen/Luhe,,1899_03_22_70_0.jpg,winsen,1
KSHA Winsen/Luhe,,1886_02_19_50_0.jpg,winsen,1
KSHA Winsen/Luhe,,1886_10_12_10_0.jpg,winsen,1
KSHA Winsen/Luhe,,1886_02_19_51_0.jpg,winsen,1
KSHA Winsen/Luhe,,1886_11_29_48_0.jpg,winsen,1
KSHA Winsen/Luhe,33,1929_03_06_62_0.jpg,winsen,1
KSHA Winsen/Luhe,,1892_09_17_10_0.jpg,winsen,1
KSHA Winsen/Luhe,,1892_05_09_32_0.jpg,winsen,1
KSHA Winsen/Luhe,Doppel,1896_06_11_54_0.jpg,winsen,1
KSHA Winsen/Luhe,,1896_05_14_4_0.jpg,winsen,1
KSHA Winsen/Luhe,,1896_11_17_4_0.jpg,winsen,1
KSHA Winsen/Luhe,,1877_01_13_3_0.jpg,winsen,1
KSHA Winsen/Luhe,1.950,1904_02_04_30_0.jpg,winsen,1
KSHA Winsen/Luhe,,1907_06_15_26_0.jpg,winsen,1
KSHA Winsen/Luhe,,1906_01_24_32_0.jpg,winsen,1
KSHA Winsen/Luhe,,1898_03_01_81_0.jpg,winsen,1
KSHA Winsen/Luhe,,1898_02_25_83_0.jpg,winsen,1
KSHA Winsen/Luhe,,1876_04_04_13_0.jpg,winsen,1
KSHA Winsen/Luhe,,1876_08_24_10_0.jpg,winsen,1
KSHA Winsen/Luhe,,1913_03_02_66_0.jpg,winsen,1
KSHA Winsen/Luhe,,1879_02_03_11_0.jpg,winsen,1
KSHA Winsen/Luhe,,1902_02_20_83_0.jpg,winsen,1
KSHA Wissen/Luhe,,1874_11_14_4_0.jpg,wissen,1
KSHA Wissen/Luhe,Wissen/Luhe,1940_08_06_2_0.jpg,wissen,1
KSHA Wissen/Luhe,,1907_06_15_27_0.jpg,wissen,1
KSHA Wissen/Lüne,,1888_03_12_47_0.jpg,wissen,1
KSHA Wittmund,,1874_03_12_7_0.jpg,wittmund,1
KSHA Wittmund,,1903_12_06_77_0.jpg,wittmund,1
KSHA Wittmund,50,1903_11_04_59_0.jpg,wittmund,1
KSHA Wittmund,,1900_01_12_73_0.jpg,wittmund,1
KSHA Wittmund,Westerholt Nr. 151,1900_01_12_74_0.jpg,wittmund,1
KSHA Wittmund,,1900_07_02_33_0.jpg,wittmund,1
KSHA Wittmund,,1894_03_09_55_0.jpg,wittmund,1
KSHA Wittmund,115,1894_04_19_63_0.jpg,wittmund,1
KSHA Wittmund,,1920_06_01_108_0.jpg,wittmund,1
KSHA Wittmund,,1908_06_05_49_0.jpg,wittmund,1
KSHA Wittmund,,1908_06_05_48_0.jpg,wittmund,1
KSHA Wittmund,,1893_03_23_9_0.jpg,wittmund,1
KSHA Wittmund,,1905_07_30_10_0.jpg,wittmund,1
KSHA Wittmund,,1881_09_29_13_0.jpg,wittmund,1
KSHA Wittmund,,1885_02_07_20_0.jpg,wittmund,1
KSHA Wittmund,,1885_04_14_28_0.jpg,wittmund,1
KSHA Wittmund,,1885_04_14_27_0.jpg,wittmund,1
KSHA Wittmund,Nr. 150,1911_12_31_64_0.jpg,wittmund,1
KSHA Wittmund,,1897_06_13_81_0.jpg,wittmund,1
KSHA Wittmund,,1897_02_06_75_0.jpg,wittmund,1
KSHA Wittmund,,1897_02_06_74_0.jpg,wittmund,1
KSHA Wittmund,,1897_06_12_83_0.jpg,wittmund,1
KSHA Wittmund,,1897_06_12_84_0.jpg,wittmund,1
KSHA Wittmund,17,1890_02_26_74_0.jpg,wittmund,1
KSHA Wittmund,53,1880_02_17_11_0.jpg,wittmund,1
KSHA Wittmund,,1899_08_01_69_0.jpg,wittmund,1
KSHA Wittmund,,1886_11_18_15_0.jpg,wittmund,1
KSHA Wittmund,,1886_08_02_20_0.jpg,wittmund,1
KSHA Wittmund,,1914_03_01_174_0.jpg,wittmund,1
KSHA Wittmund,,1892_05_02_86_0.jpg,wittmund,1
KSHA Wittmund,,1892_04_12_44_0.jpg,wittmund,1
KSHA Wittmund,,1892_02_24_38_0.jpg,wittmund,1
KSHA Wittmund,,1907_07_27_115_0.jpg,wittmund,1
KSHA Wittmund,,1906_07_28_51_0.jpg,wittmund,1
KSHA Wittmund,,1906_10_26_115_0.jpg,wittmund,1
KSHA Wittmund,,1901_02_13_70_0.jpg,wittmund,1
KSHA Wittmund,,1898_12_25_25_0.jpg,wittmund,1
KSHA Wittmund,,1898_10_26_86_0.jpg,wittmund,1
KSHA Wittmund,,1879_03_22_17_0.jpg,wittmund,1
KSHA Wittmund,,1909_06_04_112_0.jpg,wittmund,1
KSHA Wittmund,Wittmund,1909_06_04_113_0.jpg,wittmund,1
KSHA Wolfsburg,Wolfsburg,1877_08_13_7_0.jpg,wolfsburg,1
KSHA Wuttenstedt-Salzgitter,65,1904_06_08_67_0.jpg,salzgitter,1
KSHA Wuttenstedt-Salzgitter,,1910_09_13_73_0.jpg,salzgitter,1
KSHA Würzburg,,1889_11_07_39_0.jpg,würzburg,1
KSHA Würzburg,11,1890_03_31_30_0.jpg,würzburg,1
KSHA Zell,,1885_04_05_40_0.jpg,zell,1
KSHA des Kreises Dinslaken in Dinslaken,,1913_01_27_73_0.jpg,dinslaken,1
KSHA in Freising,,1923_10_03_59_0.jpg,freising,1
KSHALandkreis Osterholz,0073,1891_04_20_7_0.jpg,osterholz,1
KSHAM Hameln-Pyrmont,3902,1906_02_24_73_0.jpg,hameln,1
KSHAWatenstedt-Salzgitter,Watenstedt-Salzgitter,1903_10_02_69_0.jpg,salzgitter,1
KSHAWatenstedt-Salzgitter,20,1895_08_13_28_0.jpg,salzgitter,1
KSHB Bremervörde,139,1895_05_03_3_0.jpg,bremervörde,1
KSHB Burgdorf,,1889_01_09_14_0.jpg,burgdorf,1
KSHC Cuxhaven,,1916_08_04_56_0.jpg,cuxhaven,1
KSHC Cuxhaven,,1894_01_15_50_0.jpg,cuxhaven,1
KSHC Cuxhaven,,1891_04_01_56_0.jpg,cuxhaven,1
KSHC Cuxhaven,,1895_04_13_33_0.jpg,cuxhaven,1
KSHC Cuxhaven,,1899_11_19_24_0.jpg,cuxhaven,1
KSHC Cuxhaven,Cuxhaven,1886_01_16_16_0.jpg,cuxhaven,1
KSHC Cuxhaven,,1896_04_09_30_0.jpg,cuxhaven,1
KSHM Melle,,1903_09_12_20_0.jpg,melle,1
KSHM Melle,,1886_02_18_3_0.jpg,melle,1
KSHS der Stadt Watenstedt-Salzgitter,,1904_03_29_44_0.jpg,salzgitter,1
KSHV Verden,1561,1922_10_07_103_0.jpg,verden,1
KSHa Dannenberg(Elbe),"Friedrich, Ludwig",1899_06_02_48_0.jpg,"dannenberg, elbe",2
KSHa Emden,,1898_07_10_100_0.jpg,emden,1
KSHa Gifhorn,,1876_06_01_3_0.jpg,gifhorn,1
KSHa Gifhorn,20,1879_07_03_11_0.jpg,gifhorn,1
KSHa Hameln-Pyrmont,,1888_06_23_3_0.jpg,hameln,1
KSHa Hameln-Pyrmont,85,1899_06_23_61_0.jpg,hameln,1
KSHa Hamm,57 H 91 g,1909_10_23_25_0.jpg,hamm,1
KSHa Nürnberg,5871,1922_06_11_87_0.jpg,nürnberg,1
KSHa Osterholz-Scharmbeck,unavailable,1900_01_31_92_0.jpg,osterholz,1
KSHa Soltau,BZK,1906_03_07_65_0.jpg,soltau,1
KSHa Watenstedt-Salzgitter,Nr.14,1905_08_12_55_0.jpg,salzgitter,1
KSHa Watenstedt-Salzgitter,49,1887_08_19_23_0.jpg,salzgitter,1
KSHa Winsen/Luhe,,1888_10_24_28_0.jpg,winsen,1
KSHa Wuttenstedt-Salzgitter,,1902_03_24_48_0.jpg,salzgitter,1
KSHÄ Winsen/L.,,1870_02_11_10_0.jpg,winsen,1
KZ Dresden,BEG 65 094,1903_05_15_182_0.jpg,dresden,1
Kalt,779,1884_09_27_3_0.jpg,kalt,1
Karl-Theodor,EK 8245 A,1873_07_25_5_0.jpg,karl,1
Karl-Wilhelm,Schlüter,1901_10_22_92_0.jpg,karl,1
Karl-Wolke,EK 21550 A,1925_04_29_14_0.jpg,karl,1
Karlshorst,14 511,1881_12_21_44_0.jpg,karlshorst,1
Karlshorst,EK 22402 A,1907_10_04_86_0.jpg,karlshorst,1
Karlshorst,EK 23313A,1913_07_28_26_0.jpg,karlshorst,1
Karlshöhe,EK 23121 A,1892_01_06_61_0.jpg,karlshöhe,1
Kart.-Stelle für NS-Gewaltverbrechen,24 106/A,1906_08_15_170_0.jpg,stelle,1
Koppatz,Koppatz,1896_07_16_58_0.jpg,koppatz,1
Korbetha/Merseburg (Sa.),70740,1897_09_10_24_0.jpg,"korbetha, merseburg",2
Kraatz,,1880_11_27_13_0.jpg,kraatz,1
Krefeld,2741,1891_06_23_37_0.jpg,krefeld,1
Krefeld,217 318 a,1913_03_01_140_0.jpg,krefeld,1
"Krefeld, Hubertussstr. 48",217 325 a,1906_07_03_23_0.jpg,krefeld,1
"Krefeld, Hubertussstr.68",625 146 b,1922_06_08_41_0.jpg,krefeld,1
"Krefeld, Hubertussstr.68",625 146 a,1891_05_27_11_0.jpg,krefeld,1
"Krefeld, Luisenstr.157",217 326 a,1929_01_19_7_0.jpg,krefeld,1
"Krefeld, Ostwall 263",217 311 a,1903_03_01_66_0.jpg,krefeld,1
"Krefeld, v.Beckerathstr.5",217 271 a,1913_01_31_108_0.jpg,krefeld,1
"Krefeld, v.Beckerathstr.5",217 270 a,1913_01_31_107_0.jpg,krefeld,1
Krefeld-Linn,217 304 a,1914_04_24_113_0.jpg,krefeld,1
"Krefeld-Uerdingen, Burgstr.12",217 291 a - d,1892_04_13_49_0.jpg,krefeld,1
Kreis Heilbronn,BEG 43-468,1924_11_26_32_0.jpg,heilbronn,1
Kreis Landshut,123646/11/246,1906_07_13_68_0.jpg,landshut,1
Kreis Lichtenau,123512/11/12,1893_02_27_5_0.jpg,lichtenau,1
Kreis Lichtenau,123577/14/27,1907_07_10_138_0.jpg,lichtenau,1
Kreis Limburg,123634/L1/134,1890_10_16_34_0.jpg,limburg,1
Kreis Lindau,123624/Li/124,1903_03_21_81_0.jpg,lindau,1
Kreis Lindau,123629/L1/129,1903_11_28_65_0.jpg,lindau,1
Kreis Lindau,123700/Li/200,1900_02_25_134_0.jpg,lindau,1
Kreis Lindau,123599/Li/99,1900_07_21_62_0.jpg,lindau,1
Kreis Lindau,123669/Li/199,1894_08_03_58_0.jpg,lindau,1
Kreis Lindau,123670/L4/170,1894_10_01_52_0.jpg,lindau,1
Kreis Lindau,123552/Li/52,1921_09_15_57_0.jpg,lindau,1
Kreis Lindau,123608/14/108,1873_11_30_6_0.jpg,lindau,1
Kreis Lindau,123704/Li/204,1891_02_01_78_0.jpg,lindau,1
Kreis Lindau,123657/L1/157,1891_02_01_65_0.jpg,lindau,1
Kreis Lindau,123515/14/15,1912_01_22_5_0.jpg,lindau,1
Kreis Lindau,123564/Li/64,1912_04_02_47_0.jpg,lindau,1
Kreis Lindau,123516/L1/16,1912_01_21_11_0.jpg,lindau,1
Kreis Lindau,123526/L1/26,1908_11_07_14_0.jpg,lindau,1
Kreis Lindau,123635/Li/135,1908_07_23_73_0.jpg,lindau,1
Kreis Lindau,123552/Li/52,1926_04_30_28_0.jpg,lindau,1
Kreis Lindau,123678/44/78,1893_05_12_60_0.jpg,lindau,1
Kreis Lindau,123519/L1/19,1893_10_28_56_0.jpg,lindau,1
Kreis Lindau,123593/L1/93,1893_11_05_47_0.jpg,lindau,1
Kreis Lindau,123569/Li/69,1893_03_06_25_0.jpg,lindau,1
Kreis Lindau,123686/Li/186,1893_07_29_40_0.jpg,lindau,1
Kreis Lindau,123669/II/169,1893_04_20_87_0.jpg,lindau,1
Kreis Lindau,123660/Li/160,1905_07_01_128_0.jpg,lindau,1
Kreis Lindau,123671/Li/171,1905_04_04_80_0.jpg,lindau,1
Kreis Lindau,123576/Li/76,1905_02_21_48_0.jpg,lindau,1
Kreis Lindau,123568/14/68,1889_08_19_7_0.jpg,lindau,1
Kreis Lindau,123533/14/33,1889_01_07_16_0.jpg,lindau,1
Kreis Lindau,123544/13/44,1878_05_28_8_0.jpg,lindau,1
Kreis Lindau,123581/Li/81,1881_06_24_23_0.jpg,lindau,1
Kreis Lindau,123581/L4/81,1881_06_24_24_0.jpg,lindau,1
Kreis Lindau,123574/23/74,1882_03_20_8_0.jpg,lindau,1
Kreis Lindau,123569/Li/69,1924_11_08_39_0.jpg,lindau,1
Kreis Lindau,123579/12/79,1885_05_26_20_0.jpg,lindau,1
Kreis Lindau,123586/L1/86,1885_05_02_16_0.jpg,lindau,1
Kreis Lindau,123566/L4/66,1890_01_19_18_0.jpg,lindau,1
Kreis Lindau,123620/11/120,1890_06_22_32_0.jpg,lindau,1
Kreis Lindau,123549/Li/49,1890_04_16_12_0.jpg,lindau,1
Kreis Lindau,123587/Li/87,1887_10_27_14_0.jpg,lindau,1
Kreis Lindau,123524/L1/24,1887_12_29_5_0.jpg,lindau,1
Kreis Lindau,123548/14/48,1887_08_25_14_0.jpg,lindau,1
Kreis Lindau,123633/Li/133,1887_11_30_34_0.jpg,lindau,1
Kreis Lindau,123537/14/37,1895_06_05_17_0.jpg,lindau,1
Kreis Lindau,123578/Li/78,1895_02_13_49_0.jpg,lindau,1
Kreis Lindau,123511/Li/11,1880_01_18_10_0.jpg,lindau,1
Kreis Lindau,123625/Li/129,1880_04_12_19_0.jpg,lindau,1
Kreis Lindau,123687/14/189,1880_11_13_29_0.jpg,lindau,1
Kreis Lindau,123624/11/124,1899_12_14_45_0.jpg,lindau,1
Kreis Lindau,123637/La/237,1899_03_13_62_0.jpg,lindau,1
Kreis Lindau,123609/Li/109,1899_08_20_74_0.jpg,lindau,1
Kreis Lindau,123654/Li/154,1872_08_28_12_0.jpg,lindau,1
Kreis Lindau,123658/L1/158,1886_05_31_43_0.jpg,lindau,1
Kreis Lindau,123698/Li/198,1892_01_10_87_0.jpg,lindau,1
Kreis Lindau,123552/Li/52,1896_05_01_29_0.jpg,lindau,1
Kreis Lindau,123523/11/23,1896_08_11_10_0.jpg,lindau,1
Kreis Lindau,123671/Li/171,1906_06_30_101_0.jpg,lindau,1
Kreis Lindau,123584/11/84,1906_05_28_41_0.jpg,lindau,1
Kreis Lindau,123671/Li/171,1906_06_30_100_0.jpg,lindau,1
Kreis Lindau,1235257Li/25,1906_06_16_28_0.jpg,lindau,1
Kreis Lindau,123603/Li/10,1901_05_01_96_0.jpg,lindau,1
Kreis Lindau,123707/74/207,1901_03_29_103_0.jpg,lindau,1
Kreis Lindau,123624/L1/124,1898_12_19_61_0.jpg,lindau,1
Kreis Lindau,123606/L1/206,1898_12_21_49_0.jpg,lindau,1
Kreis Lindau,123595/L1/95,1910_05_17_84_0.jpg,lindau,1
Kreis Lindau,123578/Li/78,1913_02_06_129_0.jpg,lindau,1
Kreis Lindau,123585/Li/85,1913_04_18_37_0.jpg,lindau,1
Kreis Lindau,123679/44/179,1919_07_14_85_0.jpg,lindau,1
Kreis Lindau,123667/L1/167,1879_05_02_22_0.jpg,lindau,1
Kreis Lindau,123501/Li./1,1879_03_27_1_0.jpg,lindau,1
Kreis Lindau,123689/L1/189,1902_07_26_88_0.jpg,lindau,1
Kreis Lindau,123514/Li/14,1902_01_04_10_0.jpg,lindau,1
Kreis Lindau,123550/MA/50,1902_01_05_38_0.jpg,lindau,1
Kreis Lindau,123619/14/219,1902_07_07_81_0.jpg,lindau,1
Kreis Lindau,123696/L1/196,1909_11_11_148_0.jpg,lindau,1
Kreis Linden,123581/L1/81,1915_08_27_31_0.jpg,linden,1
Kreis Linden,123639/14/239,1893_02_09_53_0.jpg,linden,1
Kreis Linden,123656/L1/156,1881_08_25_26_0.jpg,linden,1
Kreis Linden,123564/11/64,1906_12_14_52_0.jpg,linden,1
Kreis Linden,123640/L3/140,1898_03_01_106_0.jpg,linden,1
Kreis Linden,123655/L1/155,1898_08_16_78_0.jpg,linden,1
Kreis Linden,123694/L1/194,1909_01_15_170_0.jpg,linden,1
Kreis Lindenau,123697/11/197,1903_01_21_109_0.jpg,lindenau,1
Kreis Lindenau,123527/L1/27,1903_03_10_16_0.jpg,lindenau,1
Kreis Lindenau,123607/LA/107,1900_03_29_41_0.jpg,lindenau,1
Kreis Lindenau,123692/L1/192,1894_07_06_82_0.jpg,lindenau,1
Kreis Lindenau,123701/Li/201,1891_02_23_66_0.jpg,lindenau,1
Kreis Lindenau,123560/Li/60,1891_08_25_21_0.jpg,lindenau,1
Kreis Lindenau,123519/24/19,1891_07_02_4_0.jpg,lindenau,1
Kreis Lindenau,123602/Li/102,1889_06_14_28_0.jpg,lindenau,1
Kreis Lindenau,123666/L1/166,1897_03_15_143_0.jpg,lindenau,1
Kreis Lindenau,123569/14/69,1890_07_28_10_0.jpg,lindenau,1
Kreis Lindenau,123703/L1/203,1895_06_09_73_0.jpg,lindenau,1
Kreis Lindenau,123615/Ls/115,1899_09_18_72_0.jpg,lindenau,1
Kreis Lindenau,123695/Li/195,1886_12_05_34_0.jpg,lindenau,1
Kreis Lindenau,123601/14/101,1929_12_22_66_0.jpg,lindenau,1
Kreis Lindenau,123582/11/82,1904_07_24_52_0.jpg,lindenau,1
Kreis Lindenau,123688/Li/188,1907_01_13_113_0.jpg,lindenau,1
Kreis Lindenau,123617/L1/117,1907_10_04_87_0.jpg,lindenau,1
Kreis Lindenau,123617/L4/117,1906_11_17_90_0.jpg,lindenau,1
Kreis Linsengericht,123577/L1/77,1868_03_20_1_0.jpg,linsengericht,1
Kreis Linz,123668/L1/168,1882_09_01_24_0.jpg,linz,1
Kreis Linz,123659/Li/159,1911_08_25_97_0.jpg,linz,1
Kreis Linz,123615/La/115,1887_05_15_45_0.jpg,linz,1
Kreis Linz,123571/L4/71,1913_04_03_52_0.jpg,linz,1
Kreis Melle,,1892_08_17_32_0.jpg,melle,1
Kreis Nordhausen,Aurich,1890_03_17_18_0.jpg,nordhausen,1
Kreis Nordheim,,1905_10_14_14_0.jpg,nordheim,1
Kreis Nordheim,,1898_02_05_26_0.jpg,nordheim,1
Kreis Nordhorn,,1900_01_21_23_0.jpg,nordhorn,1
Kreis Nordhorn,,1883_02_02_26_0.jpg,nordhorn,1
Kreis Nordhorn,,1899_05_19_72_0.jpg,nordhorn,1
Kreis Nordhorn,Nordhorn,1907_11_04_98_0.jpg,nordhorn,1
Kreis Offenbach,BEG 45804,1927_05_21_86_0.jpg,offenbach,1
Kreis Sonthofen,,1899_06_10_77_0.jpg,sonthofen,1
Kreis-Sonderhilfsausschuß Papenburg/Ems,KS Nr. 6/6,1885_05_20_49_0.jpg,papenburg,1
Kreisausschuss - Kreisjugendamt - Eschwege,K-15389-40-I-Gri,1940_03_18_9_0.jpg,eschwege,1
Kreisaußerhelfsausschub Watenstedt-Salzgitter,Z.P.A. 20,1896_01_30_11_0.jpg,salzgitter,1
Kreisaußerhelfsausschuss Bremervörde,,1881_01_29_11_0.jpg,bremervörde,1
Kreisaußerhelfsausschuss Burgdorf,,1880_07_20_4_0.jpg,burgdorf,1
Kreisaußerhelfsausschuss Fallingbostel,,1878_05_02_20_0.jpg,fallingbostel,1
Kreisaußerhelfsausschuss Norden,,1901_02_23_124_0.jpg,norden,1
Kreisaußerhelfsausschuss Watenstedt-Salzgitter,Watenstedt-Salzgitter,1893_12_04_17_0.jpg,salzgitter,1
Kreisaußerhelfsausschuss Watenstedt-Salzgitter,Watenstedt-Salzgitter,1878_12_05_2_0.jpg,salzgitter,1
Kreisaußerhelfsausschuss Watenstedt-Salzgitter,Watenstedt-Salzgitter,1878_11_09_3_0.jpg,salzgitter,1
Kreisaußerhelfsausschüß Burgdorf,,1902_07_10_123_0.jpg,burgdorf,1
Kreisaußerhilfsausschuss Burgdorf,,1894_02_20_52_0.jpg,burgdorf,1
Kreisaußerhilfsausschuss Gifhorn,Gifhorn,1888_11_28_7_0.jpg,gifhorn,1
Kreisaußerhilfsausschuss Nordhorn,Nordhorn,1892_05_17_58_0.jpg,nordhorn,1
Kreisaußerhilfsausschuss Watenstedt-Salzgitter,Watenstedt-Salzgitter,1894_03_29_9_0.jpg,salzgitter,1
Kreisaußerhilfsausschuss Winsen - Luhe,,1903_08_22_11_0.jpg,winsen,1
Kreisaußerhilfsausschuss d. Landkreises Blankenburg (Brit. Zone) Braunlage,,1894_11_24_31_0.jpg,"blankenburg, braunlage",2
Kreisaußerhilfsausschuss d. Landkreises Blankenburg (Brit. Zone) Braunlage,,1891_05_23_41_0.jpg,"blankenburg, braunlage",2
Kreisjugendamt Karlstadt,A.Z. 63711/IV/3194,1922_03_14_56_0.jpg,karlstadt,1
"Kreisjugendamt Lauf, Pegn",42591/VIII/2251,1939_05_27_25_0.jpg,lauf,1
Kreislandesamt Burgdorf/Hann.,,1885_08_02_32_0.jpg,burgdorf,1
Kreisonderhelfsausschub Hamm-Stadt,St.H. 1210 G,1873_09_28_8_0.jpg,hamm,1
Kreisonderhelfsausschuss Nordhorn,,1917_01_30_41_0.jpg,nordhorn,1
Kreisonderhelfsausschuss d. Landkreises Blankenburg (Brit. Zone) Braunslage,,1898_03_16_28_0.jpg,blankenburg,1
Kreisonderhilfsausschub Rottenburg/Hann.,,1898_11_08_56_0.jpg,rottenburg,1
Kreisonderhilfsausschuss Bremervörde,Bremervörde,1889_11_28_39_0.jpg,bremervörde,1
Kreisonderhilfsausschuss Brünn,B 3819 S,1904_02_29_70_0.jpg,brünn,1
Kreisonderhilfsausschuss Burgdorf,,1887_02_04_23_0.jpg,burgdorf,1
Kreisonderhilfsausschuss Burgdorf,,1904_10_20_21_0.jpg,burgdorf,1
Kreisonderhilfsausschuss Burgdorf,,1906_06_13_106_0.jpg,burgdorf,1
Kreisonderhilfsausschuss Cloppenburg,,1893_03_13_111_0.jpg,cloppenburg,1
Kreisonderhilfsausschuss Cuxhaven,,1903_07_30_19_0.jpg,cuxhaven,1
Kreisonderhilfsausschuss Cuxhaven,,1915_02_12_15_0.jpg,cuxhaven,1
Kreisonderhilfsausschuss Cuxhaven,,1895_04_14_2_0.jpg,cuxhaven,1
Kreisonderhilfsausschuss Dannenberg,,1928_10_02_11_0.jpg,dannenberg,1
Kreisonderhilfsausschuss Diepholz,D 6045 M,1893_12_17_52_0.jpg,diepholz,1
Kreisonderhilfsausschuss Hameln,4261,1875_10_19_4_0.jpg,hameln,1
Kreisonderhilfsausschuss Hameln,St.H.201,1891_12_01_24_0.jpg,hameln,1
Kreisonderhilfsausschuss Hamm,St.H. 2202 K,1899_11_14_37_0.jpg,hamm,1
Kreisonderhilfsausschuss Hamm - Land,H. 4817 E,1892_08_24_11_0.jpg,hamm,1
Kreisonderhilfsausschuss Landkreis Grafschaft Goya Syke,9.4.17,1917_04_09_45_0.jpg,"grafschaft, syke",2
Kreisonderhilfsausschuss Nienburg,5810,1939_02_09_16_0.jpg,nienburg,1
Kreisonderhilfsausschuss Nordhorn,,1901_04_02_65_0.jpg,nordhorn,1
Kreisonderhilfsausschuss Northeim,Northeim,1885_09_13_4_0.jpg,northeim,1
Kreisonderhilfsausschuss Northeim,Northeim,1890_09_09_7_0.jpg,northeim,1
Kreisonderhilfsausschuss Northeim,,1899_07_12_60_0.jpg,northeim,1
Kreisonderhilfsausschuss Northeim,,1907_01_16_63_0.jpg,northeim,1
Kreisonderhilfsausschuss Northeim,,1913_06_18_58_0.jpg,northeim,1
Kreisonderhilfsausschuss Northeim,10/114,1931_08_23_12_0.jpg,northeim,1
Kreisonderhilfsausschuss Nürnberg,N 58816,1900_07_03_10_0.jpg,nürnberg,1
Kreisonderhilfsausschuss Rottenburg/Hann.,Hannover,1902_07_18_89_0.jpg,rottenburg,1
Kreisonderhilfsausschuss Stadt Hameln,,1904_12_06_64_0.jpg,hameln,1
Kreisonderhilfsausschuss Stadt Hameln,,1876_03_02_1_0.jpg,hameln,1
Kreisonderhilfsausschuss Verden,,1892_08_25_48_0.jpg,verden,1
Kreisonderhilfsausschuss Wilhelmshaven,,1891_09_30_6_0.jpg,wilhelmshaven,1
Kreisonderhilfsausschuss Winsen-Luhe,Winsen-Luhe,1919_12_27_45_0.jpg,winsen,1
Kreisonderhilfsausschuss des Landkreises Blankenburg (Brit. Zone) Braunlage,,1936_04_08_5_0.jpg,"blankenburg, braunlage",2
Kreisonderhilsausschub Cuxhaven,,1925_03_18_89_0.jpg,cuxhaven,1
Kreisonderhlfasschub Winsen/Luhe,,1877_12_25_30_0.jpg,winsen,1
Kreisonderhlfasschuss Nordhorn,,1890_05_12_34_0.jpg,nordhorn,1
Kreisonderrhfsausschub Emden,,1867_09_29_1_0.jpg,emden,1
Kreisonderrhilfsausschub Watenstedt-Salzgitter,20,1905_11_09_65_0.jpg,salzgitter,1
Kreisonderrhilfsausschub der Stadt Waisensiedlung Salzgitter,Kreisonderrhilfsausschub der Stadt Waisensiedlung Salzgitter,1889_01_09_5_0.jpg,salzgitter,1
Kreisonderrhilfsausschuss Alfeld/Leine,KS.Nr. 114,1892_07_30_40_0.jpg,alfeld,1
Kreisonderrhilfsausschuss Bersenbrück,,1889_10_12_5_0.jpg,bersenbrück,1
Kreisonderrhilfsausschuss Bersenbrück,,1896_08_05_46_0.jpg,bersenbrück,1
Kreisonderrhilfsausschuss Burgdorf,Burgdorf,1886_04_26_16_0.jpg,burgdorf,1
Kreisonderrhilfsausschuss Burgdorf,,1892_08_12_2_0.jpg,burgdorf,1
Kreisonderrhilfsausschuss Cloppenburg,,1888_04_05_59_0.jpg,cloppenburg,1
Kreisonderrhilfsausschuss Nordhorn,,1871_06_11_3_0.jpg,nordhorn,1
Kreisonderrhilfsausschuss Northeim,10/404,1901_04_03_72_0.jpg,northeim,1
Kreisonderrhilfsausschuss Rottenburg/Hann.,,1909_03_08_90_0.jpg,rottenburg,1
Kreisonderrhilfsausschuss Wilhelmshaven,,1880_10_02_16_0.jpg,wilhelmshaven,1
Kreisonderrhilfsausschuss Wilhelmshaven,,1888_03_23_25_0.jpg,wilhelmshaven,1
Kreisonderschutzbehörde Bremervörde,20,1875_04_24_8_0.jpg,bremervörde,1
Kreisonderschutzbehörde Gifhorn,,1879_11_24_3_0.jpg,gifhorn,1
Kreisonderschutzbehörde Melle,Melle,1888_01_29_24_0.jpg,melle,1
Kreisonderschutzbehörde Nordhorn,,1889_11_13_27_0.jpg,nordhorn,1
Kreisonderschutzbehörde Northeim,,1898_02_17_44_0.jpg,northeim,1
Kreisondeserhifsausschuss Burgdorf,,1895_10_31_60_0.jpg,burgdorf,1
Kreisondeserhifsausschuss Cuxhaven,,1894_04_10_25_0.jpg,cuxhaven,1
Kreisondeserhifsausschuss Watenstedt-Salzgitter,Watenstedt-Salzgitter,1880_06_10_26_0.jpg,salzgitter,1
Kreisondeserhifsausschuss Wilhelmshaven,,1893_07_04_19_0.jpg,wilhelmshaven,1
Kreisondeserhifsausschuss Wittmund,,1895_01_06_39_0.jpg,wittmund,1
Kreisondeserhillsausschuss der Stadt Schweinfurt,Kreisondeserhillsausschuss der Stadt Schweinfurt,1899_04_08_69_0.jpg,schweinfurt,1
Kreisondeserhlfasschuf Wittmund,,1895_04_02_60_0.jpg,wittmund,1
Kreisondeserhlfssauschuss Duderstadt,,1897_08_13_62_0.jpg,duderstadt,1
Kreisondesonderhilfsausschuss Stadt Hameln,,1885_09_30_17_0.jpg,hameln,1
Kreisossonderhilfsausschuss Bremervörde,Bremervörde,1933_09_16_37_0.jpg,bremervörde,1
Kreisossonderhilfsausschuss Bremervörde,Bremervörde,1894_03_06_45_0.jpg,bremervörde,1
Kreisossonderhilfsausschuss Nienburg-Weser,162/34552,1922_06_11_88_0.jpg,nienburg,1
Kreissoenderhilfsausschuss Nienburg-Weser,N 5410 T 3,1898_01_21_75_0.jpg,nienburg,1
Kreissoenderhilfsausschuss des Landkreises Gera-Schweinfurt,20,1881_01_23_18_0.jpg,"gera, schweinfurt",2
Kreissoenderhilfsausschuss des Landkreises Grafschaft Sehauenburg,Rinteln,1905_02_13_87_0.jpg,grafschaft,1
Kreissoenderhilfssausschuss der Stadt Salzgitter,Kreissoenderhilfssausschuss der Stadt Salzgitter,1893_05_11_41_0.jpg,salzgitter,1
Kreissohnderhilfsausschuss d. Landkreises Blankenburg (Brit. Zone) Braunlage,,1899_07_31_51_0.jpg,"blankenburg, braunlage",2
Kreissonderbehelfausschub Watenstedt-Salzgitter,,1896_03_25_28_0.jpg,salzgitter,1
Kreissonderbehelfausschuss Landkreis Grafschaft Goya,Art.V-56-II-Nr,1886_02_10_6_0.jpg,grafschaft,1
Kreissonderbehelfausschuss Watenstedt-Salzgitter,,1896_03_23_6_0.jpg,salzgitter,1
Kreissonderbehelfsausschuss Bremervörde,Ohrel-Windershusen Nr. 1,1900_07_17_95_0.jpg,bremervörde,1
Kreissonderbehelfsausschuss Watenstedt-Salzgitter,,1894_08_13_18_0.jpg,salzgitter,1
Kreissonderbehilfsausschuss Alfeld/Leine,KS.Nr. 49,1896_10_26_64_0.jpg,alfeld,1
Kreissonderbehilfsausschuss Jever 1.0.,Friesland,1916_08_20_76_0.jpg,jever,1
Kreissonderhilfesauschuss Hamm,St.H.1606 R,1906_05_27_89_0.jpg,hamm,1
Kreissonderhilfesauschuss Springe,150,1886_01_23_41_0.jpg,springe,1
Kreissonderhilfesauschuss Winsen/L.,,1899_12_24_71_0.jpg,winsen,1
Kreissonderhilfesausschuss Duderstadt,,1891_06_17_9_0.jpg,duderstadt,1
Kreissonderhilfesausschuss Gifhorn,Gifhorn,1914_05_06_43_0.jpg,gifhorn,1
Kreissonderhilfesausschuss Hameln - Pyrmont,HP 3904K,1889_01_17_30_0.jpg,hameln,1
Kreissonderhilfesausschuss Nordhorn,,1904_02_08_50_0.jpg,nordhorn,1
Kreissonderhilfesausschuss Northeim,Bayerische Kartei,1914_10_23_53_0.jpg,northeim,1
Kreissonderhilfesausschuss Springe,8,1912_12_11_74_0.jpg,springe,1
Kreissonderhilfesausschuss Wittmund,,1890_07_16_42_0.jpg,wittmund,1
Kreissonderhilfesausschuss des Landkreises Burgdorf/Hann.,,1878_01_04_9_0.jpg,burgdorf,1
Kreissonderhilfsausschub Landkreis Oschatz,41,1907_09_21_92_0.jpg,oschatz,1
Kreissonderhilfsausschub Melle,,1899_09_19_18_0.jpg,melle,1
Kreissonderhilfsausschub Melle,,1899_05_19_11_0.jpg,melle,1
Kreissonderhilfsausschub Nienburg,5796,1901_04_06_93_0.jpg,nienburg,1
Kreissonderhilfsausschub Nienburg-Weser,14552,1907_03_03_23_0.jpg,nienburg,1
Kreissonderhilfsausschub Northeim,,1932_04_30_26_0.jpg,northeim,1
Kreissonderhilfsausschub Springe,96,1900_09_22_18_0.jpg,springe,1
Kreissonderhilfsausschub Uelzen,,1887_10_26_17_0.jpg,uelzen,1
Kreissonderhilfsausschub Watenstedt-Salzgitter,,1901_06_16_79_0.jpg,salzgitter,1
Kreissonderhilfsausschub Winsen/Luhe,Anke Pleva,1942_05_17_6_0.jpg,winsen,1
Kreissonderhilfsausschub des Landkreises Blankenburg (Brit. Zone) Braunlage,Braunlage,1892_01_30_96_0.jpg,"blankenburg, braunlage",2
Kreissonderhilfsausschuf Hameln-Pyrmont,HP 41094,1915_02_22_55_0.jpg,hameln,1
Kreissonderhilfsausschuss Alfeld/Leine,KS.Nr. 43,1894_06_16_28_0.jpg,alfeld,1
Kreissonderhilfsausschuss Alfeld/Leine,KS.Nr. 105,1894_10_21_33_0.jpg,alfeld,1
Kreissonderhilfsausschuss Alfeld/Leine,KS. Nr. 40,1893_12_31_38_0.jpg,alfeld,1
Kreissonderhilfsausschuss Alfeld/Leine,KS.Nr. 16,1897_06_02_70_0.jpg,alfeld,1
Kreissonderhilfsausschuss Alfeld/Leine,KS.Nr. 46,1883_01_17_35_0.jpg,alfeld,1
Kreissonderhilfsausschuss Alfeld/Leine,KS.Nr. 57,1890_10_29_28_0.jpg,alfeld,1
Kreissonderhilfsausschuss Alfeld/Leine,03/007,1887_04_29_27_0.jpg,alfeld,1
Kreissonderhilfsausschuss Alfeld/Leine,KS. Nr. 31,1892_01_31_5_0.jpg,alfeld,1
Kreissonderhilfsausschuss Alfeld/Leine,KS.Nr. 4,1898_06_29_27_0.jpg,alfeld,1
Kreissonderhilfsausschuss Auerbach,,1892_04_28_38_0.jpg,auerbach,1
Kreissonderhilfsausschuss Bersenbrück,Bersenbrück,1893_05_17_22_0.jpg,bersenbrück,1
Kreissonderhilfsausschuss Blankenburg (Brit. Zone),,1882_08_11_25_0.jpg,blankenburg,1
Kreissonderhilfsausschuss Bremervörde,,1893_10_20_19_0.jpg,bremervörde,1
Kreissonderhilfsausschuss Bremervörde,1686,1893_02_07_24_0.jpg,bremervörde,1
Kreissonderhilfsausschuss Brühl,B 3698 F,1899_12_22_34_0.jpg,brühl,1
Kreissonderhilfsausschuss Burgdorf,,1900_09_15_131_0.jpg,burgdorf,1
Kreissonderhilfsausschuss Burgdorf,,1891_08_13_10_0.jpg,burgdorf,1
Kreissonderhilfsausschuss Burgdorf,,1912_12_24_106_0.jpg,burgdorf,1
Kreissonderhilfsausschuss Burgdorf,,1893_09_12_9_0.jpg,burgdorf,1
Kreissonderhilfsausschuss Burgdorf,,1893_10_08_65_0.jpg,burgdorf,1
Kreissonderhilfsausschuss Burgdorf,,1881_12_30_15_0.jpg,burgdorf,1
Kreissonderhilfsausschuss Burgdorf,,1911_04_23_29_0.jpg,burgdorf,1
Kreissonderhilfsausschuss Burgdorf,,1890_04_01_62_0.jpg,burgdorf,1
Kreissonderhilfsausschuss Burgdorf,,1870_08_30_1_0.jpg,burgdorf,1
Kreissonderhilfsausschuss Burgdorf,,1887_02_04_24_0.jpg,burgdorf,1
Kreissonderhilfsausschuss Burgdorf,,1887_12_25_6_0.jpg,burgdorf,1
Kreissonderhilfsausschuss Burgdorf,,1887_12_16_11_0.jpg,burgdorf,1
Kreissonderhilfsausschuss Burgdorf,,1895_02_26_84_0.jpg,burgdorf,1
Kreissonderhilfsausschuss Burgdorf,,1895_11_23_67_0.jpg,burgdorf,1
Kreissonderhilfsausschuss Burgdorf,,1888_05_06_2_0.jpg,burgdorf,1
Kreissonderhilfsausschuss Burgdorf,,1892_03_27_25_0.jpg,burgdorf,1
Kreissonderhilfsausschuss Burgdorf,,1896_02_21_46_0.jpg,burgdorf,1
Kreissonderhilfsausschuss Burgdorf,,1896_09_10_25_0.jpg,burgdorf,1
Kreissonderhilfsausschuss Burgdorf,A.Reg.Bez.Lüneburg,1904_03_31_86_0.jpg,burgdorf,1
Kreissonderhilfsausschuss Burgdorf (Hann.),,1893_02_21_7_0.jpg,burgdorf,1
Kreissonderhilfsausschuss Bünde,6839,1913_05_11_51_0.jpg,bünde,1
Kreissonderhilfsausschuss Cloppenburg,,1893_10_11_58_0.jpg,cloppenburg,1
Kreissonderhilfsausschuss Cloppenburg,,1885_11_05_7_0.jpg,cloppenburg,1
Kreissonderhilfsausschuss Cloppenburg,,1887_09_10_41_0.jpg,cloppenburg,1
Kreissonderhilfsausschuss Cloppenburg,1868,1895_03_19_33_0.jpg,cloppenburg,1
Kreissonderhilfsausschuss Cloppenburg,,1898_07_10_51_0.jpg,cloppenburg,1
Kreissonderhilfsausschuss Cloppenburg,,1902_12_31_92_0.jpg,cloppenburg,1
Kreissonderhilfsausschuss Cuxhaven,,1915_01_02_18_0.jpg,cuxhaven,1
Kreissonderhilfsausschuss Cuxhaven,,1893_08_06_49_0.jpg,cuxhaven,1
Kreissonderhilfsausschuss Cuxhaven,,1898_08_07_29_0.jpg,cuxhaven,1
Kreissonderhilfsausschuss Cuxhaven,,1913_10_27_28_0.jpg,cuxhaven,1
Kreissonderhilfsausschuss Cuxhaven,,1902_07_25_72_0.jpg,cuxhaven,1
Kreissonderhilfsausschuss Diepholz,,1900_08_18_35_0.jpg,diepholz,1
Kreissonderhilfsausschuss Diepholz,6035,1918_07_23_24_0.jpg,diepholz,1
Kreissonderhilfsausschuss Diepholz,115,1912_02_07_121_0.jpg,diepholz,1
Kreissonderhilfsausschuss Diepholz,D 5962 E,1893_08_02_10_0.jpg,diepholz,1
Kreissonderhilfsausschuss Diepholz,117,1885_02_17_36_0.jpg,diepholz,1
Kreissonderhilfsausschuss Diepholz,D 6010 H,1883_10_20_22_0.jpg,diepholz,1
Kreissonderhilfsausschuss Diepholz,Dörrieloh Nr. 8,1887_09_26_10_0.jpg,diepholz,1
Kreissonderhilfsausschuss Diepholz,Nr. 33a,1887_04_03_58_0.jpg,diepholz,1
Kreissonderhilfsausschuss Diepholz,D 6098 ST,1887_09_07_48_0.jpg,diepholz,1
Kreissonderhilfsausschuss Diepholz,D 5956 C,1899_10_19_20_0.jpg,diepholz,1
Kreissonderhilfsausschuss Diepholz,D 60 94 567,1892_07_09_61_0.jpg,diepholz,1
Kreissonderhilfsausschuss Diepholz,62,1904_06_11_74_0.jpg,diepholz,1
Kreissonderhilfsausschuss Diepholz,Kornau Nr.86,1906_10_05_89_0.jpg,diepholz,1
Kreissonderhilfsausschuss Diepholz,Diepholz,1906_05_17_59_0.jpg,diepholz,1
Kreissonderhilfsausschuss Diepholz,D 5960 D,1919_03_21_23_0.jpg,diepholz,1
Kreissonderhilfsausschuss Dippoldiswalde,36,1885_10_30_12_0.jpg,dippoldiswalde,1
Kreissonderhilfsausschuss Duderstadt,,1894_04_16_53_0.jpg,duderstadt,1
Kreissonderhilfsausschuss Duderstadt,,1894_05_24_71_0.jpg,duderstadt,1
Kreissonderhilfsausschuss Duderstadt,,1893_12_16_16_0.jpg,duderstadt,1
Kreissonderhilfsausschuss Duderstadt,,1893_12_06_66_0.jpg,duderstadt,1
Kreissonderhilfsausschuss Duderstadt,,1925_11_19_22_0.jpg,duderstadt,1
Kreissonderhilfsausschuss Duderstadt,,1910_06_10_60_0.jpg,duderstadt,1
Kreissonderhilfsausschuss Duderstadt,,1902_08_04_38_0.jpg,duderstadt,1
Kreissonderhilfsausschuss Dänneberg/Elbe,,1906_01_05_114_0.jpg,elbe,1
Kreissonderhilfsausschuss Einbeck,DOPPELMELDUNG,1879_12_13_3_0.jpg,einbeck,1
Kreissonderhilfsausschuss Emden,,1884_08_22_13_0.jpg,emden,1
Kreissonderhilfsausschuss Emden,,1903_06_04_103_0.jpg,emden,1
Kreissonderhilfsausschuss Emden,,1891_06_27_10_0.jpg,emden,1
Kreissonderhilfsausschuss Emden,,1893_01_18_12_0.jpg,emden,1
Kreissonderhilfsausschuss Emden,,1936_09_20_3_0.jpg,emden,1
Kreissonderhilfsausschuss Emden,,1887_03_10_45_0.jpg,emden,1
Kreissonderhilfsausschuss Emden,,1887_02_26_57_0.jpg,emden,1
Kreissonderhilfsausschuss Emden,,1899_02_05_11_0.jpg,emden,1
Kreissonderhilfsausschuss Emden,,1899_04_17_35_0.jpg,emden,1
Kreissonderhilfsausschuss Emden,,1886_09_20_5_0.jpg,emden,1
Kreissonderhilfsausschuss Emden,Emden,1892_04_21_4_0.jpg,emden,1
Kreissonderhilfsausschuss Emden,,1904_03_02_51_0.jpg,emden,1
Kreissonderhilfsausschuss Emden,W,1904_08_07_118_0.jpg,emden,1
Kreissonderhilfsausschuss Emden,,1904_06_13_29_0.jpg,emden,1
Kreissonderhilfsausschuss Emden,,1907_05_13_42_0.jpg,emden,1
Kreissonderhilfsausschuss Emden,,1906_08_29_34_0.jpg,emden,1
Kreissonderhilfsausschuss Emden,,1898_11_21_33_0.jpg,emden,1
Kreissonderhilfsausschuss Fallingbostel,,1891_05_29_69_0.jpg,fallingbostel,1
Kreissonderhilfsausschuss Fallingbostel,,1897_03_27_1_0.jpg,fallingbostel,1
Kreissonderhilfsausschuss Fallingbostel,,1906_01_24_110_0.jpg,fallingbostel,1
Kreissonderhilfsausschuss Gifhorn,Gifhorn,1916_02_20_41_0.jpg,gifhorn,1
Kreissonderhilfsausschuss Gifhorn,,1894_01_17_3_0.jpg,gifhorn,1
Kreissonderhilfsausschuss Gifhorn,Steinhorst Nr. 91,1894_08_25_73_0.jpg,gifhorn,1
Kreissonderhilfsausschuss Gifhorn,1120,1920_09_11_35_0.jpg,gifhorn,1
Kreissonderhilfsausschuss Gifhorn,,1912_05_13_33_0.jpg,gifhorn,1
Kreissonderhilfsausschuss Gifhorn,Gifhorn,1912_01_31_92_0.jpg,gifhorn,1
Kreissonderhilfsausschuss Gifhorn,Meine Nr. 6,1908_12_14_28_0.jpg,gifhorn,1
Kreissonderhilfsausschuss Gifhorn,,1905_11_23_21_0.jpg,gifhorn,1
Kreissonderhilfsausschuss Gifhorn,64,1882_08_20_22_0.jpg,gifhorn,1
Kreissonderhilfsausschuss Gifhorn,,1890_07_01_10_0.jpg,gifhorn,1
Kreissonderhilfsausschuss Gifhorn,,1892_01_18_20_0.jpg,gifhorn,1
Kreissonderhilfsausschuss Gifhorn,,1907_12_05_28_0.jpg,gifhorn,1
Kreissonderhilfsausschuss Gifhorn,Gifhorn,1906_06_26_132_0.jpg,gifhorn,1
Kreissonderhilfsausschuss Gifhorn,,1901_03_12_120_0.jpg,gifhorn,1
Kreissonderhilfsausschuss Gifhorn,Gifhorn,1898_08_01_105_0.jpg,gifhorn,1
Kreissonderhilfsausschuss Gifhorn,Bayrische Kartei,1898_06_30_36_0.jpg,gifhorn,1
Kreissonderhilfsausschuss Gifhorn,Ohnhorst Nr. 2,1898_06_05_42_0.jpg,gifhorn,1
Kreissonderhilfsausschuss Gifhorn,,1910_09_11_35_0.jpg,gifhorn,1
Kreissonderhilfsausschuss Gifhorn,Gifhorn,1902_10_25_47_0.jpg,gifhorn,1
Kreissonderhilfsausschuss Gifhorn,Gifhorn,1909_08_29_54_0.jpg,gifhorn,1
Kreissonderhilfsausschuss Hameln,H.A. 4302 K,1869_07_23_2_0.jpg,hameln,1
Kreissonderhilfsausschuss Hameln,4258,1887_10_02_9_0.jpg,hameln,1
Kreissonderhilfsausschuss Hameln,H.A. 4319,1896_02_26_32_0.jpg,hameln,1
Kreissonderhilfsausschuss Hameln n.-Pyrmont,HP 6473 L,1922_12_05_70_0.jpg,hameln,1
Kreissonderhilfsausschuss Hameln-P.,,1889_06_20_40_0.jpg,hameln,1
Kreissonderhilfsausschuss Hameln-Pyrmont,,1891_11_23_46_0.jpg,hameln,1
Kreissonderhilfsausschuss Hameln-Pyrmont,,1893_02_17_7_0.jpg,hameln,1
Kreissonderhilfsausschuss Hameln-Pyrmont,,1883_01_03_29_0.jpg,hameln,1
Kreissonderhilfsausschuss Hameln-Pyrmont,Nr. 195,1887_01_22_14_0.jpg,hameln,1
Kreissonderhilfsausschuss Hameln-Pyrmont,B 30808 - 1,1886_10_10_63_0.jpg,hameln,1
Kreissonderhilfsausschuss Hameln-Pyrmont,HP 39147,1876_09_03_20_0.jpg,hameln,1
Kreissonderhilfsausschuss Hamm,19552,1891_05_29_25_0.jpg,hamm,1
Kreissonderhilfsausschuss Hamm,S.H.1608 S,1908_04_12_123_0.jpg,hamm,1
Kreissonderhilfsausschuss Hamm,20552,1893_06_23_33_0.jpg,hamm,1
Kreissonderhilfsausschuss Hamm,H 4782 6,1885_04_20_10_0.jpg,hamm,1
Kreissonderhilfsausschuss Hamm,St. H. 7275,1911_04_23_110_0.jpg,hamm,1
Kreissonderhilfsausschuss Hamm,1307,1883_08_03_31_0.jpg,hamm,1
Kreissonderhilfsausschuss Hamm,15552,1895_05_10_12_0.jpg,hamm,1
Kreissonderhilfsausschuss Hamm,ST H 1383 D,1888_08_13_7_0.jpg,hamm,1
Kreissonderhilfsausschuss Hamm,STH 3013 D,1892_05_19_17_0.jpg,hamm,1
Kreissonderhilfsausschuss Hamm,B 37 96 P,1907_01_19_85_0.jpg,hamm,1
Kreissonderhilfsausschuss Hamm - Pummersfeld,HP. 3897 - 66,1913_09_20_102_0.jpg,hamm,1
Kreissonderhilfsausschuss Hamm - Pumpe,H.P. 4208 B,1910_04_16_7_0.jpg,hamm,1
Kreissonderhilfsausschuss Hamm über Fakten,St.H. 2836 A,1895_04_22_22_0.jpg,hamm,1
Kreissonderhilfsausschuss Hamm-Land,4756,1868_01_15_2_0.jpg,hamm,1
Kreissonderhilfsausschuss Hamm-Land,H. 4671 F,1904_08_19_24_0.jpg,hamm,1
Kreissonderhilfsausschuss Harburg,Harburg,1909_03_11_79_0.jpg,harburg,1
Kreissonderhilfsausschuss Jever,Friesland,1893_06_18_27_0.jpg,jever,1
Kreissonderhilfsausschuss Jever,Riesland,1893_12_19_36_0.jpg,jever,1
Kreissonderhilfsausschuss Jever,Rieseland,1883_10_13_12_0.jpg,jever,1
Kreissonderhilfsausschuss Jever,Riosland,1890_03_16_22_0.jpg,jever,1
Kreissonderhilfsausschuss Land Holzen,Otterndorf N.E,1916_09_27_54_0.jpg,holzen,1
Kreissonderhilfsausschuss Landkreis Grafenau Syke,Syke,1893_11_05_38_0.jpg,"grafenau, syke",2
Kreissonderhilfsausschuss Landkreis Grafschaft Goya,S 5499A,1894_09_02_3_0.jpg,grafschaft,1
Kreissonderhilfsausschuss Landkreis Grafschaft Hoya,,1881_02_27_9_0.jpg,"grafschaft, hoya",2
Kreissonderhilfsausschuss Landkreis Grafschaft Hoya,,1895_12_10_63_0.jpg,"grafschaft, hoya",2
Kreissonderhilfsausschuss Landkreis Grafschaft Hoya,,1892_07_12_64_0.jpg,"grafschaft, hoya",2
Kreissonderhilfsausschuss Landkreis Grafschaft Hoya Syke,Nr. 26,1907_09_20_107_0.jpg,"grafschaft, hoya, syke",3
Kreissonderhilfsausschuss Landkreis Grafschaft Lippe Syke,,1885_05_27_30_0.jpg,"grafschaft, syke",2
Kreissonderhilfsausschuss Landkreis Müden,,1889_08_25_72_0.jpg,müden,1
Kreissonderhilfsausschuss Lingen,,1897_02_17_21_0.jpg,lingen,1
Kreissonderhilfsausschuss Lingen,,1895_10_16_37_0.jpg,lingen,1
Kreissonderhilfsausschuss Lüchow-Dannenberg,,1913_03_16_15_0.jpg,"dannenberg, lüchow",2
Kreissonderhilfsausschuss Melle,,1900_09_06_44_0.jpg,melle,1
Kreissonderhilfsausschuss Melle,,1873_08_26_2_0.jpg,melle,1
Kreissonderhilfsausschuss Melle,,1891_04_04_15_0.jpg,melle,1
Kreissonderhilfsausschuss Melle,,1881_04_20_11_0.jpg,melle,1
Kreissonderhilfsausschuss Melle,,1898_08_09_45_0.jpg,melle,1
Kreissonderhilfsausschuss Meppen,Bayerische Kartei,1894_03_04_11_0.jpg,meppen,1
Kreissonderhilfsausschuss Meppen,,1894_12_26_82_0.jpg,meppen,1
Kreissonderhilfsausschuss Nienburg,5929,1900_06_13_15_0.jpg,nienburg,1
Kreissonderhilfsausschuss Nienburg,5739,1893_03_15_121_0.jpg,nienburg,1
Kreissonderhilfsausschuss Nienburg,5771,1881_12_11_34_0.jpg,nienburg,1
Kreissonderhilfsausschuss Nienburg,5902 G,1882_11_04_19_0.jpg,nienburg,1
Kreissonderhilfsausschuss Nienburg,5922,1885_09_27_21_0.jpg,nienburg,1
Kreissonderhilfsausschuss Nienburg-Weser,,1908_09_17_53_0.jpg,nienburg,1
Kreissonderhilfsausschuss Nienburg-Weser,Nienburg-Weser,1893_03_15_120_0.jpg,nienburg,1
Kreissonderhilfsausschuss Nienburg-Weser,,1899_12_18_91_0.jpg,nienburg,1
Kreissonderhilfsausschuss Norden,,1884_03_14_27_0.jpg,norden,1
Kreissonderhilfsausschuss Norden,,1905_12_18_109_0.jpg,norden,1
Kreissonderhilfsausschuss Norden,,1879_03_25_5_0.jpg,norden,1
Kreissonderhilfsausschuss Nordhausen,Nordhausen,1878_09_25_4_0.jpg,nordhausen,1
Kreissonderhilfsausschuss Nordhausen,,1887_06_06_4_0.jpg,nordhausen,1
Kreissonderhilfsausschuss Nordheim,10/111,1899_02_07_31_0.jpg,nordheim,1
Kreissonderhilfsausschuss Nordhorn,,1916_05_04_86_0.jpg,nordhorn,1
Kreissonderhilfsausschuss Nordhorn,,1900_09_19_74_0.jpg,nordhorn,1
Kreissonderhilfsausschuss Nordhorn,,1900_08_13_39_0.jpg,nordhorn,1
Kreissonderhilfsausschuss Nordhorn,,1893_10_23_47_0.jpg,nordhorn,1
Kreissonderhilfsausschuss Nordhorn,,1893_01_14_75_0.jpg,nordhorn,1
Kreissonderhilfsausschuss Nordhorn,,1896_10_31_65_0.jpg,nordhorn,1
Kreissonderhilfsausschuss Nordhorn,,1906_06_08_61_0.jpg,nordhorn,1
Kreissonderhilfsausschuss Nordhorn,,1906_06_08_60_0.jpg,nordhorn,1
Kreissonderhilfsausschuss Nordhorn,,1910_11_03_29_0.jpg,nordhorn,1
Kreissonderhilfsausschuss Nordhorn,47,1909_03_23_12_0.jpg,nordhorn,1
Kreissonderhilfsausschuss Nordhorn,,1909_01_27_30_0.jpg,nordhorn,1
Kreissonderhilfsausschuss Northeim,10/383,1903_12_25_151_0.jpg,northeim,1
Kreissonderhilfsausschuss Northeim,,1893_07_14_18_0.jpg,northeim,1
Kreissonderhilfsausschuss Northeim,,1905_04_08_78_0.jpg,northeim,1
Kreissonderhilfsausschuss Northeim,Northeim,1905_11_03_20_0.jpg,northeim,1
Kreissonderhilfsausschuss Northeim,,1905_08_28_47_0.jpg,northeim,1
Kreissonderhilfsausschuss Northeim,,1905_07_05_32_0.jpg,northeim,1
Kreissonderhilfsausschuss Northeim,,1889_02_27_28_0.jpg,northeim,1
Kreissonderhilfsausschuss Northeim,,1878_01_21_9_0.jpg,northeim,1
Kreissonderhilfsausschuss Northeim,,1885_09_03_3_0.jpg,northeim,1
Kreissonderhilfsausschuss Northeim,,1897_05_20_60_0.jpg,northeim,1
Kreissonderhilfsausschuss Northeim,Northeim,1897_09_10_20_0.jpg,northeim,1
Kreissonderhilfsausschuss Northeim,,1895_05_07_50_0.jpg,northeim,1
Kreissonderhilfsausschuss Northeim,,1888_11_21_8_0.jpg,northeim,1
Kreissonderhilfsausschuss Northeim,,1899_02_11_77_0.jpg,northeim,1
Kreissonderhilfsausschuss Northeim,,1929_09_30_30_0.jpg,northeim,1
Kreissonderhilfsausschuss Northeim,,1896_05_12_12_0.jpg,northeim,1
Kreissonderhilfsausschuss Northeim,,1877_12_21_11_0.jpg,northeim,1
Kreissonderhilfsausschuss Nürnberg,N 5741 E,1903_03_19_15_0.jpg,nürnberg,1
Kreissonderhilfsausschuss Nürnberg,5927,1873_05_21_5_0.jpg,nürnberg,1
Kreissonderhilfsausschuss Nürnberg a. Rbg.,6258,1906_09_28_86_0.jpg,nürnberg,1
Kreissonderhilfsausschuss Rinteln,3410,1898_07_10_6_0.jpg,rinteln,1
Kreissonderhilfsausschuss Rostock,11/00295D R. 3454,1879_06_21_5_0.jpg,rostock,1
Kreissonderhilfsausschuss Rottenburg,,1896_07_26_38_0.jpg,rottenburg,1
Kreissonderhilfsausschuss Rottenburg,,1901_05_27_41_0.jpg,rottenburg,1
Kreissonderhilfsausschuss Rottenburg/H.,,1912_10_31_3_0.jpg,rottenburg,1
Kreissonderhilfsausschuss Rottenburg/Hann.,,1894_02_16_24_0.jpg,rottenburg,1
Kreissonderhilfsausschuss Rottenburg/Hann.,,1895_12_13_5_0.jpg,rottenburg,1
Kreissonderhilfsausschuss Rottenburg/h.,,1913_05_22_35_0.jpg,rottenburg,1
Kreissonderhilfsausschuss Salzgitter,,1880_11_18_25_0.jpg,salzgitter,1
Kreissonderhilfsausschuss Salzgitter,,1896_10_02_5_0.jpg,salzgitter,1
Kreissonderhilfsausschuss Salzgitter,,1898_12_11_94_0.jpg,salzgitter,1
Kreissonderhilfsausschuss Soltau,,1903_04_11_28_0.jpg,soltau,1
Kreissonderhilfsausschuss Soltau,,1868_04_19_2_0.jpg,soltau,1
Kreissonderhilfsausschuss Soltau,,1893_07_25_39_0.jpg,soltau,1
Kreissonderhilfsausschuss Soltau,,1893_02_22_50_0.jpg,soltau,1
Kreissonderhilfsausschuss Soltau,Soltau,1887_10_12_28_0.jpg,soltau,1
Kreissonderhilfsausschuss Soltau,,1886_12_18_8_0.jpg,soltau,1
Kreissonderhilfsausschuss Springe,Springe,1875_02_11_11_0.jpg,springe,1
Kreissonderhilfsausschuss Springe,,1900_11_12_19_0.jpg,springe,1
Kreissonderhilfsausschuss Springe,Springe,1900_07_03_96_0.jpg,springe,1
Kreissonderhilfsausschuss Springe,Springe,1893_10_31_51_0.jpg,springe,1
Kreissonderhilfsausschuss Springe,49,1889_07_27_8_0.jpg,springe,1
Kreissonderhilfsausschuss Springe,6474,1911_04_05_57_0.jpg,springe,1
Kreissonderhilfsausschuss Springe,Springe,1899_12_07_82_0.jpg,springe,1
Kreissonderhilfsausschuss Springe,130,1899_02_23_55_0.jpg,springe,1
Kreissonderhilfsausschuss Springe,,1892_11_03_32_0.jpg,springe,1
Kreissonderhilfsausschuss Springe,45,1906_03_17_50_0.jpg,springe,1
Kreissonderhilfsausschuss Springe,Nr. 65,1901_11_05_97_0.jpg,springe,1
Kreissonderhilfsausschuss Springe,35,1901_12_02_62_0.jpg,springe,1
Kreissonderhilfsausschuss Springe,,1898_11_27_26_0.jpg,springe,1
Kreissonderhilfsausschuss Springe,,1898_09_24_77_0.jpg,springe,1
Kreissonderhilfsausschuss Springe,,1913_09_05_4_0.jpg,springe,1
Kreissonderhilfsausschuss Springe,Springe,1902_10_28_26_0.jpg,springe,1
Kreissonderhilfsausschuss Stadt Hameln,,1881_09_04_18_0.jpg,hameln,1
Kreissonderhilfsausschuss Stadt Hameln,,1896_01_01_125_0.jpg,hameln,1
Kreissonderhilfsausschuss Stadt Hameln,H.A. 4413 - Sch,1917_12_29_57_0.jpg,hameln,1
Kreissonderhilfsausschuss Syke,6433,1899_02_10_57_0.jpg,syke,1
Kreissonderhilfsausschuss Uelzen,,1903_04_01_21_0.jpg,uelzen,1
Kreissonderhilfsausschuss Uelzen,,1903_04_01_22_0.jpg,uelzen,1
Kreissonderhilfsausschuss Uelzen,Uelzen,1900_05_18_18_0.jpg,uelzen,1
Kreissonderhilfsausschuss Uelzen,Veerssen Nr. 1/Krs. Uelzen,1889_02_22_49_0.jpg,uelzen,1
Kreissonderhilfsausschuss Uelzen,,1897_02_20_69_0.jpg,uelzen,1
Kreissonderhilfsausschuss Uelzen,,1897_04_10_25_0.jpg,uelzen,1
Kreissonderhilfsausschuss Uelzen,,1890_05_08_28_0.jpg,uelzen,1
Kreissonderhilfsausschuss Uelzen,,1887_10_26_16_0.jpg,uelzen,1
Kreissonderhilfsausschuss Uelzen,,1895_08_05_15_0.jpg,uelzen,1
Kreissonderhilfsausschuss Uelzen,94/Krs.Uelzen,1899_05_05_130_0.jpg,uelzen,1
Kreissonderhilfsausschuss Uelzen,,1892_05_08_8_0.jpg,uelzen,1
Kreissonderhilfsausschuss Uelzen,,1892_04_13_62_0.jpg,uelzen,1
Kreissonderhilfsausschuss Uelzen,,1902_08_01_93_0.jpg,uelzen,1
Kreissonderhilfsausschuss Vechta,Vechta,1889_08_01_9_0.jpg,vechta,1
Kreissonderhilfsausschuss Vechta,Vechta,1914_11_28_33_0.jpg,vechta,1
Kreissonderhilfsausschuss Verden,,1884_06_12_13_0.jpg,verden,1
Kreissonderhilfsausschuss Verden,,1884_06_12_14_0.jpg,verden,1
Kreissonderhilfsausschuss Verden,,1915_09_07_81_0.jpg,verden,1
Kreissonderhilfsausschuss Verden,Verden,1905_10_13_15_0.jpg,verden,1
Kreissonderhilfsausschuss Verden,,1906_08_15_131_0.jpg,verden,1
Kreissonderhilfsausschuss Verden,,1902_04_03_25_0.jpg,verden,1
Kreissonderhilfsausschuss Wartensleben-Salzgitter,,1903_03_01_125_0.jpg,salzgitter,1
Kreissonderhilfsausschuss Watenstedt-Salzgitter,,1915_10_28_5_0.jpg,salzgitter,1
Kreissonderhilfsausschuss Watenstedt-Salzgitter,,1893_11_04_27_0.jpg,salzgitter,1
Kreissonderhilfsausschuss Watenstedt-Salzgitter,,1890_07_08_43_0.jpg,salzgitter,1
Kreissonderhilfsausschuss Watenstedt-Salzgitter,,1899_03_15_83_0.jpg,salzgitter,1
Kreissonderhilfsausschuss Watenstedt-Salzgitter,,1896_03_05_111_0.jpg,salzgitter,1
Kreissonderhilfsausschuss Watenstedt-Salzgitter,Nr.146,1896_02_01_39_0.jpg,salzgitter,1
Kreissonderhilfsausschuss Watenstedt-Salzgitter,Watenstedt-Salzgitter,1904_06_29_18_0.jpg,salzgitter,1
Kreissonderhilfsausschuss Watenstedt-Salzgitter,,1906_10_31_39_0.jpg,salzgitter,1
Kreissonderhilfsausschuss Watenstedt-Salzgitter,,1901_09_09_44_0.jpg,salzgitter,1
Kreissonderhilfsausschuss Watenstedt-Salzgitter,Watenstedt-Salzgitter,1910_03_29_89_0.jpg,salzgitter,1
Kreissonderhilfsausschuss Watenstedt-Salzgitter,Watenstedt-Salzgitter,1913_09_27_20_0.jpg,salzgitter,1
Kreissonderhilfsausschuss Watenstedt-Salzgitter,,1902_07_12_85_0.jpg,salzgitter,1
Kreissonderhilfsausschuss Wilhelmshaven,,1891_11_26_30_0.jpg,wilhelmshaven,1
Kreissonderhilfsausschuss Wilhelmshaven,,1893_06_27_37_0.jpg,wilhelmshaven,1
Kreissonderhilfsausschuss Wilhelmshaven,,1905_01_09_94_0.jpg,wilhelmshaven,1
Kreissonderhilfsausschuss Wilhelmshaven,,1889_05_14_38_0.jpg,wilhelmshaven,1
Kreissonderhilfsausschuss Wilhelmshaven,,1897_11_17_24_0.jpg,wilhelmshaven,1
Kreissonderhilfsausschuss Wilhelmshaven,,1897_01_20_83_0.jpg,wilhelmshaven,1
Kreissonderhilfsausschuss Wilhelmshaven,,1883_04_16_5_0.jpg,wilhelmshaven,1
Kreissonderhilfsausschuss Wilhelmshaven,,1895_12_23_39_0.jpg,wilhelmshaven,1
Kreissonderhilfsausschuss Wilhelmshaven,,1880_03_29_18_0.jpg,wilhelmshaven,1
Kreissonderhilfsausschuss Wilhelmshaven,Mitscherlichstr. 16,1892_04_21_34_0.jpg,wilhelmshaven,1
Kreissonderhilfsausschuss Wilhelmshaven,Wilhelmshaven,1896_02_28_55_0.jpg,wilhelmshaven,1
Kreissonderhilfsausschuss Wilhelmshaven,Bay.Kartei,1904_10_05_4_0.jpg,wilhelmshaven,1
Kreissonderhilfsausschuss Wilhelmshaven,,1902_03_16_52_0.jpg,wilhelmshaven,1
Kreissonderhilfsausschuss Wilhelmshaven,,1909_07_11_20_0.jpg,wilhelmshaven,1
Kreissonderhilfsausschuss Winsen - Luhe,,1903_12_13_81_0.jpg,winsen,1
Kreissonderhilfsausschuss Winsen - Luhe,Z.P.A. 20,1877_12_25_29_0.jpg,winsen,1
Kreissonderhilfsausschuss Winsen - Luhe,,1906_01_24_30_0.jpg,winsen,1
Kreissonderhilfsausschuss Winsen - Luhe,,1901_09_25_89_0.jpg,winsen,1
Kreissonderhilfsausschuss Winsen - Luhe,,1901_10_07_50_0.jpg,winsen,1
Kreissonderhilfsausschuss Winsen - Luhe,,1898_01_20_9_0.jpg,winsen,1
Kreissonderhilfsausschuss Winsen / Luhe,,1912_10_26_37_0.jpg,winsen,1
Kreissonderhilfsausschuss Winsen-Luhe,,1888_09_06_10_0.jpg,winsen,1
Kreissonderhilfsausschuss Winsen-Luhe,,1886_10_12_11_0.jpg,winsen,1
Kreissonderhilfsausschuss Winsen-Luhe,,1898_09_17_63_0.jpg,winsen,1
Kreissonderhilfsausschuss Winsen/L.,,1884_02_25_35_0.jpg,winsen,1
Kreissonderhilfsausschuss Winsen/L.,,1894_02_06_24_0.jpg,winsen,1
Kreissonderhilfsausschuss Winsen/L.,MARXEN Nr. 47,1891_12_30_37_0.jpg,winsen,1
Kreissonderhilfsausschuss Winsen/L.,,1912_02_09_45_0.jpg,winsen,1
Kreissonderhilfsausschuss Winsen/Luhe,,1903_09_05_64_0.jpg,winsen,1
Kreissonderhilfsausschuss Winsen/Luhe,,1900_11_18_67_0.jpg,winsen,1
Kreissonderhilfsausschuss Winsen/Luhe,,1900_12_23_17_0.jpg,winsen,1
Kreissonderhilfsausschuss Winsen/Luhe,,1912_06_20_108_0.jpg,winsen,1
Kreissonderhilfsausschuss Winsen/Luhe,,1908_12_04_19_0.jpg,winsen,1
Kreissonderhilfsausschuss Winsen/Luhe,,1889_12_31_34_0.jpg,winsen,1
Kreissonderhilfsausschuss Winsen/Luhe,20,1889_11_07_38_0.jpg,winsen,1
Kreissonderhilfsausschuss Winsen/Luhe,,1889_05_26_3_0.jpg,winsen,1
Kreissonderhilfsausschuss Winsen/Luhe,,1923_07_03_57_0.jpg,winsen,1
Kreissonderhilfsausschuss Winsen/Luhe,,1883_06_01_24_0.jpg,winsen,1
Kreissonderhilfsausschuss Winsen/Luhe,,1888_11_10_17_0.jpg,winsen,1
Kreissonderhilfsausschuss Winsen/Luhe,,1904_12_03_103_0.jpg,winsen,1
Kreissonderhilfsausschuss Winsen/Luhe,10,1906_04_09_84_0.jpg,winsen,1
Kreissonderhilfsausschuss Winsen/Luhe,,1898_11_28_66_0.jpg,winsen,1
Kreissonderhilfsausschuss Winsen/Luhe,Ma rxen Nr.8,1898_08_15_76_0.jpg,winsen,1
Kreissonderhilfsausschuss Winsen/Luhe,11121913x,1913_12_11_99_0.jpg,winsen,1
Kreissonderhilfsausschuss Winsen/Luhe,Winsen/Luhe,1902_03_01_28_0.jpg,winsen,1
Kreissonderhilfsausschuss Winsen/Luhe,,1909_01_27_58_0.jpg,winsen,1
Kreissonderhilfsausschuss Wittmund,,1884_12_25_25_0.jpg,wittmund,1
Kreissonderhilfsausschuss Wittmund,Wittmund,1903_11_04_60_0.jpg,wittmund,1
Kreissonderhilfsausschuss Wittmund,Bayrische Kartei,1903_12_06_76_0.jpg,wittmund,1
Kreissonderhilfsausschuss Wittmund,,1894_09_06_68_0.jpg,wittmund,1
Kreissonderhilfsausschuss Wittmund,,1918_07_24_16_0.jpg,wittmund,1
Kreissonderhilfsausschuss Wittmund,,1893_05_23_14_0.jpg,wittmund,1
Kreissonderhilfsausschuss Wittmund,Neuschoo Nr. 192,1893_10_16_46_0.jpg,wittmund,1
Kreissonderhilfsausschuss Wittmund,,1905_06_24_21_0.jpg,wittmund,1
Kreissonderhilfsausschuss Wittmund,,1889_05_11_28_0.jpg,wittmund,1
Kreissonderhilfsausschuss Wittmund,Leerhafen Nr. 92,1883_04_21_13_0.jpg,wittmund,1
Kreissonderhilfsausschuss Wittmund,,1887_12_12_35_0.jpg,wittmund,1
Kreissonderhilfsausschuss Wittmund,Bay. Kartei,1892_04_02_37_0.jpg,wittmund,1
Kreissonderhilfsausschuss Wittmund,,1892_02_24_35_0.jpg,wittmund,1
Kreissonderhilfsausschuss Wittmund,,1892_06_27_22_0.jpg,wittmund,1
Kreissonderhilfsausschuss Wittmund,,1896_02_28_97_0.jpg,wittmund,1
Kreissonderhilfsausschuss Wittmund,,1904_02_02_46_0.jpg,wittmund,1
Kreissonderhilfsausschuss Wittmund,,1907_07_21_85_0.jpg,wittmund,1
Kreissonderhilfsausschuss Wittmund,,1907_04_09_23_0.jpg,wittmund,1
Kreissonderhilfsausschuss Wittmund,,1910_11_06_48_0.jpg,wittmund,1
Kreissonderhilfsausschuss Wittmund,,1910_04_22_17_0.jpg,wittmund,1
Kreissonderhilfsausschuss Wittmund,,1879_02_25_12_0.jpg,wittmund,1
Kreissonderhilfsausschuss Wittmund,,1879_02_04_14_0.jpg,wittmund,1
Kreissonderhilfsausschuss Wittmund,Wittmund,1909_01_29_48_0.jpg,wittmund,1
Kreissonderhilfsausschuss Wolfsburg,Wolfsburg,1914_10_04_72_0.jpg,wolfsburg,1
Kreissonderhilfsausschuss d. Landkreises Blankenburg (Brit. Zone),Braunlage,1885_12_18_34_0.jpg,blankenburg,1
Kreissonderhilfsausschuss d. Landkreises Blankenburg (Brit. Zone),Praunlage,1899_01_06_74_0.jpg,blankenburg,1
Kreissonderhilfsausschuss d. Landkreises Blankenburg (Brit. Zone),Braunlage,1904_11_12_106_0.jpg,blankenburg,1
Kreissonderhilfsausschuss d. Landkreises Blankenburg (Brit. Zone) Braunlage,,1919_05_08_61_0.jpg,"blankenburg, braunlage",2
Kreissonderhilfsausschuss der Stadt Salzburg,20,1907_05_20_76_0.jpg,salzburg,1
Kreissonderhilfsausschuss der Stadt Waiblingen,Kreissonderhilfsausschuss der Stadt Waiblingen,1899_10_02_36_0.jpg,waiblingen,1
Kreissonderhilfsausschuss der Stadt Waidensiedel-Salzgitter,Kreissonderhilfsausschuss der Stadt Waidensiedel-Salzgitter,1888_04_28_22_0.jpg,salzgitter,1
Kreissonderhilfsausschuss der Stadt Warendorf-Salzgitter,,1906_01_21_96_0.jpg,"salzgitter, warendorf",2
Kreissonderhilfsausschuss der Stadt Watenstedt Salzgitter,Kreissonderhilfsausschuss der Stadt Watenstedt Salzgitter,1905_03_10_119_0.jpg,salzgitter,1
Kreissonderhilfsausschuss der Stadt Watenstedt Salzgitter,,1887_11_03_17_0.jpg,salzgitter,1
Kreissonderhilfsausschuss der Stadt Würzburg,Kreissonderhilfsausschuss der Stadt Würzburg,1913_01_27_72_0.jpg,würzburg,1
"Kreissonderhilfsausschuss des Landkreises Gera, Schauburg",R 61864,1939_02_18_19_0.jpg,gera,1
Kreissonderhilfsausschuss des Landkreises Gera-Schweinfurt,,1893_02_18_29_0.jpg,"gera, schweinfurt",2
Kreissonderhilfsausschuss des Landkreises Glauchau Schauburg,,1884_04_05_29_0.jpg,glauchau,1
"Kreissonderhilfsausschuss des Landkreises Glauchau, Schauburg",,1875_10_10_14_0.jpg,glauchau,1
Kreissonderhilfsausschübe Springe,Springe,1893_10_07_16_0.jpg,springe,1
Kreissonderhilfsausschübe Winsen/Luhe,,1888_12_06_30_0.jpg,winsen,1
Kreissonderhilfsausschüf Burgdorf,,1898_04_19_73_0.jpg,burgdorf,1
Kreissonderhilfsausschüff Rotenburg,Alma,1907_07_21_59_0.jpg,rotenburg,1
Kreissonderhilfsausschüsse Wittmund,,1928_06_14_57_0.jpg,wittmund,1
Kreissonderhilfsausschüβ Salzgitter,,1903_09_19_37_0.jpg,salzgitter,1
Kreissonderhilfsausschüβ Springe,20,1907_08_11_89_0.jpg,springe,1
Kreissonderhilfssauschuss Diepholz,,1906_05_13_22_0.jpg,diepholz,1
Kreissonderhilfssausschuss Melle,Melle,1876_12_10_15_0.jpg,melle,1
Kreissonderhilfssausschuss der Stadt Wagenstedt Salzgitter,Unbekannt,1899_12_31_100_0.jpg,salzgitter,1
Kreissonderhilfssausschuss der Stadt Watenstedt Salzgitter,Kreissonderhilfssausschuss der Stadt Watenstedt Salzgitter,1920_09_13_57_0.jpg,salzgitter,1
Kreissonderhilfssausschuss der Stadt Watenstedt-Salzgitter,Z.P.A. 20,1909_11_16_113_0.jpg,salzgitter,1
Kreissonderhilfsschul Hameln-Pyrmont,,1913_09_20_11_0.jpg,hameln,1
Kreissonderhilfsschul Watenstedt-Salzgitter,,1891_07_07_50_0.jpg,salzgitter,1
Kreissonderhilfsschul Watenstedt-Salzgitter,,1898_08_19_7_0.jpg,salzgitter,1
Kreissonderhilfsschule Cloppenburg,,1880_05_16_23_0.jpg,cloppenburg,1
Kreissonderhilfsschule Fallingbostel,Fallingbostel,1903_01_24_29_0.jpg,fallingbostel,1
Kreissonderhilfsschule Gifhorn,,1901_02_03_29_0.jpg,gifhorn,1
Kreissonderhilfsschule Landkreis Osterholz,20,1907_12_15_43_0.jpg,osterholz,1
Kreissonderhilfsschule Nordhorn,,1907_01_11_103_0.jpg,nordhorn,1
Kreissonderhilfsschule Uelzen,Uelzen,1886_08_22_2_0.jpg,uelzen,1
Kreissonderhilfsschule Watenstedt-Salzgitter,1946,1912_07_17_70_0.jpg,salzgitter,1
Kreissonderhilfsschule Winsen/Luhe,,1890_03_19_12_0.jpg,winsen,1
Kreissonderhilfsschulung Nienburg,5760,1892_11_14_28_0.jpg,nienburg,1
Kreissonderhilfsschuss Alfeld/L.,03/044,1907_03_05_60_0.jpg,alfeld,1
Kreissonderhilfsschuss Nordhorn,,1900_01_08_67_0.jpg,nordhorn,1
Kreissonderhilfsschuss der Stadt Warendorf,,1906_11_17_99_0.jpg,warendorf,1
Kreissonderhilfsschübe Gifhorn,,1900_09_28_59_0.jpg,gifhorn,1
Kreissonderhilfsschübe Gifhorn,Gifhorn,1894_08_25_72_0.jpg,gifhorn,1
Kreissonderhilfsschübe Lingen,,1911_10_31_40_0.jpg,lingen,1
Kreissonderhilfsschübe Nordhausen,Norden,1878_02_18_16_0.jpg,nordhausen,1
Kreissonderhilfsschübe Nordheim,,1898_01_11_78_0.jpg,nordheim,1
Kreissonderhilfsschübe Salzgitter,,1888_10_02_35_0.jpg,salzgitter,1
Kreissonderhilfsschübe Salzgitter,32,1910_02_15_69_0.jpg,salzgitter,1
Kreissonderhilfsschübe Soltau,,1896_02_23_85_0.jpg,soltau,1
Kreissonderhilfsschübe Springe,,1887_12_05_14_0.jpg,springe,1
Kreissonderhilfsschübe Springe,Springe,1892_01_31_37_0.jpg,springe,1
Kreissonderhilfsschübe Uelzen,,1905_05_21_73_0.jpg,uelzen,1
Kreissonderhilfsschübe Uelzen,,1911_03_05_82_0.jpg,uelzen,1
Kreissonderhilfsschübe Uelzen,94,1899_05_05_128_0.jpg,uelzen,1
Kreissonderhilfsschübe Uelzen,,1901_12_25_67_0.jpg,uelzen,1
Kreissonderhilfsschübe Watensstedt-Salzgitter,,1887_10_11_22_0.jpg,salzgitter,1
Kreissonderhilfsschübe Watenstedt-Salzgitter,Watenstedt-Salzgitter,1905_07_20_61_0.jpg,salzgitter,1
Kreissonderhilfsschübe Watenstedt-Salzgitter,Watenstedt-Salzgitter,1909_07_12_43_0.jpg,salzgitter,1
Kreissonderhilfsschübe Wittmund,,1906_07_28_52_0.jpg,wittmund,1
Kreissonderhilfsschübe Wittmund,,1909_05_15_65_0.jpg,wittmund,1
Kreissonderhilfsschüf Einbeck,Einbeck,1882_02_27_5_0.jpg,einbeck,1
Kreissonderhilfsschüf Nordhorn,Bayerische Kartei,1902_05_30_49_0.jpg,nordhorn,1
Kreissonderhilfsschüfe Hamm,St. H. 1276 R,1894_09_11_41_0.jpg,hamm,1
Kreissonderhilfsschüfe Nordheim,,1883_05_11_16_0.jpg,nordheim,1
Kreissonderhilfsschüfe Stadt Hameln,,1888_03_07_48_0.jpg,hameln,1
Kreissonderhilfsschüfe Winsen/Luhe,Nr. 50,1894_02_15_59_0.jpg,winsen,1
Kreissonderhilfsschüfe Winsen/Luhe,,1886_08_31_25_0.jpg,winsen,1
Kreissonderhilfsschüfe Wittmund,Wittmund,1880_02_17_10_0.jpg,wittmund,1
Kreissonderhilfsschüle Emden,,1899_09_30_61_0.jpg,emden,1
Kreissonderhilfsschüle Gifhorn,,1900_10_23_58_0.jpg,gifhorn,1
Kreissonderhilfsschüle Norden,Norden,1894_12_20_97_0.jpg,norden,1
Kreissonderhilfsschüle Nordheim,,1897_03_22_36_0.jpg,nordheim,1
Kreissonderhilfsschüle Springe,SP MAG 4,1898_03_18_28_0.jpg,springe,1
Kreissonderhilfsschüle Watenstedt-Salzgitter,,1900_11_09_20_0.jpg,salzgitter,1
Kreissonderhilfsschüle Watnstedt-Salzgitter,Z.P.A. 20,1903_01_26_87_0.jpg,salzgitter,1
Kreissonderhilfsschüle Winsen/L.,,1892_06_28_27_0.jpg,winsen,1
Kreissonderhilfsschüle Wittmund,,1903_11_19_50_0.jpg,wittmund,1
Kreissonderhilfsschüle Wittmund,Neuschoo Nr. 192,1893_10_16_47_0.jpg,wittmund,1
Kreissonderhilfusschuss Winsen-Luhe,,1898_01_20_10_0.jpg,winsen,1
Kreissonderhilsausschüβ Salzgitter,1,1902_12_01_99_0.jpg,salzgitter,1
Kreissonderhlfasschub Emden,,1897_11_03_14_0.jpg,emden,1
Kreissonderhlfasschuf Alfeld/Leine,KS.Nr. 39,1899_08_13_11_0.jpg,alfeld,1
Kreissonderhlfasschuss Auerbach,,1874_09_18_2_0.jpg,auerbach,1
Kreissozialamt - Fürstenfeldbruck,4210,1893_08_18_22_0.jpg,fürstenfeldbruck,1
Kreissozialamt - Heilbronn,H 5717 N,1897_09_16_44_0.jpg,heilbronn,1
Kreissozialamt Alfeld/Leine,KS.Nr. 19,1900_06_04_77_0.jpg,alfeld,1
Kreissozialamt Alfeld/Leine,KS.Nr. 24,1912_10_28_78_0.jpg,alfeld,1
Kreissozialamt Alfeld/Leine,,1893_04_09_51_0.jpg,alfeld,1
Kreissozialamt Alfeld/Leine,Burgstetten Nr. 56,1889_08_22_2_0.jpg,alfeld,1
Kreissozialamt Alfeld/Leine,KS.Nr. 77,1881_06_27_19_0.jpg,alfeld,1
Kreissozialamt Alfeld/Leine,03/007 a,1897_07_25_33_0.jpg,alfeld,1
Kreissozialamt Alfeld/Leine,KS.Nr. 61,1897_08_05_25_0.jpg,alfeld,1
Kreissozialamt Alfeld/Leine,,1888_10_13_31_0.jpg,alfeld,1
Kreissozialamt Alfeld/Leine,KS. Nr. 23,1877_02_17_5_0.jpg,alfeld,1
Kreissozialamt Alfeld/Leine,KS.Nr. 42,1898_12_25_91_0.jpg,alfeld,1
Kreissozialamt Auerbach,Auerbach,1893_12_09_24_0.jpg,auerbach,1
Kreissozialamt Augsburg,22525,1903_03_25_155_0.jpg,augsburg,1
Kreissozialamt Augsburg,Augsburg,1890_11_23_28_0.jpg,augsburg,1
Kreissozialamt Augsburg,Aurid,1901_08_07_42_0.jpg,augsburg,1
Kreissozialamt Bamberg,H. 4735 M,1883_09_30_10_0.jpg,bamberg,1
Kreissozialamt Bamberg,5199,1880_08_21_13_0.jpg,bamberg,1
Kreissozialamt Bamberg,4133,1888_08_19_44_0.jpg,bamberg,1
Kreissozialamt Bersenbrück,,1903_11_12_100_0.jpg,bersenbrück,1
Kreissozialamt Blankenburg (Brit. Zone),,1922_01_01_245_0.jpg,blankenburg,1
Kreissozialamt Blankenburg (Brit. Zone),Braunlage,1889_06_07_38_0.jpg,blankenburg,1
Kreissozialamt Blankenburg (Brit. Zone),,1881_09_25_23_0.jpg,blankenburg,1
Kreissozialamt Blankenburg (Brit. Zone),,1897_06_05_5_0.jpg,blankenburg,1
Kreissozialamt Blankenburg (Brit. Zone),20,1937_06_17_43_0.jpg,blankenburg,1
Kreissozialamt Blankenburg (Brit. Zone),,1917_04_09_11_0.jpg,blankenburg,1
Kreissozialamt Blankenburg (Brit. Zone) Braunlage,,1904_08_13_8_0.jpg,"blankenburg, braunlage",2
Kreissozialamt Blankenburg (Brit. Zone) Braunslage,,1936_04_08_19_0.jpg,blankenburg,1
Kreissozialamt Blankenburg (Brit. Zone) d.Landkreises Braunlage,Bayerische Kartei,1912_02_06_83_0.jpg,"blankenburg, braunlage",2
Kreissozialamt Bremervörde,,1894_12_14_33_0.jpg,bremervörde,1
Kreissozialamt Bremervörde,1737,1878_01_21_18_0.jpg,bremervörde,1
Kreissozialamt Bremervörde,,1899_05_11_11_0.jpg,bremervörde,1
Kreissozialamt Bremervörde,,1898_07_24_78_0.jpg,bremervörde,1
Kreissozialamt Burgdorf,Burgdorf,1884_11_11_33_0.jpg,burgdorf,1
Kreissozialamt Burgdorf,,1884_10_13_14_0.jpg,burgdorf,1
Kreissozialamt Burgdorf,Burgdorf,1874_11_01_6_0.jpg,burgdorf,1
Kreissozialamt Burgdorf,Burgdorf,1900_01_25_44_0.jpg,burgdorf,1
Kreissozialamt Burgdorf,Burgdorf,1894_11_16_8_0.jpg,burgdorf,1
Kreissozialamt Burgdorf,,1894_02_24_14_0.jpg,burgdorf,1
Kreissozialamt Burgdorf,,1891_09_05_50_0.jpg,burgdorf,1
Kreissozialamt Burgdorf,,1891_12_10_7_0.jpg,burgdorf,1
Kreissozialamt Burgdorf,,1891_10_23_36_0.jpg,burgdorf,1
Kreissozialamt Burgdorf,Bayerische Kartei Burgdorf,1905_11_12_49_0.jpg,burgdorf,1
Kreissozialamt Burgdorf,,1889_08_23_32_0.jpg,burgdorf,1
Kreissozialamt Burgdorf,,1897_04_29_5_0.jpg,burgdorf,1
Kreissozialamt Burgdorf,,1870_12_28_1_0.jpg,burgdorf,1
Kreissozialamt Burgdorf,,1887_11_04_16_0.jpg,burgdorf,1
Kreissozialamt Burgdorf,,1895_04_25_12_0.jpg,burgdorf,1
Kreissozialamt Burgdorf,,1880_11_26_22_0.jpg,burgdorf,1
Kreissozialamt Burgdorf,,1888_06_16_52_0.jpg,burgdorf,1
Kreissozialamt Burgdorf,49,1888_01_01_11_0.jpg,burgdorf,1
Kreissozialamt Burgdorf,Burgdorf,1899_01_25_80_0.jpg,burgdorf,1
Kreissozialamt Burgdorf,,1886_01_27_33_0.jpg,burgdorf,1
Kreissozialamt Burgdorf,Burgdorf,1886_04_15_13_0.jpg,burgdorf,1
Kreissozialamt Burgdorf,,1886_08_09_12_0.jpg,burgdorf,1
Kreissozialamt Burgdorf,,1886_04_15_12_0.jpg,burgdorf,1
Kreissozialamt Burgdorf,Bayerische Kartei,1892_04_11_49_0.jpg,burgdorf,1
Kreissozialamt Burgdorf,Burgdorf,1896_01_06_36_0.jpg,burgdorf,1
Kreissozialamt Burgdorf,22.0kt.53,1904_03_31_87_0.jpg,burgdorf,1
Kreissozialamt Burgdorf,,1904_08_11_28_0.jpg,burgdorf,1
Kreissozialamt Burgdorf,,1907_06_01_26_0.jpg,burgdorf,1
Kreissozialamt Burgdorf,Burgdorf,1906_02_20_102_0.jpg,burgdorf,1
Kreissozialamt Burgdorf,,1901_02_27_88_0.jpg,burgdorf,1
Kreissozialamt Burgdorf,Burgdorf,1901_01_07_20_0.jpg,burgdorf,1
Kreissozialamt Burgdorf,Burgdorf,1898_04_19_74_0.jpg,burgdorf,1
Kreissozialamt Burgdorf,Burgdorf,1910_11_04_114_0.jpg,burgdorf,1
Kreissozialamt Burgdorf,,1931_01_05_49_0.jpg,burgdorf,1
Kreissozialamt Burgdorf,,1942_03_05_7_0.jpg,burgdorf,1
Kreissozialamt Burgdorf (Hann.),,1912_09_24_41_0.jpg,burgdorf,1
Kreissozialamt Burgdorf/Hann.,Bayerische Kartei,1900_04_28_40_0.jpg,burgdorf,1
Kreissozialamt Buxtehude,1460,1899_08_26_84_0.jpg,buxtehude,1
Kreissozialamt Cloppenburg,,1921_06_13_112_0.jpg,cloppenburg,1
Kreissozialamt Cloppenburg,,1891_03_13_54_0.jpg,cloppenburg,1
Kreissozialamt Cloppenburg,,1893_09_24_7_0.jpg,cloppenburg,1
Kreissozialamt Cloppenburg,,1889_09_09_13_0.jpg,cloppenburg,1
Kreissozialamt Cloppenburg,,1883_05_10_37_0.jpg,cloppenburg,1
Kreissozialamt Cloppenburg,Bay. Kartei,1895_06_04_38_0.jpg,cloppenburg,1
Kreissozialamt Cloppenburg,,1904_08_09_63_0.jpg,cloppenburg,1
Kreissozialamt Cuxhaven,,1875_10_17_4_0.jpg,cuxhaven,1
Kreissozialamt Cuxhaven,,1884_05_28_11_0.jpg,cuxhaven,1
Kreissozialamt Cuxhaven,,1884_12_07_19_0.jpg,cuxhaven,1
Kreissozialamt Cuxhaven,,1900_11_03_98_0.jpg,cuxhaven,1
Kreissozialamt Cuxhaven,,1900_09_11_58_0.jpg,cuxhaven,1
Kreissozialamt Cuxhaven,,1894_12_16_37_0.jpg,cuxhaven,1
Kreissozialamt Cuxhaven,,1920_06_09_85_0.jpg,cuxhaven,1
Kreissozialamt Cuxhaven,,1891_01_28_46_0.jpg,cuxhaven,1
Kreissozialamt Cuxhaven,,1908_11_10_32_0.jpg,cuxhaven,1
Kreissozialamt Cuxhaven,,1893_12_23_13_0.jpg,cuxhaven,1
Kreissozialamt Cuxhaven,,1893_12_23_14_0.jpg,cuxhaven,1
Kreissozialamt Cuxhaven,,1889_08_17_41_0.jpg,cuxhaven,1
Kreissozialamt Cuxhaven,,1878_11_28_6_0.jpg,cuxhaven,1
Kreissozialamt Cuxhaven,,1881_08_29_5_0.jpg,cuxhaven,1
Kreissozialamt Cuxhaven,,1881_08_17_19_0.jpg,cuxhaven,1
Kreissozialamt Cuxhaven,,1885_06_16_22_0.jpg,cuxhaven,1
Kreissozialamt Cuxhaven,1700,1897_01_03_61_0.jpg,cuxhaven,1
Kreissozialamt Cuxhaven,,1897_02_14_15_0.jpg,cuxhaven,1
Kreissozialamt Cuxhaven,,1895_12_13_30_0.jpg,cuxhaven,1
Kreissozialamt Cuxhaven,Cuxhaven,1892_12_11_63_0.jpg,cuxhaven,1
Kreissozialamt Cuxhaven,,1892_10_14_3_0.jpg,cuxhaven,1
Kreissozialamt Cuxhaven,,1896_02_06_74_0.jpg,cuxhaven,1
Kreissozialamt Cuxhaven,,1871_08_21_3_0.jpg,cuxhaven,1
Kreissozialamt Cuxhaven,1950,1901_02_26_25_0.jpg,cuxhaven,1
Kreissozialamt Cuxhaven,,1898_10_29_9_0.jpg,cuxhaven,1
Kreissozialamt Dannenberg,,1876_04_06_26_0.jpg,dannenberg,1
Kreissozialamt Diepholz,6064,1884_09_19_32_0.jpg,diepholz,1
Kreissozialamt Diepholz,,1891_10_28_22_0.jpg,diepholz,1
Kreissozialamt Diepholz,6111,1912_02_07_120_0.jpg,diepholz,1
Kreissozialamt Diepholz,D 6046 M,1893_12_20_69_0.jpg,diepholz,1
Kreissozialamt Diepholz,6016,1890_07_27_22_0.jpg,diepholz,1
Kreissozialamt Diepholz,D 6009 H,1887_08_26_22_0.jpg,diepholz,1
Kreissozialamt Diepholz,D. 6051 M,1899_06_13_59_0.jpg,diepholz,1
Kreissozialamt Diepholz,95,1896_08_21_10_0.jpg,diepholz,1
Kreissozialamt Diepholz,D 5961 E,1904_07_25_23_0.jpg,diepholz,1
Kreissozialamt Diepholz,D 6038 L,1904_08_03_45_0.jpg,diepholz,1
Kreissozialamt Diepholz,65,1904_07_25_24_0.jpg,diepholz,1
Kreissozialamt Diepholz,D.6080,1906_10_08_83_0.jpg,diepholz,1
Kreissozialamt Diepholz,D 63449,1906_12_05_47_0.jpg,diepholz,1
Kreissozialamt Diepholz,D 5986,1906_12_22_30_0.jpg,diepholz,1
Kreissozialamt Diepholz,D 0096 Sch,1898_10_04_69_0.jpg,diepholz,1
Kreissozialamt Diepholz,,1876_05_10_15_0.jpg,diepholz,1
Kreissozialamt Dortmund,6044,1918_07_06_51_0.jpg,dortmund,1
Kreissozialamt Duderstadt,,1884_08_31_8_0.jpg,duderstadt,1
Kreissozialamt Duderstadt,,1894_09_11_17_0.jpg,duderstadt,1
Kreissozialamt Duderstadt,,1894_09_04_22_0.jpg,duderstadt,1
Kreissozialamt Duderstadt,,1891_12_12_18_0.jpg,duderstadt,1
Kreissozialamt Duderstadt,,1926_09_27_16_0.jpg,duderstadt,1
Kreissozialamt Duderstadt,,1885_07_03_8_0.jpg,duderstadt,1
Kreissozialamt Duderstadt,Duderstadt,1885_08_09_20_0.jpg,duderstadt,1
Kreissozialamt Duderstadt,,1944_04_10_7_0.jpg,duderstadt,1
Kreissozialamt Duderstadt,,1887_10_09_19_0.jpg,duderstadt,1
Kreissozialamt Duderstadt,,1895_08_07_67_0.jpg,duderstadt,1
Kreissozialamt Duderstadt,,1925_03_21_71_0.jpg,duderstadt,1
Kreissozialamt Duderstadt,,1913_07_19_39_0.jpg,duderstadt,1
Kreissozialamt Duisburg,5139,1922_11_17_6_0.jpg,duisburg,1
Kreissozialamt Einbeck,Einbeck,1889_10_18_10_0.jpg,einbeck,1
Kreissozialamt Einbeck,,1897_11_01_10_0.jpg,einbeck,1
Kreissozialamt Einbeck,20,1890_10_23_17_0.jpg,einbeck,1
Kreissozialamt Einbeck,5,1910_05_15_36_0.jpg,einbeck,1
Kreissozialamt Einbeck,,1919_04_09_18_0.jpg,einbeck,1
Kreissozialamt Emden,,1884_10_29_19_0.jpg,emden,1
Kreissozialamt Emden,,1884_03_19_33_0.jpg,emden,1
Kreissozialamt Emden,1958,1903_04_28_90_0.jpg,emden,1
Kreissozialamt Emden,St,1900_02_20_116_0.jpg,emden,1
Kreissozialamt Emden,,1922_06_01_61_0.jpg,emden,1
Kreissozialamt Emden,,1894_04_29_6_0.jpg,emden,1
Kreissozialamt Emden,,1908_05_25_70_0.jpg,emden,1
Kreissozialamt Emden,,1905_02_04_93_0.jpg,emden,1
Kreissozialamt Emden,13.2. Emden,1885_03_04_18_0.jpg,emden,1
Kreissozialamt Emden,,1890_09_04_8_0.jpg,emden,1
Kreissozialamt Emden,,1887_03_10_46_0.jpg,emden,1
Kreissozialamt Emden,,1895_12_23_63_0.jpg,emden,1
Kreissozialamt Emden,TUV,1888_06_18_30_0.jpg,emden,1
Kreissozialamt Emden,18.2.1892,1892_02_28_57_0.jpg,emden,1
Kreissozialamt Emden,,1896_12_29_45_0.jpg,emden,1
Kreissozialamt Emden,,1896_06_26_43_0.jpg,emden,1
Kreissozialamt Emden,Emden,1904_09_13_45_0.jpg,emden,1
Kreissozialamt Emden,,1904_04_17_24_0.jpg,emden,1
Kreissozialamt Emden,Aurich,1907_06_30_44_0.jpg,emden,1
Kreissozialamt Emden,,1907_09_18_39_0.jpg,emden,1
Kreissozialamt Emden,Emden,1906_07_08_30_0.jpg,emden,1
Kreissozialamt Emden,,1879_03_05_9_0.jpg,emden,1
Kreissozialamt Fallingbostel,,1894_09_24_1_0.jpg,fallingbostel,1
Kreissozialamt Fallingbostel,Fallingbostel,1890_03_01_50_0.jpg,fallingbostel,1
Kreissozialamt Fürstenfeldbruck,6196,1886_07_08_50_0.jpg,fürstenfeldbruck,1
Kreissozialamt Fürstenfeldbruck,150,1892_02_04_51_0.jpg,fürstenfeldbruck,1
Kreissozialamt Fürstenfeldbruck,hardl. fürst,1896_01_09_59_0.jpg,fürstenfeldbruck,1
Kreissozialamt Fürstenfeldbruck,Fürstenfeldbruck,1904_12_23_55_0.jpg,fürstenfeldbruck,1
Kreissozialamt Fürstenfeldbruck,HP 3516K,1898_08_16_39_0.jpg,fürstenfeldbruck,1
Kreissozialamt Fürstenfeldbruck,Fürstenfeldbruck,1902_04_14_78_0.jpg,fürstenfeldbruck,1
Kreissozialamt Fürstenfeldbruck,Hannover Fürstenfeldbruck,1909_11_26_35_0.jpg,fürstenfeldbruck,1
Kreissozialamt Fürth,OKI 1947,1891_04_16_2_0.jpg,fürth,1
Kreissozialamt Fürth,Bayerische Kartei,1886_04_28_23_0.jpg,fürth,1
Kreissozialamt Fürth,B 3828 sch,1898_04_13_56_0.jpg,fürth,1
Kreissozialamt Gelsenkirchen,457,1898_05_20_144_0.jpg,gelsenkirchen,1
Kreissozialamt Gifhorn,,1875_07_29_9_0.jpg,gifhorn,1
Kreissozialamt Gifhorn,,1900_04_13_86_0.jpg,gifhorn,1
Kreissozialamt Gifhorn,Gifhorn,1900_10_23_57_0.jpg,gifhorn,1
Kreissozialamt Gifhorn,,1894_06_27_3_0.jpg,gifhorn,1
Kreissozialamt Gifhorn,,1894_08_17_34_0.jpg,gifhorn,1
Kreissozialamt Gifhorn,,1894_01_17_4_0.jpg,gifhorn,1
Kreissozialamt Gifhorn,,1920_06_03_110_0.jpg,gifhorn,1
Kreissozialamt Gifhorn,,1891_08_18_49_0.jpg,gifhorn,1
Kreissozialamt Gifhorn,,1891_01_15_101_0.jpg,gifhorn,1
Kreissozialamt Gifhorn,,1915_07_18_48_0.jpg,gifhorn,1
Kreissozialamt Gifhorn,Nr.12,1893_07_24_33_0.jpg,gifhorn,1
Kreissozialamt Gifhorn,,1881_12_05_9_0.jpg,gifhorn,1
Kreissozialamt Gifhorn,,1881_09_21_24_0.jpg,gifhorn,1
Kreissozialamt Gifhorn,64,1882_08_20_23_0.jpg,gifhorn,1
Kreissozialamt Gifhorn,,1923_01_31_95_0.jpg,gifhorn,1
Kreissozialamt Gifhorn,NBA M.4.50,1911_12_25_48_0.jpg,gifhorn,1
Kreissozialamt Gifhorn,,1883_02_19_13_0.jpg,gifhorn,1
Kreissozialamt Gifhorn,,1883_10_10_13_0.jpg,gifhorn,1
Kreissozialamt Gifhorn,,1895_06_13_37_0.jpg,gifhorn,1
Kreissozialamt Gifhorn,Gifhorn,1886_01_22_52_0.jpg,gifhorn,1
Kreissozialamt Gifhorn,Gifhorn,1886_07_22_38_0.jpg,gifhorn,1
Kreissozialamt Gifhorn,,1886_04_17_37_0.jpg,gifhorn,1
Kreissozialamt Gifhorn,17.1.3,1892_09_11_37_0.jpg,gifhorn,1
Kreissozialamt Gifhorn,Gifhorn,1892_10_06_26_0.jpg,gifhorn,1
Kreissozialamt Gifhorn,,1896_01_01_48_0.jpg,gifhorn,1
Kreissozialamt Gifhorn,Ehra Nr. 43,1904_02_22_92_0.jpg,gifhorn,1
Kreissozialamt Gifhorn,Gifhorn,1904_02_26_25_0.jpg,gifhorn,1
Kreissozialamt Gifhorn,43,1904_02_22_90_0.jpg,gifhorn,1
Kreissozialamt Gifhorn,43,1904_02_22_91_0.jpg,gifhorn,1
Kreissozialamt Gifhorn,,1907_01_24_26_0.jpg,gifhorn,1
Kreissozialamt Gifhorn,,1901_05_09_44_0.jpg,gifhorn,1
Kreissozialamt Gifhorn,33,1876_07_04_5_0.jpg,gifhorn,1
Kreissozialamt Gifhorn,,1879_04_02_16_0.jpg,gifhorn,1
Kreissozialamt Gifhorn,1949,1879_07_03_12_0.jpg,gifhorn,1
Kreissozialamt Grafenau,R. 3481 G,1895_08_07_26_0.jpg,grafenau,1
Kreissozialamt Grafschaft Goya,S 6655 B,1899_12_22_8_0.jpg,grafschaft,1
Kreissozialamt Griesheim,Kreissozialamt Griesheim,1892_09_05_23_0.jpg,griesheim,1
Kreissozialamt Göppingen,Syke,1899_12_22_7_0.jpg,göppingen,1
Kreissozialamt Görlitz,Syke,1893_03_08_27_0.jpg,görlitz,1
Kreissozialamt Görlitz,5568,1914_01_22_84_0.jpg,görlitz,1
Kreissozialamt Hagen,St.H. 3054/2781 B,1894_05_14_9_0.jpg,hagen,1
Kreissozialamt Haldensleben,4320,1896_05_18_28_0.jpg,haldensleben,1
Kreissozialamt Hameln,4243 B,1916_12_18_9_0.jpg,hameln,1
Kreissozialamt Hameln,4267,1891_10_07_14_0.jpg,hameln,1
Kreissozialamt Hameln,4362,1896_02_22_58_0.jpg,hameln,1
Kreissozialamt Hameln,4268,1896_08_07_20_0.jpg,hameln,1
Kreissozialamt Hameln,H.A. 4288 K,1907_07_31_61_0.jpg,hameln,1
Kreissozialamt Hameln,4080 G,1898_01_29_25_0.jpg,hameln,1
Kreissozialamt Hameln n-Pyrmont,HP 4808 U,1907_03_01_99_0.jpg,hameln,1
Kreissozialamt Hameln-Pyrm,4041,1886_08_23_22_0.jpg,hameln,1
Kreissozialamt Hameln-Pyrmont,4120 A,1900_12_02_2_0.jpg,hameln,1
Kreissozialamt Hameln-Pyrmont,HP 3980,1893_11_28_11_0.jpg,hameln,1
Kreissozialamt Hameln-Pyrmont,20,1905_04_23_20_0.jpg,hameln,1
Kreissozialamt Hameln-Pyrmont,R 6148,1924_08_02_24_0.jpg,hameln,1
Kreissozialamt Hameln-Pyrmont,,1885_07_21_53_0.jpg,hameln,1
Kreissozialamt Hameln-Pyrmont,HP 4186,1888_07_25_7_0.jpg,hameln,1
Kreissozialamt Hameln-Pyrmont,,1892_04_20_11_0.jpg,hameln,1
Kreissozialamt Hamm,1969 B,1875_01_27_2_0.jpg,hamm,1
Kreissozialamt Hamm,57.H 810 B,1903_07_27_8_0.jpg,hamm,1
Kreissozialamt Hamm,H.H. 1717,1900_03_05_101_0.jpg,hamm,1
Kreissozialamt Hamm,St.41.1738R,1894_08_02_67_0.jpg,hamm,1
Kreissozialamt Hamm,H-P. 3935 P,1894_07_16_44_0.jpg,hamm,1
Kreissozialamt Hamm,SIT. H 2196 H,1918_08_12_37_0.jpg,hamm,1
Kreissozialamt Hamm,H 4919 P,1912_12_23_123_0.jpg,hamm,1
Kreissozialamt Hamm,4823,1912_11_26_31_0.jpg,hamm,1
Kreissozialamt Hamm,H 5033 P,1908_12_17_81_0.jpg,hamm,1
Kreissozialamt Hamm,1188 B,1928_11_03_12_0.jpg,hamm,1
Kreissozialamt Hamm,SP4480K,1893_09_07_26_0.jpg,hamm,1
Kreissozialamt Hamm,STH 1993 H,1905_10_10_67_0.jpg,hamm,1
Kreissozialamt Hamm,H. 4910 K,1889_02_28_26_0.jpg,hamm,1
Kreissozialamt Hamm,81.1199,1889_01_27_9_0.jpg,hamm,1
Kreissozialamt Hamm,HA.4346 L,1889_04_08_37_0.jpg,hamm,1
Kreissozialamt Hamm,St.H. 656 V,1889_04_02_51_0.jpg,hamm,1
Kreissozialamt Hamm,4070,1878_11_04_11_0.jpg,hamm,1
Kreissozialamt Hamm,1894 B,1881_09_20_6_0.jpg,hamm,1
Kreissozialamt Hamm,ST.H.2981,1885_04_05_37_0.jpg,hamm,1
Kreissozialamt Hamm,St.H. 6730 R,1911_02_21_83_0.jpg,hamm,1
Kreissozialamt Hamm,St.K. 1555 R,1911_11_22_108_0.jpg,hamm,1
Kreissozialamt Hamm,H 57 12 H,1897_11_19_30_0.jpg,hamm,1
Kreissozialamt Hamm,58.H.12.79/444 K,1883_05_05_25_0.jpg,hamm,1
Kreissozialamt Hamm,1836 B,1890_10_04_12_0.jpg,hamm,1
Kreissozialamt Hamm,H.5223T,1895_11_02_69_0.jpg,hamm,1
Kreissozialamt Hamm,St.H.1504,1899_05_25_112_0.jpg,hamm,1
Kreissozialamt Hamm,2237 B,1866_08_18_1_0.jpg,hamm,1
Kreissozialamt Hamm,4007,1886_10_10_64_0.jpg,hamm,1
Kreissozialamt Hamm,4751,1904_07_02_29_0.jpg,hamm,1
Kreissozialamt Hamm,SIT 2464 A,1904_03_23_42_0.jpg,hamm,1
Kreissozialamt Hamm,SH 1432 R,1927_12_23_60_0.jpg,hamm,1
Kreissozialamt Hamm,5045,1925_06_15_74_0.jpg,hamm,1
Kreissozialamt Hamm,524 H 1436 F,1907_03_30_28_0.jpg,hamm,1
Kreissozialamt Hamm,S 1475 H,1901_05_08_37_0.jpg,hamm,1
Kreissozialamt Hamm,St.H.697L,1898_02_19_37_0.jpg,hamm,1
Kreissozialamt Hamm,St.H.1898,1898_08_30_67_0.jpg,hamm,1
Kreissozialamt Hamm,Stv. H 6792 / A,1910_12_17_2_0.jpg,hamm,1
Kreissozialamt Hamm,H 4905 P,1876_04_21_13_0.jpg,hamm,1
Kreissozialamt Hamm,5164,1902_04_10_55_0.jpg,hamm,1
Kreissozialamt Hamm,H 5715 N,1942_02_01_20_0.jpg,hamm,1
Kreissozialamt Hamm - Land,H4798L,1877_01_15_16_0.jpg,hamm,1
Kreissozialamt Hamm-Jüpem,H-P 4111L,1894_09_04_23_0.jpg,hamm,1
Kreissozialamt Hamm-Land,H. 4702 B,1894_12_18_12_0.jpg,hamm,1
Kreissozialamt Hamm-Land,H. 4703,1908_04_17_49_0.jpg,hamm,1
Kreissozialamt Hamm-Land,H. 4760,1897_10_18_27_0.jpg,hamm,1
Kreissozialamt Hamm-Land,4673 M,1890_10_19_39_0.jpg,hamm,1
Kreissozialamt Hamm-Land,H 4723 N,1887_03_09_32_0.jpg,hamm,1
Kreissozialamt Hamm-Land,H. 4748 G,1910_03_23_39_0.jpg,hamm,1
Kreissozialamt Hamm-Land,4970,1902_07_05_85_0.jpg,hamm,1
Kreissozialamt Hamm-Land,4979,1902_05_31_87_0.jpg,hamm,1
Kreissozialamt Hamm-Sürgm,4124,1906_08_03_100_0.jpg,hamm,1
Kreissozialamt Hammelburg,4079,1892_11_05_73_0.jpg,hammelburg,1
Kreissozialamt Harburg,Harburg-Pyrmont,1905_02_03_96_0.jpg,harburg,1
Kreissozialamt Harburg Land,4949,1878_03_17_22_0.jpg,harburg,1
Kreissozialamt Hoya,6394,1891_11_16_34_0.jpg,hoya,1
Kreissozialamt Hoya,,1908_06_30_11_0.jpg,hoya,1
Kreissozialamt Hoya,3245,1893_03_25_17_0.jpg,hoya,1
Kreissozialamt Hoya,5419,1895_06_28_28_0.jpg,hoya,1
Kreissozialamt Hoya,6395,1898_04_11_41_0.jpg,hoya,1
Kreissozialamt Hoyerswerda,5401,1886_07_08_35_0.jpg,hoyerswerda,1
Kreissozialamt Jena,D6331 P,1893_11_17_47_0.jpg,jena,1
Kreissozialamt Jever,Friesland,1890_06_12_30_0.jpg,jever,1
Kreissozialamt Jever,riesland,1895_07_18_72_0.jpg,jever,1
Kreissozialamt Jever,Friesland,1880_08_04_7_0.jpg,jever,1
Kreissozialamt Jever,Friesland,1910_02_28_59_0.jpg,jever,1
Kreissozialamt Jülich,4088,1900_10_02_23_0.jpg,jülich,1
Kreissozialamt Landkreis Grafschaft Bentheim,S 6432 H,1897_06_27_37_0.jpg,grafschaft,1
Kreissozialamt Landkreis Grafschaft Gotha,S 5448,1881_03_13_2_0.jpg,"gotha, grafschaft",2
Kreissozialamt Landkreis Grafschaft Goya,34,1900_12_29_75_0.jpg,grafschaft,1
Kreissozialamt Landkreis Grafschaft Goya,Syke,1897_01_21_36_0.jpg,grafschaft,1
Kreissozialamt Landkreis Grafschaft Goya,Syke,1899_02_07_97_0.jpg,grafschaft,1
Kreissozialamt Landkreis Grafschaft Goya,Syke,1886_01_25_25_0.jpg,grafschaft,1
Kreissozialamt Landkreis Grafschaft Hoy,Syke,1898_06_29_86_0.jpg,grafschaft,1
Kreissozialamt Landkreis Grafschaft Hoya,,1905_10_31_67_0.jpg,"grafschaft, hoya",2
Kreissozialamt Landkreis Grafschaft Hoya,KSXMAX,1887_12_26_5_0.jpg,"grafschaft, hoya",2
Kreissozialamt Landkreis Grafschaft Hoya,,1904_12_15_75_0.jpg,"grafschaft, hoya",2
Kreissozialamt Landkreis Grafschaft Hoya,Syke,1904_01_27_60_0.jpg,"grafschaft, hoya",2
Kreissozialamt Landkreis Grafschaft Lippe,Syke,1894_09_18_43_0.jpg,grafschaft,1
Kreissozialamt Landkreis Grafschaft Lippe,S 5566 R,1896_07_20_62_0.jpg,grafschaft,1
Kreissozialamt Landkreis Grafschaft Lippe,55468 L,1904_12_06_68_0.jpg,grafschaft,1
Kreissozialamt Landkreis Grafschaft Lippe,Syke,1909_03_02_4_0.jpg,grafschaft,1
Kreissozialamt Landkreis Grafschaft Lippe Syke,KSIA Reg.Pras.Hann.,1893_01_02_53_0.jpg,"grafschaft, syke",2
Kreissozialamt Landkreis Landshut,Otterndorf I.N.E,1876_06_20_11_0.jpg,landshut,1
Kreissozialamt Landkreis Osterholz,Landkreis Osterholz,1903_06_30_74_0.jpg,osterholz,1
Kreissozialamt Landkreis Osterholz,Landkreis Osterholz,1900_09_09_102_0.jpg,osterholz,1
Kreissozialamt Landkreis Osterholz,,1922_05_14_111_0.jpg,osterholz,1
Kreissozialamt Landkreis Osterholz,Osterholz,1895_08_26_4_0.jpg,osterholz,1
Kreissozialamt Landkreis Osterholz,20,1892_11_25_70_0.jpg,osterholz,1
Kreissozialamt Landkreis Osterholz,Landkreis Osterholz,1898_12_23_31_0.jpg,osterholz,1
Kreissozialamt Landkreis Uelzen,,1885_11_18_20_0.jpg,uelzen,1
Kreissozialamt Lingen,,1882_10_07_3_0.jpg,lingen,1
Kreissozialamt Lingen,3 450,1890_09_10_30_0.jpg,lingen,1
Kreissozialamt Lübeck,3390,1894_12_25_53_0.jpg,lübeck,1
Kreissozialamt Melle,,1903_07_30_78_0.jpg,melle,1
Kreissozialamt Melle,,1903_09_12_23_0.jpg,melle,1
Kreissozialamt Melle,,1921_06_16_21_0.jpg,melle,1
Kreissozialamt Melle,,1895_10_05_12_0.jpg,melle,1
Kreissozialamt Melle,Melle,1888_09_09_29_0.jpg,melle,1
Kreissozialamt Melle,,1899_01_06_50_0.jpg,melle,1
Kreissozialamt Melle,Melle,1913_12_01_106_0.jpg,melle,1
Kreissozialamt Meppen,,1903_04_02_26_0.jpg,meppen,1
Kreissozialamt Meppen,,1881_01_29_22_0.jpg,meppen,1
Kreissozialamt Meppen,,1883_09_15_24_0.jpg,meppen,1
Kreissozialamt Meppen,,1899_03_11_11_0.jpg,meppen,1
Kreissozialamt Mülheim,5745,1905_03_27_55_0.jpg,mülheim,1
Kreissozialamt Nienburg,5775 B,1894_01_04_12_0.jpg,nienburg,1
Kreissozialamt Nienburg,5877,1908_09_17_54_0.jpg,nienburg,1
Kreissozialamt Nienburg,5779,1908_06_09_79_0.jpg,nienburg,1
Kreissozialamt Nienburg,5791,1898_01_12_83_0.jpg,nienburg,1
Kreissozialamt Nienburg - Weser,N 5914 V,1911_02_13_104_0.jpg,nienburg,1
Kreissozialamt Nienburg - Weser,N 87178,1897_03_20_70_0.jpg,nienburg,1
Kreissozialamt Nienburg-Weser,16552,1874_05_02_7_0.jpg,nienburg,1
Kreissozialamt Nienburg-Weser,Nienburg-Weser,1900_05_29_82_0.jpg,nienburg,1
Kreissozialamt Nienburg-Weser,N/A,1893_05_21_51_0.jpg,nienburg,1
Kreissozialamt Nienburg-Weser,19550,1881_02_05_8_0.jpg,nienburg,1
Kreissozialamt Nienburg-Weser,,1897_02_26_19_0.jpg,nienburg,1
Kreissozialamt Nienburg-Weser,N 5882 L,1899_03_21_62_0.jpg,nienburg,1
Kreissozialamt Nienburg-Weser,Nienburg-Weser,1914_02_05_107_0.jpg,nienburg,1
Kreissozialamt Nordhausen,Nordhausen,1900_12_11_81_0.jpg,nordhausen,1
Kreissozialamt Nordhausen,Nordhausen,1918_03_17_31_0.jpg,nordhausen,1
Kreissozialamt Nordhausen,2830,1908_11_11_108_0.jpg,nordhausen,1
Kreissozialamt Nordhausen,,1905_12_18_108_0.jpg,nordhausen,1
Kreissozialamt Nordhausen,Sch,1889_11_13_29_0.jpg,nordhausen,1
Kreissozialamt Nordhausen,,1878_03_20_8_0.jpg,nordhausen,1
Kreissozialamt Nordhausen,,1878_09_08_5_0.jpg,nordhausen,1
Kreissozialamt Nordhausen,,1890_10_01_24_0.jpg,nordhausen,1
Kreissozialamt Nordhausen,,1890_12_12_72_0.jpg,nordhausen,1
Kreissozialamt Nordhausen,Norden,1929_12_03_8_0.jpg,nordhausen,1
Kreissozialamt Nordhausen,Aurich,1913_08_08_25_0.jpg,nordhausen,1
Kreissozialamt Nordhausen,N/A,1930_11_25_37_0.jpg,nordhausen,1
Kreissozialamt Nordheim,,1884_09_08_20_0.jpg,nordheim,1
Kreissozialamt Nordheim,Nordheim,1900_07_05_105_0.jpg,nordheim,1
Kreissozialamt Nordheim,,1920_07_08_13_0.jpg,nordheim,1
Kreissozialamt Nordheim,,1873_10_13_4_0.jpg,nordheim,1
Kreissozialamt Nordheim,,1891_11_24_3_0.jpg,nordheim,1
Kreissozialamt Nordheim,,1893_08_23_57_0.jpg,nordheim,1
Kreissozialamt Nordheim,,1893_12_16_38_0.jpg,nordheim,1
Kreissozialamt Nordheim,Nordheim,1889_11_13_28_0.jpg,nordheim,1
Kreissozialamt Nordheim,,1881_12_17_12_0.jpg,nordheim,1
Kreissozialamt Nordheim,,1890_04_20_12_0.jpg,nordheim,1
Kreissozialamt Nordheim,,1895_09_28_35_0.jpg,nordheim,1
Kreissozialamt Nordheim,,1899_02_17_6_0.jpg,nordheim,1
Kreissozialamt Nordheim,,1899_04_02_66_0.jpg,nordheim,1
Kreissozialamt Nordheim,,1914_10_23_54_0.jpg,nordheim,1
Kreissozialamt Nordheim,Bayrische Kartei,1914_05_10_183_0.jpg,nordheim,1
Kreissozialamt Nordheim,,1892_03_23_53_0.jpg,nordheim,1
Kreissozialamt Nordheim,,1892_10_10_9_0.jpg,nordheim,1
Kreissozialamt Nordheim,,1896_01_26_38_0.jpg,nordheim,1
Kreissozialamt Nordheim,Nordheim,1906_01_16_54_0.jpg,nordheim,1
Kreissozialamt Nordheim,,1901_02_11_39_0.jpg,nordheim,1
Kreissozialamt Nordheim,,1898_01_20_96_0.jpg,nordheim,1
Kreissozialamt Nordheim,,1898_09_14_22_0.jpg,nordheim,1
Kreissozialamt Nordheim,,1909_02_02_43_0.jpg,nordheim,1
Kreissozialamt Nordhorn,20,1900_10_11_4_0.jpg,nordhorn,1
Kreissozialamt Nordhorn,,1920_10_31_27_0.jpg,nordhorn,1
Kreissozialamt Nordhorn,114,1915_10_23_69_0.jpg,nordhorn,1
Kreissozialamt Nordhorn,,1889_01_30_2_0.jpg,nordhorn,1
Kreissozialamt Nordhorn,,1885_06_06_20_0.jpg,nordhorn,1
Kreissozialamt Nordhorn,,1869_05_17_3_0.jpg,nordhorn,1
Kreissozialamt Nordhorn,Nordhorn,1870_11_01_2_0.jpg,nordhorn,1
Kreissozialamt Nordhorn,333,1887_07_22_37_0.jpg,nordhorn,1
Kreissozialamt Nordhorn,,1887_11_06_4_0.jpg,nordhorn,1
Kreissozialamt Nordhorn,,1888_08_12_27_0.jpg,nordhorn,1
Kreissozialamt Nordhorn,,1888_06_18_23_0.jpg,nordhorn,1
Kreissozialamt Nordhorn,Norden,1929_12_03_9_0.jpg,nordhorn,1
Kreissozialamt Nordhorn,,1892_08_31_17_0.jpg,nordhorn,1
Kreissozialamt Nordhorn,,1901_08_04_2_0.jpg,nordhorn,1
Kreissozialamt Nordhorn,,1876_05_12_10_0.jpg,nordhorn,1
Kreissozialamt Nordhorn,,1913_01_24_77_0.jpg,nordhorn,1
Kreissozialamt Nordhorn,,1909_06_04_59_0.jpg,nordhorn,1
Kreissozialamt Northeim,,1893_10_07_39_0.jpg,northeim,1
Kreissozialamt Northeim,,1890_10_13_38_0.jpg,northeim,1
Kreissozialamt Northeim,29.10.49,1879_07_12_2_0.jpg,northeim,1
Kreissozialamt Nürnberg,H.4. 72482,1915_01_27_76_0.jpg,nürnberg,1
Kreissozialamt Nürnberg,5773,1897_02_25_80_0.jpg,nürnberg,1
Kreissozialamt Nürnberg,5805,1899_09_21_40_0.jpg,nürnberg,1
Kreissozialamt Nürnberg,N 5886 A,1896_12_10_3_0.jpg,nürnberg,1
Kreissozialamt Nürnberg,5905 B,1925_01_03_13_0.jpg,nürnberg,1
Kreissozialamt Nürnberg,4114,1907_05_17_37_0.jpg,nürnberg,1
Kreissozialamt Nürnberg,NE 6409 P,1906_06_02_83_0.jpg,nürnberg,1
Kreissozialamt Nürnberg,H. 5276 P,1898_06_09_46_0.jpg,nürnberg,1
Kreissozialamt Osterholz,1702,1920_06_21_81_0.jpg,osterholz,1
Kreissozialamt Osterholz,20,1895_12_25_87_0.jpg,osterholz,1
Kreissozialamt Osterholz,28.10.13,1913_10_28_89_0.jpg,osterholz,1
Kreissozialamt Rinteln,R 3572 504,1874_03_16_11_0.jpg,rinteln,1
Kreissozialamt Rinteln,20,1903_03_23_125_0.jpg,rinteln,1
Kreissozialamt Rinteln,,1900_10_01_110_0.jpg,rinteln,1
Kreissozialamt Rinteln,R 6272 K,1900_02_19_37_0.jpg,rinteln,1
Kreissozialamt Rinteln,R 6260 B,1908_01_17_12_0.jpg,rinteln,1
Kreissozialamt Rinteln,Rinteln,1893_10_17_12_0.jpg,rinteln,1
Kreissozialamt Rinteln,3503,1889_02_11_37_0.jpg,rinteln,1
Kreissozialamt Rinteln,,1889_02_11_38_0.jpg,rinteln,1
Kreissozialamt Rinteln,,1878_11_19_14_0.jpg,rinteln,1
Kreissozialamt Rinteln,Rinteln,1878_01_03_20_0.jpg,rinteln,1
Kreissozialamt Rinteln,R 3420 B 13,1885_04_19_5_0.jpg,rinteln,1
Kreissozialamt Rinteln,20,1944_08_07_10_0.jpg,rinteln,1
Kreissozialamt Rinteln,,1883_08_04_21_0.jpg,rinteln,1
Kreissozialamt Rinteln,,1883_05_31_5_0.jpg,rinteln,1
Kreissozialamt Rinteln,20,1887_02_24_52_0.jpg,rinteln,1
Kreissozialamt Rinteln,,1887_07_03_19_0.jpg,rinteln,1
Kreissozialamt Rinteln,,1887_01_16_14_0.jpg,rinteln,1
Kreissozialamt Rinteln,,1895_08_07_25_0.jpg,rinteln,1
Kreissozialamt Rinteln,,1899_05_19_18_0.jpg,rinteln,1
Kreissozialamt Rinteln,R 6737 T,1899_04_13_79_0.jpg,rinteln,1
Kreissozialamt Rinteln,,1899_01_10_133_0.jpg,rinteln,1
Kreissozialamt Rinteln,R 356754,1906_08_24_82_0.jpg,rinteln,1
Kreissozialamt Rinteln,,1901_03_27_97_0.jpg,rinteln,1
Kreissozialamt Rinteln,,1901_05_14_11_0.jpg,rinteln,1
Kreissozialamt Rinteln,Rinteln,1898_09_12_12_0.jpg,rinteln,1
Kreissozialamt Rinteln,,1898_02_20_113_0.jpg,rinteln,1
Kreissozialamt Rinteln,3521 K,1902_03_23_49_0.jpg,rinteln,1
Kreissozialamt Rinteln,R 3428 B 24,1902_01_30_12_0.jpg,rinteln,1
Kreissozialamt Rinteln,,1909_08_01_14_0.jpg,rinteln,1
Kreissozialamt Rotenburg/Hann.,62478/477a,1904_01_10_32_0.jpg,rotenburg,1
Kreissozialamt Rottenburg/H.,Bayerische Kartei,1892_03_09_14_0.jpg,rottenburg,1
Kreissozialamt Rottenburg/Hann,,1921_04_05_118_0.jpg,rottenburg,1
Kreissozialamt Rottenburg/Hann.,,1900_09_15_140_0.jpg,rottenburg,1
Kreissozialamt Rottenburg/Hann.,,1894_02_14_13_0.jpg,rottenburg,1
Kreissozialamt Rottenburg/Hann.,Rottenburg/Hann.,1940_09_17_13_0.jpg,rottenburg,1
Kreissozialamt Rottenburg/Hann.,,1877_12_09_13_0.jpg,rottenburg,1
Kreissozialamt Rottenburg/Hann.,,1910_10_31_4_0.jpg,rottenburg,1
Kreissozialamt Salzgitter,,1903_09_27_72_0.jpg,salzgitter,1
Kreissozialamt Salzgitter,Watenstedt-Salzgitter,1900_12_01_34_0.jpg,salzgitter,1
Kreissozialamt Salzgitter,Watenstedt-Salzgitter,1896_04_04_120_0.jpg,salzgitter,1
Kreissozialamt Schleswig,Schleswig,1899_11_28_2_0.jpg,schleswig,1
Kreissozialamt Schorndorf,6537,1908_07_25_68_0.jpg,schorndorf,1
Kreissozialamt Schorndorf,3510 J,1893_02_18_30_0.jpg,schorndorf,1
Kreissozialamt Schorndorf,R 35 11 K,1893_09_30_36_0.jpg,schorndorf,1
Kreissozialamt Schorndorf,R 3518 K,1886_05_03_25_0.jpg,schorndorf,1
Kreissozialamt Schorndorf,R 3513 K,1892_05_09_21_0.jpg,schorndorf,1
Kreissozialamt Schorndorf,R. 3434 B,1901_05_14_10_0.jpg,schorndorf,1
Kreissozialamt Soltau,8165/50 - II,1893_11_10_21_0.jpg,soltau,1
Kreissozialamt Soltau,,1882_11_06_16_0.jpg,soltau,1
Kreissozialamt Soltau,,1924_08_29_10_0.jpg,soltau,1
Kreissozialamt Soltau,32,1911_12_08_60_0.jpg,soltau,1
Kreissozialamt Soltau,,1897_05_06_25_0.jpg,soltau,1
Kreissozialamt Soltau,1050,1890_09_19_26_0.jpg,soltau,1
Kreissozialamt Soltau,Sd tau,1890_10_24_20_0.jpg,soltau,1
Kreissozialamt Soltau,,1888_09_15_53_0.jpg,soltau,1
Kreissozialamt Soltau,Soltau/Hann.,1886_01_13_22_0.jpg,soltau,1
Kreissozialamt Soltau,,1886_09_18_27_0.jpg,soltau,1
Kreissozialamt Soltau,,1892_09_13_30_0.jpg,soltau,1
Kreissozialamt Soltau,,1935_10_09_24_0.jpg,soltau,1
Kreissozialamt Soltau,11.XI.96,1896_11_11_61_0.jpg,soltau,1
Kreissozialamt Soltau,,1896_11_11_60_0.jpg,soltau,1
Kreissozialamt Soltau,8033/50-II,1925_06_05_74_0.jpg,soltau,1
Kreissozialamt Soltau,,1898_06_13_15_0.jpg,soltau,1
Kreissozialamt Soltau,,1898_08_10_5_0.jpg,soltau,1
Kreissozialamt Soltau,20,1917_01_30_26_0.jpg,soltau,1
Kreissozialamt Spree,SP 45283,1889_08_11_5_0.jpg,spree,1
Kreissozialamt Springe,4593,1900_04_22_17_0.jpg,springe,1
Kreissozialamt Springe,4477 L,1899_08_25_53_0.jpg,springe,1
Kreissozialamt Springe,Springe,1901_11_01_82_0.jpg,springe,1
Kreissozialamt Springe,SP. 4470 W,1898_02_25_102_0.jpg,springe,1
Kreissozialamt Stadt Hameln,,1884_11_06_11_0.jpg,hameln,1
Kreissozialamt Stadt Hameln,,1883_05_18_4_0.jpg,hameln,1
Kreissozialamt Stadt Hameln,20,1895_04_14_84_0.jpg,hameln,1
Kreissozialamt Stadt Hameln,HA 4391 R,1886_04_01_43_0.jpg,hameln,1
Kreissozialamt Stadt Hameln,,1896_02_27_67_0.jpg,hameln,1
Kreissozialamt Stadt Hameln,,1904_05_25_86_0.jpg,hameln,1
Kreissozialamt Stadt Hameln,,1901_05_13_86_0.jpg,hameln,1
Kreissozialamt Stadt Hameln,Z.P.A. 20,1902_02_17_40_0.jpg,hameln,1
Kreissozialamt Stadt Hameln,H.A. 4380 P,1917_03_30_47_0.jpg,hameln,1
Kreissozialamt Straubing,6515,1886_06_15_61_0.jpg,straubing,1
Kreissozialamt Syke,Syke,1875_11_26_8_0.jpg,syke,1
Kreissozialamt Syke,Landkreis Grafschaft Hoya,1884_07_13_16_0.jpg,syke,1
Kreissozialamt Syke,S 5403 D,1874_02_11_3_0.jpg,syke,1
Kreissozialamt Syke,S'562iU,1903_04_13_106_0.jpg,syke,1
Kreissozialamt Syke,Syke,1900_10_10_122_0.jpg,syke,1
Kreissozialamt Syke,S 5445 B,1894_06_07_12_0.jpg,syke,1
Kreissozialamt Syke,24,1908_04_12_102_0.jpg,syke,1
Kreissozialamt Syke,Syke Reg. Hannover,1908_06_30_12_0.jpg,syke,1
Kreissozialamt Syke,S 6392 F,1893_03_08_28_0.jpg,syke,1
Kreissozialamt Syke,Syke,1889_02_05_53_0.jpg,syke,1
Kreissozialamt Syke,Syke,1881_03_13_4_0.jpg,syke,1
Kreissozialamt Syke,verstorben am 29.8.50,1897_01_21_35_0.jpg,syke,1
Kreissozialamt Syke,Syke,1883_12_19_20_0.jpg,syke,1
Kreissozialamt Syke,20,1887_10_08_16_0.jpg,syke,1
Kreissozialamt Syke,34,1895_06_27_62_0.jpg,syke,1
Kreissozialamt Syke,,1895_12_17_47_0.jpg,syke,1
Kreissozialamt Syke,S 56 12 4,1886_01_15_69_0.jpg,syke,1
Kreissozialamt Syke,Bayrische Kartei,1886_09_25_35_0.jpg,syke,1
Kreissozialamt Syke,S 54 M Sch,1886_09_25_37_0.jpg,syke,1
Kreissozialamt Syke,Landkreis Grafschaft Goya,1914_10_01_33_0.jpg,syke,1
Kreissozialamt Syke,S 5586 Sch,1892_10_29_54_0.jpg,syke,1
Kreissozialamt Syke,Syke,1896_02_03_26_0.jpg,syke,1
Kreissozialamt Syke,S 8404 F,1896_02_03_25_0.jpg,syke,1
Kreissozialamt Syke,41,1904_04_10_61_0.jpg,syke,1
Kreissozialamt Syke,S 54074,1904_01_27_61_0.jpg,syke,1
Kreissozialamt Syke,287,1907_02_21_32_0.jpg,syke,1
Kreissozialamt Syke,Landkreis Grafschaft Schaumburg,1901_02_11_53_0.jpg,syke,1
Kreissozialamt Syke,,1902_04_29_92_0.jpg,syke,1
Kreissozialamt Syke,20.10.48,1909_09_20_11_0.jpg,syke,1
Kreissozialamt Uelzen,,1884_01_08_1_0.jpg,uelzen,1
Kreissozialamt Uelzen,20,1900_05_30_75_0.jpg,uelzen,1
Kreissozialamt Uelzen,,1894_07_03_86_0.jpg,uelzen,1
Kreissozialamt Uelzen,Ergänzung Bayerische Kartei,1894_07_03_85_0.jpg,uelzen,1
Kreissozialamt Uelzen,20,1891_04_12_8_0.jpg,uelzen,1
Kreissozialamt Uelzen,,1893_02_09_30_0.jpg,uelzen,1
Kreissozialamt Uelzen,Uelzen,1905_02_25_128_0.jpg,uelzen,1
Kreissozialamt Uelzen,Uelzen,1889_01_20_7_0.jpg,uelzen,1
Kreissozialamt Uelzen,Uelzen,1881_08_13_5_0.jpg,uelzen,1
Kreissozialamt Uelzen,,1897_02_20_68_0.jpg,uelzen,1
Kreissozialamt Uelzen,,1897_09_19_13_0.jpg,uelzen,1
Kreissozialamt Uelzen,Bayerische Kartei,1883_02_06_23_0.jpg,uelzen,1
Kreissozialamt Uelzen,,1887_11_06_20_0.jpg,uelzen,1
Kreissozialamt Uelzen,,1888_07_25_40_0.jpg,uelzen,1
Kreissozialamt Uelzen,,1888_10_05_30_0.jpg,uelzen,1
Kreissozialamt Uelzen,,1888_08_27_23_0.jpg,uelzen,1
Kreissozialamt Uelzen,,1899_09_15_90_0.jpg,uelzen,1
Kreissozialamt Uelzen,Uelzen,1872_10_11_6_0.jpg,uelzen,1
Kreissozialamt Uelzen,,1886_04_21_15_0.jpg,uelzen,1
Kreissozialamt Uelzen,Uelzen 01,1904_04_10_150_0.jpg,uelzen,1
Kreissozialamt Uelzen,,1907_12_30_63_0.jpg,uelzen,1
Kreissozialamt Uelzen,,1906_09_06_51_0.jpg,uelzen,1
Kreissozialamt Uelzen,,1919_12_04_66_0.jpg,uelzen,1
Kreissozialamt Uelzen,,1902_03_15_202_0.jpg,uelzen,1
Kreissozialamt Ulm,,1908_09_30_71_0.jpg,ulm,1
Kreissozialamt Ulm,,1888_08_15_72_0.jpg,ulm,1
Kreissozialamt Verden,Verden,1934_03_29_41_0.jpg,verden,1
Kreissozialamt Verden,,1906_11_22_104_0.jpg,verden,1
Kreissozialamt Watenstedt-Salzgitter,,1916_10_26_35_0.jpg,salzgitter,1
Kreissozialamt Watenstedt-Salzgitter,49,1903_04_09_79_0.jpg,salzgitter,1
Kreissozialamt Watenstedt-Salzgitter,,1900_08_13_60_0.jpg,salzgitter,1
Kreissozialamt Watenstedt-Salzgitter,,1900_06_12_47_0.jpg,salzgitter,1
Kreissozialamt Watenstedt-Salzgitter,Watenstedt-Salzgitter,1900_04_28_28_0.jpg,salzgitter,1
Kreissozialamt Watenstedt-Salzgitter,Watenstedt-Salzgitter,1900_11_30_45_0.jpg,salzgitter,1
Kreissozialamt Watenstedt-Salzgitter,Watenstedt-Salzgitter,1900_01_04_72_0.jpg,salzgitter,1
Kreissozialamt Watenstedt-Salzgitter,Nr. 14,1922_02_26_115_0.jpg,salzgitter,1
Kreissozialamt Watenstedt-Salzgitter,Watenstedt-Salzgitter,1894_10_23_2_0.jpg,salzgitter,1
Kreissozialamt Watenstedt-Salzgitter,Watenstedt-Salzgitter,1894_08_12_28_0.jpg,salzgitter,1
Kreissozialamt Watenstedt-Salzgitter,,1891_04_01_27_0.jpg,salzgitter,1
Kreissozialamt Watenstedt-Salzgitter,,1891_04_01_26_0.jpg,salzgitter,1
Kreissozialamt Watenstedt-Salzgitter,,1891_03_03_8_0.jpg,salzgitter,1
Kreissozialamt Watenstedt-Salzgitter,,1912_05_13_93_0.jpg,salzgitter,1
Kreissozialamt Watenstedt-Salzgitter,,1908_04_28_81_0.jpg,salzgitter,1
Kreissozialamt Watenstedt-Salzgitter,,1908_02_18_6_0.jpg,salzgitter,1
Kreissozialamt Watenstedt-Salzgitter,,1893_01_14_28_0.jpg,salzgitter,1
Kreissozialamt Watenstedt-Salzgitter,20,1905_09_16_62_0.jpg,salzgitter,1
Kreissozialamt Watenstedt-Salzgitter,27,1905_04_13_66_0.jpg,salzgitter,1
Kreissozialamt Watenstedt-Salzgitter,,1905_12_04_44_0.jpg,salzgitter,1
Kreissozialamt Watenstedt-Salzgitter,,1881_10_26_36_0.jpg,salzgitter,1
Kreissozialamt Watenstedt-Salzgitter,,1885_04_01_23_0.jpg,salzgitter,1
Kreissozialamt Watenstedt-Salzgitter,,1911_09_16_47_0.jpg,salzgitter,1
Kreissozialamt Watenstedt-Salzgitter,,1897_07_23_42_0.jpg,salzgitter,1
Kreissozialamt Watenstedt-Salzgitter,Watenstedt-Salzgitter,1897_10_16_78_0.jpg,salzgitter,1
Kreissozialamt Watenstedt-Salzgitter,Doppelmeldung,1883_03_16_7_0.jpg,salzgitter,1
Kreissozialamt Watenstedt-Salzgitter,20,1890_07_19_39_0.jpg,salzgitter,1
Kreissozialamt Watenstedt-Salzgitter,Watenstedt-Salzgitter,1887_11_10_61_0.jpg,salzgitter,1
Kreissozialamt Watenstedt-Salzgitter,,1887_08_05_1_0.jpg,salzgitter,1
Kreissozialamt Watenstedt-Salzgitter,7534,1887_11_23_57_0.jpg,salzgitter,1
Kreissozialamt Watenstedt-Salzgitter,,1895_03_10_59_0.jpg,salzgitter,1
Kreissozialamt Watenstedt-Salzgitter,14,1895_09_02_78_0.jpg,salzgitter,1
Kreissozialamt Watenstedt-Salzgitter,Watenstedt-Salzgitter,1888_10_20_38_0.jpg,salzgitter,1
Kreissozialamt Watenstedt-Salzgitter,,1899_10_29_76_0.jpg,salzgitter,1
Kreissozialamt Watenstedt-Salzgitter,,1914_09_02_48_0.jpg,salzgitter,1
Kreissozialamt Watenstedt-Salzgitter,,1914_04_18_123_0.jpg,salzgitter,1
Kreissozialamt Watenstedt-Salzgitter,Watenstedt-Salzgitter,1914_04_03_11_0.jpg,salzgitter,1
Kreissozialamt Watenstedt-Salzgitter,Watenstedt-Salzgitter,1892_09_23_78_0.jpg,salzgitter,1
Kreissozialamt Watenstedt-Salzgitter,,1892_04_26_22_0.jpg,salzgitter,1
Kreissozialamt Watenstedt-Salzgitter,,1896_12_10_11_0.jpg,salzgitter,1
Kreissozialamt Watenstedt-Salzgitter,Watenstedt-Salzgitter,1904_07_24_56_0.jpg,salzgitter,1
Kreissozialamt Watenstedt-Salzgitter,,1904_10_28_55_0.jpg,salzgitter,1
Kreissozialamt Watenstedt-Salzgitter,,1904_11_29_17_0.jpg,salzgitter,1
Kreissozialamt Watenstedt-Salzgitter,Watenstedt-Salzgitter,1904_11_01_27_0.jpg,salzgitter,1
Kreissozialamt Watenstedt-Salzgitter,,1907_09_22_71_0.jpg,salzgitter,1
Kreissozialamt Watenstedt-Salzgitter,Z.P.A. 20,1906_03_28_121_0.jpg,salzgitter,1
Kreissozialamt Watenstedt-Salzgitter,,1901_06_27_33_0.jpg,salzgitter,1
Kreissozialamt Watenstedt-Salzgitter,Watenstedt-Salzgitter,1901_12_22_97_0.jpg,salzgitter,1
Kreissozialamt Watenstedt-Salzgitter,20,1901_10_11_28_0.jpg,salzgitter,1
Kreissozialamt Watenstedt-Salzgitter,Watenstedt-Salzgitter,1901_11_14_54_0.jpg,salzgitter,1
Kreissozialamt Watenstedt-Salzgitter,Z.P.A. 20,1901_11_08_83_0.jpg,salzgitter,1
Kreissozialamt Watenstedt-Salzgitter,,1901_12_16_31_0.jpg,salzgitter,1
Kreissozialamt Watenstedt-Salzgitter,,1901_04_20_64_0.jpg,salzgitter,1
Kreissozialamt Watenstedt-Salzgitter,,1898_09_08_20_0.jpg,salzgitter,1
Kreissozialamt Watenstedt-Salzgitter,Watenstedt-Salzgitter,1902_06_20_102_0.jpg,salzgitter,1
Kreissozialamt Wattenstedt-Salzgitter,,1879_06_05_13_0.jpg,salzgitter,1
Kreissozialamt Wieden,Wieden,1903_08_26_61_0.jpg,wieden,1
Kreissozialamt Wilhelmshaven,,1903_03_15_152_0.jpg,wilhelmshaven,1
Kreissozialamt Wilhelmshaven,Wilhelmshaven,1900_02_15_18_0.jpg,wilhelmshaven,1
Kreissozialamt Wilhelmshaven,,1900_06_14_22_0.jpg,wilhelmshaven,1
Kreissozialamt Wilhelmshaven,,1894_05_05_13_0.jpg,wilhelmshaven,1
Kreissozialamt Wilhelmshaven,,1891_10_13_5_0.jpg,wilhelmshaven,1
Kreissozialamt Wilhelmshaven,,1891_05_24_7_0.jpg,wilhelmshaven,1
Kreissozialamt Wilhelmshaven,,1891_08_08_61_0.jpg,wilhelmshaven,1
Kreissozialamt Wilhelmshaven,,1889_03_05_8_0.jpg,wilhelmshaven,1
Kreissozialamt Wilhelmshaven,,1923_01_04_86_0.jpg,wilhelmshaven,1
Kreissozialamt Wilhelmshaven,,1897_09_11_30_0.jpg,wilhelmshaven,1
Kreissozialamt Wilhelmshaven,,1948_01_07_4_0.jpg,wilhelmshaven,1
Kreissozialamt Wilhelmshaven,,1895_11_19_64_0.jpg,wilhelmshaven,1
Kreissozialamt Wilhelmshaven,Gravacher,1880_12_05_29_0.jpg,wilhelmshaven,1
Kreissozialamt Wilhelmshaven,,1888_08_07_12_0.jpg,wilhelmshaven,1
Kreissozialamt Wilhelmshaven,,1886_01_14_9_0.jpg,wilhelmshaven,1
Kreissozialamt Wilhelmshaven,,1892_12_01_27_0.jpg,wilhelmshaven,1
Kreissozialamt Wilhelmshaven,,1877_01_03_2_0.jpg,wilhelmshaven,1
Kreissozialamt Wilhelmshaven,,1927_02_09_12_0.jpg,wilhelmshaven,1
Kreissozialamt Wilhelmshaven,,1901_04_11_7_0.jpg,wilhelmshaven,1
Kreissozialamt Wilhelmshaven,,1898_10_31_28_0.jpg,wilhelmshaven,1
Kreissozialamt Wilhelmshaven,,1910_03_11_92_0.jpg,wilhelmshaven,1
Kreissozialamt Wilhelmshaven,,1910_04_21_29_0.jpg,wilhelmshaven,1
Kreissozialamt Wilhelmshaven,,1879_02_13_23_0.jpg,wilhelmshaven,1
Kreissozialamt Wilhelmshaven,,1902_02_19_13_0.jpg,wilhelmshaven,1
Kreissozialamt Wilhelmshaven,,1917_04_30_67_0.jpg,wilhelmshaven,1
Kreissozialamt Winsen - Luhe,Z.P.A. 20,1892_09_17_9_0.jpg,winsen,1
Kreissozialamt Winsen-L.,,1890_03_31_31_0.jpg,winsen,1
Kreissozialamt Winsen-Luhe,20,1900_02_25_42_0.jpg,winsen,1
Kreissozialamt Winsen-Luhe,Winsen-Luhe,1894_12_10_36_0.jpg,winsen,1
Kreissozialamt Winsen-Luhe,BZK 1000,1894_01_14_30_0.jpg,winsen,1
Kreissozialamt Winsen-Luhe,,1881_05_20_12_0.jpg,winsen,1
Kreissozialamt Winsen-Luhe,,1883_08_01_12_0.jpg,winsen,1
Kreissozialamt Winsen-Luhe,,1937_03_06_19_0.jpg,winsen,1
Kreissozialamt Winsen-Luhe,Winsen-Luhe,1906_01_24_33_0.jpg,winsen,1
Kreissozialamt Winsen-Luhe,,1902_08_24_48_0.jpg,winsen,1
Kreissozialamt Winsen-Luhe,Winsen-Luhe,1902_03_01_27_0.jpg,winsen,1
Kreissozialamt Winsen/L.,,1889_11_11_26_0.jpg,winsen,1
Kreissozialamt Winsen/L.,,1882_05_13_13_0.jpg,winsen,1
Kreissozialamt Winsen/Luhe,,1903_08_24_58_0.jpg,winsen,1
Kreissozialamt Winsen/Luhe,47,1891_12_30_35_0.jpg,winsen,1
Kreissozialamt Winsen/Luhe,Winsen/Luhe,1912_10_27_32_0.jpg,winsen,1
Kreissozialamt Winsen/Luhe,Bayerische Kartei,1908_11_02_14_0.jpg,winsen,1
Kreissozialamt Winsen/Luhe,,1905_03_08_101_0.jpg,winsen,1
Kreissozialamt Winsen/Luhe,Winsen-Luhe,1897_04_18_10_0.jpg,winsen,1
Kreissozialamt Winsen/Luhe,12.4.1948,1888_11_26_45_0.jpg,winsen,1
Kreissozialamt Winsen/Luhe,,1888_10_24_27_0.jpg,winsen,1
Kreissozialamt Winsen/Luhe,Winsen/Luhe,1886_02_19_53_0.jpg,winsen,1
Kreissozialamt Winsen/Luhe,,1898_07_28_53_0.jpg,winsen,1
Kreissozialamt Winsen/Luhe,,1910_10_16_72_0.jpg,winsen,1
Kreissozialamt Winsen/Luhe,,1942_04_06_14_0.jpg,winsen,1
Kreissozialamt Witten,,1902_03_01_4_0.jpg,witten,1
Kreissozialamt Wittmund,,1884_12_25_26_0.jpg,wittmund,1
Kreissozialamt Wittmund,Wittmund,1900_07_02_30_0.jpg,wittmund,1
Kreissozialamt Wittmund,,1891_02_15_6_0.jpg,wittmund,1
Kreissozialamt Wittmund,,1883_08_09_9_0.jpg,wittmund,1
Kreissozialamt Wittmund,Wittmund,1895_05_13_17_0.jpg,wittmund,1
Kreissozialamt Wittmund,,1913_09_07_17_0.jpg,wittmund,1
Kreissozialamt Wittmund,Bayerische Kartei,1879_03_22_16_0.jpg,wittmund,1
Kreissozialamt Wittmund,23,1917_02_03_51_0.jpg,wittmund,1
Kreissozialamt Wolfenbüttel,Wolfenbüttel,1894_06_25_22_0.jpg,wolfenbüttel,1
Kreissozialamt Wolfenbüttel,,1908_07_08_68_0.jpg,wolfenbüttel,1
Kreissozialamt Wolfenbüttel,,1888_02_19_53_0.jpg,wolfenbüttel,1
Kreissozialamt Wolfenbüttel,Bay. Kartei,1906_11_17_100_0.jpg,wolfenbüttel,1
Kreissozialamt Wolfenbüttel,,1919_03_16_51_0.jpg,wolfenbüttel,1
Kreissozialamt Wolfratshausen,Wolfratshausen,1904_01_04_151_0.jpg,wolfratshausen,1
Kreissozialamt Wolfsburg,Bayrische Kartei,1933_06_08_15_0.jpg,wolfsburg,1
Kreissozialamt Wolfsburg,Wolfsburg,1920_06_07_48_0.jpg,wolfsburg,1
Kreissozialamt Wolfsburg,20.2.1946,1873_12_07_19_0.jpg,wolfsburg,1
Kreissozialamt Wolfsburg,Wolfsburg,1905_12_28_125_0.jpg,wolfsburg,1
Kreissozialamt Wolfsburg,450,1889_02_14_22_0.jpg,wolfsburg,1
Kreissozialamt Wolfsburg,20,1890_08_27_7_0.jpg,wolfsburg,1
Kreissozialamt Wolfsburg,,1896_05_05_17_0.jpg,wolfsburg,1
Kreissozialamt Wolfsburg,,1904_11_04_111_0.jpg,wolfsburg,1
Kreissozialamt Wolfsburg,Wolfsburg,1927_01_28_33_0.jpg,wolfsburg,1
Kreissozialamt Wolfsburg,,1907_03_23_92_0.jpg,wolfsburg,1
Kreissozialamt Wolfsburg,Bayerische Kartei,1901_09_02_69_0.jpg,wolfsburg,1
Kreissozialamt Wolfsburg,B108,1901_04_17_6_0.jpg,wolfsburg,1
Kreissozialamt Wolfsburg,Wolfsburg,1902_05_07_18_0.jpg,wolfsburg,1
Kreissozialamt Wolfsburg,Wolfsburg,1902_12_12_72_0.jpg,wolfsburg,1
Kreissozialamt Wolfsburg,,1942_08_05_11_0.jpg,wolfsburg,1
Kreissozialamt Worms,H 4738 L,1890_04_10_43_0.jpg,worms,1
Kreissozialamt Wuttenstein-Salzgitter,Wuttenstein-Salzgitter,1896_10_16_67_0.jpg,salzgitter,1
Kreissozialamt Würzburg,D6047L,1895_03_10_74_0.jpg,würzburg,1
Kreissozialamt Zell,,1893_08_05_71_0.jpg,zell,1
Kreissozialamt Zell,,1886_02_17_48_0.jpg,zell,1
Kreissozialamt Zell,Zell,1886_08_19_14_0.jpg,zell,1
Kreissozialamt Zell,Zell 332,1901_08_26_45_0.jpg,zell,1
Kreissozialamt Zell,Z.P.A. 20,1902_08_05_67_0.jpg,zell,1
Kreissozialamt d. Landkreises Blankenburg (Brit. Zone),Braunlage,1885_09_02_7_0.jpg,blankenburg,1
Kreissozialamt d. Landkreises Blankenburg (Brit. Zone),Braunlage,1877_03_09_7_0.jpg,blankenburg,1
Kreissozialamt d. Landkreises Flensburg (Brit. Zone),,1925_02_13_50_0.jpg,flensburg,1
Kreissozialamt d. Landkreises Plauen (Brit. Zone),Braunlage,1885_08_09_27_0.jpg,plauen,1
Kreissozialamt der Stadt Warendorf-Schöppingen,Kreissonderhilfsschuss der Stadt Warendorf-Schöppingen,1913_10_07_73_0.jpg,"schöppingen, warendorf",2
Kreissozialamt des Landkreises Blankenburg (Br.),Braunlage,1895_05_08_4_0.jpg,blankenburg,1
Kreissozialamt des Landkreises Gera,,1915_02_25_102_0.jpg,gera,1
Kreissozialamt des Landkreises Grafschaft Sehauemburg,R 35284,1904_02_18_62_0.jpg,grafschaft,1
Kreissozialbehördeaussschub des Landkreises Burgdorf/Hann.,146,1896_03_28_3_0.jpg,burgdorf,1
Kreissozialhilfe Alfeld/Leine,KS.Nr. 97,1901_08_03_2_0.jpg,alfeld,1
Kreissozialhilfe Nordheim,,1884_12_28_33_0.jpg,nordheim,1
Kreissozialhilfe Nordheim,Nordheim,1873_05_10_9_0.jpg,nordheim,1
Kreissozialhilfe Salzgitter,Salzgitter,1912_09_13_39_0.jpg,salzgitter,1
Kreissozialhilfeauschuss Augsburg,Augsburg,1875_03_08_10_0.jpg,augsburg,1
Kreissozialhilfeauschuss Blankenburg (Brit. Zone),Bayerische Kartei,1921_11_30_32_0.jpg,blankenburg,1
Kreissozialhilfeauschuss Bremervörde,,1881_02_16_19_0.jpg,bremervörde,1
Kreissozialhilfeauschuss Burgdorf,,1887_02_04_3_0.jpg,burgdorf,1
Kreissozialhilfeauschuss Burgdorf,,1892_06_22_8_0.jpg,burgdorf,1
Kreissozialhilfeauschuss Landkreis Grafschaft Goya,Syke,1888_12_10_10_0.jpg,grafschaft,1
Kreissozialhilfeauschuss Landkreis Grafschaft Hoy,Syke,1898_02_11_28_0.jpg,grafschaft,1
Kreissozialhilfeauschuss Landkreis Osterholz,,1911_08_15_25_0.jpg,osterholz,1
Kreissozialhilfeauschuss Melle,Melle,1884_12_28_22_0.jpg,melle,1
Kreissozialhilfeauschuss Nordhorn,,1893_11_25_41_0.jpg,nordhorn,1
Kreissozialhilfeauschuss Northeim,10/240,1922_01_08_78_0.jpg,northeim,1
Kreissozialhilfeauschuss Stadt Hameln,,1920_04_25_114_0.jpg,hameln,1
Kreissozialhilfeauschuss Uelzen,,1902_02_16_79_0.jpg,uelzen,1
Kreissozialhilfeauschuss Wilhelmshaven,,1895_07_05_37_0.jpg,wilhelmshaven,1
Kreissozialhilfeausschuss Bersenbrück,24.2.50,1932_12_29_39_0.jpg,bersenbrück,1
Kreissozialhilfeausschuss Gifhorn,,1894_02_07_13_0.jpg,gifhorn,1
Kreissozialhilfeausschuss Gifhorn,,1918_02_25_34_0.jpg,gifhorn,1
Kreissozialhilfeausschuss Gifhorn,,1895_12_10_49_0.jpg,gifhorn,1
Kreissozialhilfeausschuss Rottenburg/Hann.,,1904_01_18_50_0.jpg,rottenburg,1
Kreissozialhilfeausschuss Winsen-Luhe,,1886_06_24_41_0.jpg,winsen,1
Kreissozialhilfeausschuss Winsen/Luhe,Winsen/Luhe,1878_02_03_11_0.jpg,winsen,1
Kreissozialhilfeausschuss des Landkreises Burgdorf/Hann.,,1911_06_25_65_0.jpg,burgdorf,1
Kreissozialhilfesauschuss des Landkreises Burgdorf/Hann.,,1893_03_15_88_0.jpg,burgdorf,1
Kreissozialhilfesauschuss des Landkreises Burgdorf/Hann.,,1882_05_01_19_0.jpg,burgdorf,1
Kreissozialhilfesausschub des Landkreises Burgdorf/Hann.,,1895_01_05_54_0.jpg,burgdorf,1
Kreissozialhilfesausschub des Landkreises Burgdorf/Hann.,,1899_07_22_57_0.jpg,burgdorf,1
Kreissozialhilfesausschuss Landkreis Osterholz,Osterholz-Kreis,1881_08_16_9_0.jpg,osterholz,1
Kreissozialhilfesausschuss Nienburg-Weser,Nienburg-Weser,1895_02_07_57_0.jpg,nienburg,1
Kreissozialhilfesausschuss Watenstedt-Salzgitter,,1922_12_04_32_0.jpg,salzgitter,1
Kreissozialhilfesausschuss Watenstedt-Salzgitter,Watenstedt-Salzgitter,1904_06_30_13_0.jpg,salzgitter,1
Kreissozialhilfesausschuss Wilhelmshaven,,1937_02_24_8_0.jpg,wilhelmshaven,1
Kreissozialhilfesausschuss des Landkreises Burgdorf/Hann.,Bayerische Kartei,1900_03_28_3_0.jpg,burgdorf,1
Kreissozialhilfesausschuss des Landkreises Burgdorf/Hann.,,1892_07_10_28_0.jpg,burgdorf,1
Kreissozialhilfsausschub Cloppenburg,,1921_06_13_111_0.jpg,cloppenburg,1
Kreissozialhilfsausschub Fallingbostel,Fallingbostel,1909_02_24_54_0.jpg,fallingbostel,1
Kreissozialhilfsausschub Landkreis Grafschaft Hoya,,1904_09_13_85_0.jpg,"grafschaft, hoya",2
Kreissozialhilfsausschub Melle,,1875_03_23_6_0.jpg,melle,1
Kreissozialhilfsausschub Soltau,,1941_09_30_8_0.jpg,soltau,1
Kreissozialhilfsausschub Uelzen,,1886_08_22_3_0.jpg,uelzen,1
Kreissozialhilfsausschub Verden,,1909_10_02_39_0.jpg,verden,1
Kreissozialhilfsausschub Watenstedt-Salzgitter,,1916_03_11_23_0.jpg,salzgitter,1
Kreissozialhilfsausschub Watenstedt-Salzgitter,Nr. 8,1900_07_19_62_0.jpg,salzgitter,1
Kreissozialhilfsausschub Winsen/L.,,1882_08_16_19_0.jpg,winsen,1
Kreissozialhilfsausschub der Stadt Salzgitter,,1916_12_17_9_0.jpg,salzgitter,1
Kreissozialhilfsausschub der Stadt Wagenstein Salzgitter,Kreissozialhilfsausschub der Stadt Wagenstein Salzgitter,1903_06_07_38_0.jpg,salzgitter,1
Kreissozialhilfsausschub der Stadt Waiblingen,Kreissozialhilfsausschub der Stadt Waiblingen,1905_07_27_1_0.jpg,waiblingen,1
Kreissozialhilfsausschub des Landkreises Burgdorf/Hann.,,1888_03_31_35_0.jpg,burgdorf,1
Kreissozialhilfsausschuf Northeim,,1897_11_01_21_0.jpg,northeim,1
Kreissozialhilfsausschuss Alfeld/Leine,KS.Nr. 55,1891_05_27_47_0.jpg,alfeld,1
Kreissozialhilfsausschuss Alfeld/Leine,KS.Nr. 59,1885_03_16_26_0.jpg,alfeld,1
Kreissozialhilfsausschuss Alfeld/Leine,KS.Nr. 112,1896_12_07_35_0.jpg,alfeld,1
Kreissozialhilfsausschuss Alfeld/Leine,KS.Nr. 69,1896_06_29_83_0.jpg,alfeld,1
Kreissozialhilfsausschuss Alfeld/Leine,03/158 a,1942_10_25_4_0.jpg,alfeld,1
Kreissozialhilfsausschuss Augsburg,,1887_12_16_38_0.jpg,augsburg,1
Kreissozialhilfsausschuss Augsburg,149,1898_04_30_39_0.jpg,augsburg,1
Kreissozialhilfsausschuss Bersenbrück,,1920_12_31_122_0.jpg,bersenbrück,1
Kreissozialhilfsausschuss Bersenbrück,,1936_07_19_22_0.jpg,bersenbrück,1
Kreissozialhilfsausschuss Blankenburg,,1910_03_05_113_0.jpg,blankenburg,1
Kreissozialhilfsausschuss Blankenburg (Brit. Zone),Bayerische Kartei,1898_06_16_32_0.jpg,blankenburg,1
Kreissozialhilfsausschuss Bremervörde,,1884_05_26_18_0.jpg,bremervörde,1
Kreissozialhilfsausschuss Bremervörde,Bremervörde,1874_04_03_9_0.jpg,bremervörde,1
Kreissozialhilfsausschuss Bremervörde,,1900_07_17_96_0.jpg,bremervörde,1
Kreissozialhilfsausschuss Bremervörde,Bremervörde,1921_02_16_5_0.jpg,bremervörde,1
Kreissozialhilfsausschuss Bremervörde,Bremervörde,1891_12_31_13_0.jpg,bremervörde,1
Kreissozialhilfsausschuss Bremervörde,20,1912_02_02_52_0.jpg,bremervörde,1
Kreissozialhilfsausschuss Bremervörde,,1882_07_29_12_0.jpg,bremervörde,1
Kreissozialhilfsausschuss Bremervörde,,1924_02_25_90_0.jpg,bremervörde,1
Kreissozialhilfsausschuss Bremervörde,Bremervörde,1911_10_10_21_0.jpg,bremervörde,1
Kreissozialhilfsausschuss Bremervörde,Bremervörde,1897_05_16_73_0.jpg,bremervörde,1
Kreissozialhilfsausschuss Bremervörde,,1895_01_14_80_0.jpg,bremervörde,1
Kreissozialhilfsausschuss Bremervörde,,1886_01_10_19_0.jpg,bremervörde,1
Kreissozialhilfsausschuss Bremervörde,,1886_02_21_45_0.jpg,bremervörde,1
Kreissozialhilfsausschuss Bremervörde,,1914_06_10_10_0.jpg,bremervörde,1
Kreissozialhilfsausschuss Bremervörde,,1898_08_25_74_0.jpg,bremervörde,1
Kreissozialhilfsausschuss Burgdorf,,1875_06_14_2_0.jpg,burgdorf,1
Kreissozialhilfsausschuss Burgdorf,Burgdorf,1884_08_09_5_0.jpg,burgdorf,1
Kreissozialhilfsausschuss Burgdorf,,1933_12_31_32_0.jpg,burgdorf,1
Kreissozialhilfsausschuss Burgdorf,,1874_11_01_7_0.jpg,burgdorf,1
Kreissozialhilfsausschuss Burgdorf,,1900_12_06_74_0.jpg,burgdorf,1
Kreissozialhilfsausschuss Burgdorf,Peinerstr. 4,1900_09_25_75_0.jpg,burgdorf,1
Kreissozialhilfsausschuss Burgdorf,Burgdorf,1900_03_10_15_0.jpg,burgdorf,1
Kreissozialhilfsausschuss Burgdorf,Burgdorf,1922_06_18_11_0.jpg,burgdorf,1
Kreissozialhilfsausschuss Burgdorf,,1894_09_29_15_0.jpg,burgdorf,1
Kreissozialhilfsausschuss Burgdorf,,1934_02_21_20_0.jpg,burgdorf,1
Kreissozialhilfsausschuss Burgdorf,Burgdorf Hannover,1891_12_12_4_0.jpg,burgdorf,1
Kreissozialhilfsausschuss Burgdorf,28.894/48-595/49,1891_11_28_1_0.jpg,burgdorf,1
Kreissozialhilfsausschuss Burgdorf,,1893_02_21_8_0.jpg,burgdorf,1
Kreissozialhilfsausschuss Burgdorf,,1893_12_23_48_0.jpg,burgdorf,1
Kreissozialhilfsausschuss Burgdorf,,1889_02_06_57_0.jpg,burgdorf,1
Kreissozialhilfsausschuss Burgdorf,,1889_11_04_51_0.jpg,burgdorf,1
Kreissozialhilfsausschuss Burgdorf,Burgdorf,1878_04_08_3_0.jpg,burgdorf,1
Kreissozialhilfsausschuss Burgdorf,,1890_05_31_15_0.jpg,burgdorf,1
Kreissozialhilfsausschuss Burgdorf,,1895_11_24_65_0.jpg,burgdorf,1
Kreissozialhilfsausschuss Burgdorf,,1895_04_05_8_0.jpg,burgdorf,1
Kreissozialhilfsausschuss Burgdorf,6.3.1894 i.6.3.1895,1895_03_06_11_0.jpg,burgdorf,1
Kreissozialhilfsausschuss Burgdorf,,1895_03_07_26_0.jpg,burgdorf,1
Kreissozialhilfsausschuss Burgdorf,,1895_04_25_13_0.jpg,burgdorf,1
Kreissozialhilfsausschuss Burgdorf,,1888_05_06_3_0.jpg,burgdorf,1
Kreissozialhilfsausschuss Burgdorf,,1872_07_31_2_0.jpg,burgdorf,1
Kreissozialhilfsausschuss Burgdorf,Bayerische Kartei,1914_04_30_16_0.jpg,burgdorf,1
Kreissozialhilfsausschuss Burgdorf,,1892_11_20_21_0.jpg,burgdorf,1
Kreissozialhilfsausschuss Burgdorf,,1904_08_11_27_0.jpg,burgdorf,1
Kreissozialhilfsausschuss Burgdorf,Lüneburg,1898_08_27_37_0.jpg,burgdorf,1
Kreissozialhilfsausschuss Burgdorf,,1902_07_10_124_0.jpg,burgdorf,1
Kreissozialhilfsausschuss Burgdorf Hann.,7350 F,1893_02_20_25_0.jpg,burgdorf,1
Kreissozialhilfsausschuss Cloppenburg,,1903_08_02_28_0.jpg,cloppenburg,1
Kreissozialhilfsausschuss Cloppenburg,,1908_09_23_85_0.jpg,cloppenburg,1
Kreissozialhilfsausschuss Cloppenburg,,1893_09_24_6_0.jpg,cloppenburg,1
Kreissozialhilfsausschuss Cloppenburg,,1893_10_26_13_0.jpg,cloppenburg,1
Kreissozialhilfsausschuss Cloppenburg,,1882_10_03_17_0.jpg,cloppenburg,1
Kreissozialhilfsausschuss Cloppenburg,,1885_05_24_10_0.jpg,cloppenburg,1
Kreissozialhilfsausschuss Cloppenburg,,1880_12_17_25_0.jpg,cloppenburg,1
Kreissozialhilfsausschuss Cloppenburg,,1880_04_10_16_0.jpg,cloppenburg,1
Kreissozialhilfsausschuss Cuxhaven,,1900_07_27_43_0.jpg,cuxhaven,1
Kreissozialhilfsausschuss Cuxhaven,,1894_03_23_20_0.jpg,cuxhaven,1
Kreissozialhilfsausschuss Cuxhaven,,1894_11_04_60_0.jpg,cuxhaven,1
Kreissozialhilfsausschuss Cuxhaven,,1894_07_15_1_0.jpg,cuxhaven,1
Kreissozialhilfsausschuss Cuxhaven,,1894_02_05_9_0.jpg,cuxhaven,1
Kreissozialhilfsausschuss Cuxhaven,Cuxhaven,1891_03_08_18_0.jpg,cuxhaven,1
Kreissozialhilfsausschuss Cuxhaven,,1915_03_13_9_0.jpg,cuxhaven,1
Kreissozialhilfsausschuss Cuxhaven,,1905_10_02_34_0.jpg,cuxhaven,1
Kreissozialhilfsausschuss Cuxhaven,,1897_05_31_45_0.jpg,cuxhaven,1
Kreissozialhilfsausschuss Cuxhaven,,1902_12_09_6_0.jpg,cuxhaven,1
Kreissozialhilfsausschuss Dannenberg,,1928_10_02_12_0.jpg,dannenberg,1
Kreissozialhilfsausschuss Dannenberg,,1905_02_24_9_0.jpg,dannenberg,1
Kreissozialhilfsausschuss Diepholz,Nr. 21,1893_10_21_38_0.jpg,diepholz,1
Kreissozialhilfsausschuss Diepholz,Ströhen Nr.169,1883_10_20_23_0.jpg,diepholz,1
Kreissozialhilfsausschuss Diepholz,D 6047 M,1899_11_05_40_0.jpg,diepholz,1
Kreissozialhilfsausschuss Duderstadt,,1889_03_26_62_0.jpg,duderstadt,1
Kreissozialhilfsausschuss Duderstadt,,1899_11_16_32_0.jpg,duderstadt,1
Kreissozialhilfsausschuss Duderstadt,,1896_04_09_31_0.jpg,duderstadt,1
Kreissozialhilfsausschuss Duderstadt,,1904_04_17_77_0.jpg,duderstadt,1
Kreissozialhilfsausschuss Duderstadt,,1879_08_07_22_0.jpg,duderstadt,1
Kreissozialhilfsausschuss Emden,,1900_05_23_96_0.jpg,emden,1
Kreissozialhilfsausschuss Emden,,1891_03_19_8_0.jpg,emden,1
Kreissozialhilfsausschuss Emden,Emden,1908_07_29_44_0.jpg,emden,1
Kreissozialhilfsausschuss Emden,,1889_02_04_21_0.jpg,emden,1
Kreissozialhilfsausschuss Emden,,1897_11_03_15_0.jpg,emden,1
Kreissozialhilfsausschuss Emden,,1887_08_10_52_0.jpg,emden,1
Kreissozialhilfsausschuss Emden,,1887_07_03_33_0.jpg,emden,1
Kreissozialhilfsausschuss Emden,4,1880_06_04_21_0.jpg,emden,1
Kreissozialhilfsausschuss Emden,,1888_06_18_29_0.jpg,emden,1
Kreissozialhilfsausschuss Emden,,1914_09_06_80_0.jpg,emden,1
Kreissozialhilfsausschuss Emden,,1892_04_21_5_0.jpg,emden,1
Kreissozialhilfsausschuss Emden,St 29.3.49 GR!27.1.50,1892_12_17_58_0.jpg,emden,1
Kreissozialhilfsausschuss Emden,,1898_04_07_96_0.jpg,emden,1
Kreissozialhilfsausschuss Emden,Bayrische Kartei,1909_09_18_36_0.jpg,emden,1
Kreissozialhilfsausschuss Emden,,1909_02_24_114_0.jpg,emden,1
Kreissozialhilfsausschuss Fallingbostel,,1893_08_19_20_0.jpg,fallingbostel,1
Kreissozialhilfsausschuss Fallingbostel,,1886_06_27_26_0.jpg,fallingbostel,1
Kreissozialhilfsausschuss Gifhorn,,1884_02_09_24_0.jpg,gifhorn,1
Kreissozialhilfsausschuss Gifhorn,,1894_02_27_52_0.jpg,gifhorn,1
Kreissozialhilfsausschuss Gifhorn,Gifhorn,1920_10_18_17_0.jpg,gifhorn,1
Kreissozialhilfsausschuss Gifhorn,,1873_05_20_5_0.jpg,gifhorn,1
Kreissozialhilfsausschuss Gifhorn,,1891_10_02_34_0.jpg,gifhorn,1
Kreissozialhilfsausschuss Gifhorn,,1893_01_27_15_0.jpg,gifhorn,1
Kreissozialhilfsausschuss Gifhorn,,1905_04_07_45_0.jpg,gifhorn,1
Kreissozialhilfsausschuss Gifhorn,Gifhorn,1882_06_20_4_0.jpg,gifhorn,1
Kreissozialhilfsausschuss Gifhorn,Gifhorn,1924_12_02_40_0.jpg,gifhorn,1
Kreissozialhilfsausschuss Gifhorn,Gifhorn,1897_01_20_60_0.jpg,gifhorn,1
Kreissozialhilfsausschuss Gifhorn,,1887_10_30_25_0.jpg,gifhorn,1
Kreissozialhilfsausschuss Gifhorn,,1896_03_10_62_0.jpg,gifhorn,1
Kreissozialhilfsausschuss Gifhorn,,1925_10_16_47_0.jpg,gifhorn,1
Kreissozialhilfsausschuss Gifhorn,20,1901_06_16_7_0.jpg,gifhorn,1
Kreissozialhilfsausschuss Gifhorn,,1943_10_09_4_0.jpg,gifhorn,1
Kreissozialhilfsausschuss Hameln,4227,1907_12_21_5_0.jpg,hameln,1
Kreissozialhilfsausschuss Hameln,4277,1902_02_17_41_0.jpg,hameln,1
Kreissozialhilfsausschuss Hameln-Pyrmont,HP 3881 P,1897_12_26_70_0.jpg,hameln,1
Kreissozialhilfsausschuss Hameln-Pyrmont,HD 4209-M,1906_03_25_69_0.jpg,hameln,1
Kreissozialhilfsausschuss Hamm,ST.H 3005 C,1888_11_30_13_0.jpg,hamm,1
Kreissozialhilfsausschuss Hamm,16.15.52,1907_11_25_51_0.jpg,hamm,1
Kreissozialhilfsausschuss Hamm,Hamm,1901_07_23_57_0.jpg,hamm,1
Kreissozialhilfsausschuss Hamm,St.H. 1418 M,1910_10_17_69_0.jpg,hamm,1
Kreissozialhilfsausschuss Hamm,195152,1876_01_27_13_0.jpg,hamm,1
Kreissozialhilfsausschuss Hamm Oder,St.H. 1435 R,1929_11_18_41_0.jpg,hamm,1
Kreissozialhilfsausschuss Hamm over,St.H.214 W,1896_12_01_82_0.jpg,hamm,1
Kreissozialhilfsausschuss Hamm-Land,5181,1906_05_06_158_0.jpg,hamm,1
Kreissozialhilfsausschuss Harburg,,1890_03_31_29_0.jpg,harburg,1
Kreissozialhilfsausschuss Jever,1.0.,1903_07_09_5_0.jpg,jever,1
Kreissozialhilfsausschuss Jever,,1891_08_06_33_0.jpg,jever,1
Kreissozialhilfsausschuss Jever,,1898_03_15_29_0.jpg,jever,1
Kreissozialhilfsausschuss Landkreis Alfeld,03/179,1883_12_12_29_0.jpg,alfeld,1
Kreissozialhilfsausschuss Landkreis Gera,xxx,1903_11_30_20_0.jpg,gera,1
Kreissozialhilfsausschuss Landkreis Giflhaft Hoya,,1902_04_09_12_0.jpg,hoya,1
Kreissozialhilfsausschuss Landkreis Grafschaft Bentheim,Syke,1901_10_13_21_0.jpg,grafschaft,1
Kreissozialhilfsausschuss Landkreis Grafschaft Broya,S 5578 S,1908_02_27_83_0.jpg,grafschaft,1
Kreissozialhilfsausschuss Landkreis Grafschaft Goja Syke,S 54 73 H,1901_07_28_35_0.jpg,"grafschaft, syke",2
Kreissozialhilfsausschuss Landkreis Grafschaft Goya,Syke,1893_08_28_50_0.jpg,grafschaft,1
Kreissozialhilfsausschuss Landkreis Grafschaft Goya,Syke,1893_03_25_15_0.jpg,grafschaft,1
Kreissozialhilfsausschuss Landkreis Grafschaft Goya,Syke,1895_06_28_29_0.jpg,grafschaft,1
Kreissozialhilfsausschuss Landkreis Grafschaft Goya,76,1888_10_26_18_0.jpg,grafschaft,1
Kreissozialhilfsausschuss Landkreis Grafschaft Goya,Syke,1886_09_25_36_0.jpg,grafschaft,1
Kreissozialhilfsausschuss Landkreis Grafschaft Goya,317,1898_12_13_87_0.jpg,grafschaft,1
Kreissozialhilfsausschuss Landkreis Grafschaft Hoy,Syke,1891_04_14_29_0.jpg,grafschaft,1
Kreissozialhilfsausschuss Landkreis Grafschaft Hoy,Syke,1893_05_20_35_0.jpg,grafschaft,1
Kreissozialhilfsausschuss Landkreis Grafschaft Hoy,Syko,1883_05_08_22_0.jpg,grafschaft,1
Kreissozialhilfsausschuss Landkreis Grafschaft Hoy,Syke,1898_09_18_81_0.jpg,grafschaft,1
Kreissozialhilfsausschuss Landkreis Grafschaft Hoya,,1874_02_11_5_0.jpg,"grafschaft, hoya",2
Kreissozialhilfsausschuss Landkreis Grafschaft Hoya,Syke,1907_01_08_52_0.jpg,"grafschaft, hoya",2
Kreissozialhilfsausschuss Landkreis Grafschaft Hoya,Syke,1898_12_13_86_0.jpg,"grafschaft, hoya",2
Kreissozialhilfsausschuss Landkreis Grafschaft Hoya Syke,0177,1894_08_12_93_0.jpg,"grafschaft, hoya, syke",3
Kreissozialhilfsausschuss Landkreis Grafschaft Lippe,,1890_07_17_67_0.jpg,grafschaft,1
Kreissozialhilfsausschuss Landkreis Grafschaft Lippe,Syke,1886_01_15_68_0.jpg,grafschaft,1
Kreissozialhilfsausschuss Landkreis Grafschaft Lippe,Syke,1902_01_12_98_0.jpg,grafschaft,1
Kreissozialhilfsausschuss Landkreis Grafschaft Lippe Syke,38,1899_12_30_41_0.jpg,"grafschaft, syke",2
Kreissozialhilfsausschuss Landkreis Oschatz,,1907_06_08_98_0.jpg,oschatz,1
Kreissozialhilfsausschuss Landkreis Oschersleben,,1895_12_25_88_0.jpg,oschersleben,1
Kreissozialhilfsausschuss Landkreis Osterholz,,1884_01_03_43_0.jpg,osterholz,1
Kreissozialhilfsausschuss Landkreis Osterholz,0489,1908_09_10_43_0.jpg,osterholz,1
Kreissozialhilfsausschuss Landkreis Osterholz,Landkreis Osterholz,1893_04_22_35_0.jpg,osterholz,1
Kreissozialhilfsausschuss Landkreis Osterholz,Z.P.A. 20,1893_06_07_51_0.jpg,osterholz,1
Kreissozialhilfsausschuss Landkreis Osterholz,,1905_09_27_69_0.jpg,osterholz,1
Kreissozialhilfsausschuss Landkreis Osterholz,,1923_12_13_111_0.jpg,osterholz,1
Kreissozialhilfsausschuss Landkreis Uelzen,,1900_05_18_17_0.jpg,uelzen,1
Kreissozialhilfsausschuss Lingen,Lingen,1912_04_21_113_0.jpg,lingen,1
Kreissozialhilfsausschuss Melle,,1875_09_11_1_0.jpg,melle,1
Kreissozialhilfsausschuss Melle,,1894_01_06_35_0.jpg,melle,1
Kreissozialhilfsausschuss Melle,Melle,1883_04_24_4_0.jpg,melle,1
Kreissozialhilfsausschuss Melle,,1883_01_10_3_0.jpg,melle,1
Kreissozialhilfsausschuss Melle,,1895_02_10_1_0.jpg,melle,1
Kreissozialhilfsausschuss Melle,Melle,1899_09_19_19_0.jpg,melle,1
Kreissozialhilfsausschuss Melle,Z.P.A. 20,1886_11_14_28_0.jpg,melle,1
Kreissozialhilfsausschuss Nienburg,5812,1881_07_07_22_0.jpg,nienburg,1
Kreissozialhilfsausschuss Nienburg,5811,1890_05_16_51_0.jpg,nienburg,1
Kreissozialhilfsausschuss Nienburg,N 59 19,1925_05_25_96_0.jpg,nienburg,1
Kreissozialhilfsausschuss Nienburg,5928,1902_01_09_40_0.jpg,nienburg,1
Kreissozialhilfsausschuss Nienburg-Weser,N/A,1939_02_09_17_0.jpg,nienburg,1
Kreissozialhilfsausschuss Nienburg-Weser,Nienburg-Weser,1894_02_10_27_0.jpg,nienburg,1
Kreissozialhilfsausschuss Nienburg-Weser,95.14.1952,1890_03_14_40_0.jpg,nienburg,1
Kreissozialhilfsausschuss Nienburg-Weser,1111/05555,1892_12_03_7_0.jpg,nienburg,1
Kreissozialhilfsausschuss Nienburg-Weser,Nienburg,1901_04_06_94_0.jpg,nienburg,1
Kreissozialhilfsausschuss Norden,Norden,1900_04_11_44_0.jpg,norden,1
Kreissozialhilfsausschuss Nordhausen,Norden,1900_01_28_14_0.jpg,nordhausen,1
Kreissozialhilfsausschuss Nordhausen,,1918_09_20_51_0.jpg,nordhausen,1
Kreissozialhilfsausschuss Nordhausen,,1889_01_06_40_0.jpg,nordhausen,1
Kreissozialhilfsausschuss Nordhausen,Norden,1890_04_30_23_0.jpg,nordhausen,1
Kreissozialhilfsausschuss Nordhausen,,1888_02_17_14_0.jpg,nordhausen,1
Kreissozialhilfsausschuss Nordheim,Nordheim,1908_07_25_103_0.jpg,nordheim,1
Kreissozialhilfsausschuss Nordheim,,1905_04_28_40_0.jpg,nordheim,1
Kreissozialhilfsausschuss Nordheim,,1882_08_30_21_0.jpg,nordheim,1
Kreissozialhilfsausschuss Nordheim,,1904_09_11_40_0.jpg,nordheim,1
Kreissozialhilfsausschuss Nordhorn,,1900_10_12_52_0.jpg,nordhorn,1
Kreissozialhilfsausschuss Nordhorn,,1893_11_25_40_0.jpg,nordhorn,1
Kreissozialhilfsausschuss Nordhorn,,1881_01_25_14_0.jpg,nordhorn,1
Kreissozialhilfsausschuss Nordhorn,,1885_04_11_18_0.jpg,nordhorn,1
Kreissozialhilfsausschuss Nordhorn,,1914_02_26_54_0.jpg,nordhorn,1
Kreissozialhilfsausschuss Nordhorn,,1896_01_14_1_0.jpg,nordhorn,1
Kreissozialhilfsausschuss Nordhorn,,1907_04_15_38_0.jpg,nordhorn,1
Kreissozialhilfsausschuss Nordhorn,,1876_10_26_3_0.jpg,nordhorn,1
Kreissozialhilfsausschuss Northeim,,1875_11_28_16_0.jpg,northeim,1
Kreissozialhilfsausschuss Northeim,Northeim,1894_04_10_80_0.jpg,northeim,1
Kreissozialhilfsausschuss Northeim,,1915_02_26_56_0.jpg,northeim,1
Kreissozialhilfsausschuss Northeim,,1881_12_19_2_0.jpg,northeim,1
Kreissozialhilfsausschuss Northeim,,1923_03_20_63_0.jpg,northeim,1
Kreissozialhilfsausschuss Northeim,,1936_06_14_13_0.jpg,northeim,1
Kreissozialhilfsausschuss Northeim,,1895_08_20_56_0.jpg,northeim,1
Kreissozialhilfsausschuss Northeim,,1895_10_31_22_0.jpg,northeim,1
Kreissozialhilfsausschuss Northeim,10/255,1895_05_07_51_0.jpg,northeim,1
Kreissozialhilfsausschuss Northeim,,1892_12_06_12_0.jpg,northeim,1
Kreissozialhilfsausschuss Northeim,,1896_11_23_15_0.jpg,northeim,1
Kreissozialhilfsausschuss Northeim,,1906_03_18_67_0.jpg,northeim,1
Kreissozialhilfsausschuss Northeim,Bayerische Kartei,1943_04_04_8_0.jpg,northeim,1
Kreissozialhilfsausschuss Northeim,,1909_04_29_40_0.jpg,northeim,1
Kreissozialhilfsausschuss Nürnberg,N 5890 0,1891_06_15_49_0.jpg,nürnberg,1
Kreissozialhilfsausschuss Nürnberg-Süd,4012,1899_11_30_38_0.jpg,nürnberg,1
Kreissozialhilfsausschuss Pirmasens,R 6149 H,1888_03_16_11_0.jpg,pirmasens,1
Kreissozialhilfsausschuss Rinteln,St.H.3331 S,1900_02_21_79_0.jpg,rinteln,1
Kreissozialhilfsausschuss Rinteln,6129 B,1895_01_03_12_0.jpg,rinteln,1
Kreissozialhilfsausschuss Rinteln,R. 3403 A,1914_10_31_4_0.jpg,rinteln,1
Kreissozialhilfsausschuss Rottenburg,,1933_01_17_17_0.jpg,rottenburg,1
Kreissozialhilfsausschuss Rottenburg,97,1895_03_01_47_0.jpg,rottenburg,1
Kreissozialhilfsausschuss Rottenburg/Hann.,,1886_09_15_49_0.jpg,rottenburg,1
Kreissozialhilfsausschuss Salzgitter,,1914_10_06_102_0.jpg,salzgitter,1
Kreissozialhilfsausschuss Soltau,Bayerische Kartei,1894_12_31_23_0.jpg,soltau,1
Kreissozialhilfsausschuss Soltau,,1885_10_28_9_0.jpg,soltau,1
Kreissozialhilfsausschuss Soltau,,1890_05_26_10_0.jpg,soltau,1
Kreissozialhilfsausschuss Soltau,LA Nr. 518/49 V 253,1888_12_25_13_0.jpg,soltau,1
Kreissozialhilfsausschuss Soltau,,1907_09_15_157_0.jpg,soltau,1
Kreissozialhilfsausschuss Soltau,Soltau,1907_06_15_70_0.jpg,soltau,1
Kreissozialhilfsausschuss Soltau,,1898_02_21_43_0.jpg,soltau,1
Kreissozialhilfsausschuss Springe,SP 6291 D,1918_04_20_22_0.jpg,springe,1
Kreissozialhilfsausschuss Springe,SP 4606 F,1895_02_24_21_0.jpg,springe,1
Kreissozialhilfsausschuss Springe,,1901_02_24_55_0.jpg,springe,1
Kreissozialhilfsausschuss Springe,,1902_01_25_63_0.jpg,springe,1
Kreissozialhilfsausschuss Stadt Bonn,N 6641 N,1925_09_06_73_0.jpg,bonn,1
Kreissozialhilfsausschuss Stadt Hameln,,1891_04_08_43_0.jpg,hameln,1
Kreissozialhilfsausschuss Stadt Hameln,,1893_11_24_23_0.jpg,hameln,1
Kreissozialhilfsausschuss Stadt Hameln,,1889_10_08_47_0.jpg,hameln,1
Kreissozialhilfsausschuss Stadt Hameln,HA 4641 B,1899_10_21_9_0.jpg,hameln,1
Kreissozialhilfsausschuss Stadt Hameln,,1898_04_01_40_0.jpg,hameln,1
Kreissozialhilfsausschuss Stadt Hameln,,1919_10_17_9_0.jpg,hameln,1
Kreissozialhilfsausschuss Uelzen,4,1891_03_22_32_0.jpg,uelzen,1
Kreissozialhilfsausschuss Uelzen,Kinder,1938_04_30_2_0.jpg,uelzen,1
Kreissozialhilfsausschuss Uelzen,,1883_06_05_31_0.jpg,uelzen,1
Kreissozialhilfsausschuss Uelzen,,1890_08_29_45_0.jpg,uelzen,1
Kreissozialhilfsausschuss Uelzen,,1890_03_06_75_0.jpg,uelzen,1
Kreissozialhilfsausschuss Uelzen,,1890_03_06_76_0.jpg,uelzen,1
Kreissozialhilfsausschuss Uelzen,,1892_03_18_23_0.jpg,uelzen,1
Kreissozialhilfsausschuss Uelzen,,1892_03_18_22_0.jpg,uelzen,1
Kreissozialhilfsausschuss Uelzen,,1906_09_06_50_0.jpg,uelzen,1
Kreissozialhilfsausschuss Uelzen,,1990_08_29_1_0.jpg,uelzen,1
Kreissozialhilfsausschuss Uelzen,,1901_05_29_41_0.jpg,uelzen,1
Kreissozialhilfsausschuss Uelzen,,1898_01_22_47_0.jpg,uelzen,1
Kreissozialhilfsausschuss Uelzen,,1898_11_22_10_0.jpg,uelzen,1
Kreissozialhilfsausschuss Uelzen,,1917_05_26_31_0.jpg,uelzen,1
Kreissozialhilfsausschuss Waidensiedel-Salzgitter,,1889_06_26_19_0.jpg,salzgitter,1
Kreissozialhilfsausschuss Watensburg-Salzgitter,21.6.94,1894_06_21_2_0.jpg,salzgitter,1
Kreissozialhilfsausschuss Watenstedt-Salzgitter,,1884_11_28_38_0.jpg,salzgitter,1
Kreissozialhilfsausschuss Watenstedt-Salzgitter,,1939_06_02_10_0.jpg,salzgitter,1
Kreissozialhilfsausschuss Watenstedt-Salzgitter,,1900_06_18_82_0.jpg,salzgitter,1
Kreissozialhilfsausschuss Watenstedt-Salzgitter,,1894_03_22_9_0.jpg,salzgitter,1
Kreissozialhilfsausschuss Watenstedt-Salzgitter,,1894_10_15_117_0.jpg,salzgitter,1
Kreissozialhilfsausschuss Watenstedt-Salzgitter,,1891_09_03_51_0.jpg,salzgitter,1
Kreissozialhilfsausschuss Watenstedt-Salzgitter,,1891_12_25_54_0.jpg,salzgitter,1
Kreissozialhilfsausschuss Watenstedt-Salzgitter,Nr.19,1908_08_28_56_0.jpg,salzgitter,1
Kreissozialhilfsausschuss Watenstedt-Salzgitter,Watenstedt-Salzgitter,1905_07_27_73_0.jpg,salzgitter,1
Kreissozialhilfsausschuss Watenstedt-Salzgitter,,1905_03_06_110_0.jpg,salzgitter,1
Kreissozialhilfsausschuss Watenstedt-Salzgitter,,1905_07_18_46_0.jpg,salzgitter,1
Kreissozialhilfsausschuss Watenstedt-Salzgitter,,1889_05_14_12_0.jpg,salzgitter,1
Kreissozialhilfsausschuss Watenstedt-Salzgitter,Watenstedt-Salzgitter,1889_11_27_26_0.jpg,salzgitter,1
Kreissozialhilfsausschuss Watenstedt-Salzgitter,Watenstedt-Salzgitter,1881_11_02_30_0.jpg,salzgitter,1
Kreissozialhilfsausschuss Watenstedt-Salzgitter,,1911_07_05_66_0.jpg,salzgitter,1
Kreissozialhilfsausschuss Watenstedt-Salzgitter,,1911_08_18_40_0.jpg,salzgitter,1
Kreissozialhilfsausschuss Watenstedt-Salzgitter,,1897_05_16_37_0.jpg,salzgitter,1
Kreissozialhilfsausschuss Watenstedt-Salzgitter,Watenstedt-Salzgitter,1897_09_25_39_0.jpg,salzgitter,1
Kreissozialhilfsausschuss Watenstedt-Salzgitter,,1897_07_07_4_0.jpg,salzgitter,1
Kreissozialhilfsausschuss Watenstedt-Salzgitter,,1890_05_28_5_0.jpg,salzgitter,1
Kreissozialhilfsausschuss Watenstedt-Salzgitter,Watenstedt-Salzgitter,1899_08_31_13_0.jpg,salzgitter,1
Kreissozialhilfsausschuss Watenstedt-Salzgitter,,1899_05_14_49_0.jpg,salzgitter,1
Kreissozialhilfsausschuss Watenstedt-Salzgitter,,1899_04_28_44_0.jpg,salzgitter,1
Kreissozialhilfsausschuss Watenstedt-Salzgitter,,1886_01_13_39_0.jpg,salzgitter,1
Kreissozialhilfsausschuss Watenstedt-Salzgitter,Watenstedt-Salzgitter,1892_12_22_66_0.jpg,salzgitter,1
Kreissozialhilfsausschuss Watenstedt-Salzgitter,,1896_10_03_77_0.jpg,salzgitter,1
Kreissozialhilfsausschuss Watenstedt-Salzgitter,,1904_07_20_78_0.jpg,salzgitter,1
Kreissozialhilfsausschuss Watenstedt-Salzgitter,,1904_02_11_17_0.jpg,salzgitter,1
Kreissozialhilfsausschuss Watenstedt-Salzgitter,Watenstedt-Salzgitter,1904_06_25_7_0.jpg,salzgitter,1
Kreissozialhilfsausschuss Watenstedt-Salzgitter,,1904_05_15_131_0.jpg,salzgitter,1
Kreissozialhilfsausschuss Watenstedt-Salzgitter,Watenstedt-Salzgitter,1907_07_26_2_0.jpg,salzgitter,1
Kreissozialhilfsausschuss Watenstedt-Salzgitter,,1901_07_06_56_0.jpg,salzgitter,1
Kreissozialhilfsausschuss Watenstedt-Salzgitter,,1901_09_18_55_0.jpg,salzgitter,1
Kreissozialhilfsausschuss Watenstedt-Salzgitter,20,1901_08_07_51_0.jpg,salzgitter,1
Kreissozialhilfsausschuss Watenstedt-Salzgitter,,1910_04_09_25_0.jpg,salzgitter,1
Kreissozialhilfsausschuss Watenstedt-Salzgitter,,1879_05_27_11_0.jpg,salzgitter,1
Kreissozialhilfsausschuss Watenstedt-Salzgitter,,1902_11_26_48_0.jpg,salzgitter,1
Kreissozialhilfsausschuss Watenstedt-Salzgitter,Watenstedt-Salzgitter,1902_02_17_37_0.jpg,salzgitter,1
Kreissozialhilfsausschuss Watenstedt-Salzgitter,,1909_11_22_54_0.jpg,salzgitter,1
Kreissozialhilfsausschuss Watsenstein-Salzgitter,Watsenstein-Salzgitter,1895_01_25_75_0.jpg,salzgitter,1
Kreissozialhilfsausschuss Watzenstedt-Salzgitter,20,1898_12_28_2_0.jpg,salzgitter,1
Kreissozialhilfsausschuss Westerstede,XXX Westerstede,1887_03_20_29_0.jpg,westerstede,1
Kreissozialhilfsausschuss Wilhelmshaven,,1874_07_08_13_0.jpg,wilhelmshaven,1
Kreissozialhilfsausschuss Wilhelmshaven,,1891_10_03_11_0.jpg,wilhelmshaven,1
Kreissozialhilfsausschuss Wilhelmshaven,,1891_05_24_6_0.jpg,wilhelmshaven,1
Kreissozialhilfsausschuss Wilhelmshaven,,1891_08_10_30_0.jpg,wilhelmshaven,1
Kreissozialhilfsausschuss Wilhelmshaven,,1915_07_31_3_0.jpg,wilhelmshaven,1
Kreissozialhilfsausschuss Wilhelmshaven,,1926_08_26_65_0.jpg,wilhelmshaven,1
Kreissozialhilfsausschuss Wilhelmshaven,,1893_03_15_9_0.jpg,wilhelmshaven,1
Kreissozialhilfsausschuss Wilhelmshaven,,1905_12_30_39_0.jpg,wilhelmshaven,1
Kreissozialhilfsausschuss Wilhelmshaven,,1923_05_21_46_0.jpg,wilhelmshaven,1
Kreissozialhilfsausschuss Wilhelmshaven,,1897_01_20_84_0.jpg,wilhelmshaven,1
Kreissozialhilfsausschuss Wilhelmshaven,,1899_10_19_31_0.jpg,wilhelmshaven,1
Kreissozialhilfsausschuss Wilhelmshaven,,1899_12_04_4_0.jpg,wilhelmshaven,1
Kreissozialhilfsausschuss Wilhelmshaven,,1872_01_22_1_0.jpg,wilhelmshaven,1
Kreissozialhilfsausschuss Wilhelmshaven,,1886_07_20_12_0.jpg,wilhelmshaven,1
Kreissozialhilfsausschuss Wilhelmshaven,,1907_01_28_6_0.jpg,wilhelmshaven,1
Kreissozialhilfsausschuss Wilhelmshaven,,1901_09_05_5_0.jpg,wilhelmshaven,1
Kreissozialhilfsausschuss Wilhelmshaven,,1901_08_22_5_0.jpg,wilhelmshaven,1
Kreissozialhilfsausschuss Wilhelmshaven,,1902_07_08_5_0.jpg,wilhelmshaven,1
Kreissozialhilfsausschuss Winsen-Luhe,4991,1891_08_04_18_0.jpg,winsen,1
Kreissozialhilfsausschuss Winsen-Luhe,,1891_08_04_19_0.jpg,winsen,1
Kreissozialhilfsausschuss Winsen-Luhe,,1892_06_16_14_0.jpg,winsen,1
Kreissozialhilfsausschuss Winsen/L.,,1875_09_09_15_0.jpg,winsen,1
Kreissozialhilfsausschuss Winsen/L.,,1894_03_10_98_0.jpg,winsen,1
Kreissozialhilfsausschuss Winsen/L.,,1938_05_10_50_0.jpg,winsen,1
Kreissozialhilfsausschuss Winsen/L.,,1895_06_28_71_0.jpg,winsen,1
Kreissozialhilfsausschuss Winsen/L.,,1888_08_14_45_0.jpg,winsen,1
Kreissozialhilfsausschuss Winsen/L.,,1872_02_15_8_0.jpg,winsen,1
Kreissozialhilfsausschuss Winsen/Luhe,,1903_11_30_44_0.jpg,winsen,1
Kreissozialhilfsausschuss Winsen/Luhe,,1908_10_24_97_0.jpg,winsen,1
Kreissozialhilfsausschuss Winsen/Luhe,Winsen/Luhe,1889_11_11_27_0.jpg,winsen,1
Kreissozialhilfsausschuss Winsen/Luhe,,1887_07_26_45_0.jpg,winsen,1
Kreissozialhilfsausschuss Winsen/Luhe,,1880_01_23_6_0.jpg,winsen,1
Kreissozialhilfsausschuss Winsen/Luhe,,1907_09_20_87_0.jpg,winsen,1
Kreissozialhilfsausschuss Winsen/Luhe,10,1906_04_09_85_0.jpg,winsen,1
Kreissozialhilfsausschuss Winsen/Luhe,B 16 11 10 19 10 19 20 10 19 20,1902_10_31_25_0.jpg,winsen,1
Kreissozialhilfsausschuss Wittmund,,1916_03_11_44_0.jpg,wittmund,1
Kreissozialhilfsausschuss Wittmund,,1903_05_17_14_0.jpg,wittmund,1
Kreissozialhilfsausschuss Wittmund,,1903_12_06_75_0.jpg,wittmund,1
Kreissozialhilfsausschuss Wittmund,,1883_07_18_7_0.jpg,wittmund,1
Kreissozialhilfsausschuss Wittmund,,1890_07_16_44_0.jpg,wittmund,1
Kreissozialhilfsausschuss Wittmund,,1895_02_22_39_0.jpg,wittmund,1
Kreissozialhilfsausschuss Wittmund,,1892_08_06_2_0.jpg,wittmund,1
Kreissozialhilfsausschuss Wittmund,,1896_06_01_82_0.jpg,wittmund,1
Kreissozialhilfsausschuss Wittmund,Bayerische Kartei,1896_02_28_96_0.jpg,wittmund,1
Kreissozialhilfsausschuss Wittmund,,1901_10_29_58_0.jpg,wittmund,1
Kreissozialhilfsausschuss Wittmund,,1902_03_20_62_0.jpg,wittmund,1
Kreissozialhilfsausschuss Wolfsburg,Wolfsburg,1890_08_03_58_0.jpg,wolfsburg,1
Kreissozialhilfsausschuss Wolfsburg,,1886_06_21_41_0.jpg,wolfsburg,1
Kreissozialhilfsausschuss Wolfsburg,Wolfsburg,1896_03_03_42_0.jpg,wolfsburg,1
Kreissozialhilfsausschuss Wuttenstedt-Salzgitter,Wuttenstedt-Salzgitter,1901_08_12_89_0.jpg,salzgitter,1
Kreissozialhilfsausschuss d. Landkreises Blankenburg (Brit. Zone),Bayerische Kartei,1905_02_20_85_0.jpg,blankenburg,1
Kreissozialhilfsausschuss d. Landkreises Blankenburg (Brit. Zone),Braunlage,1897_06_06_70_0.jpg,blankenburg,1
Kreissozialhilfsausschuss d. Landkreises Blankenburg (Brit. Zone),Braunlage,1904_03_26_71_0.jpg,blankenburg,1
Kreissozialhilfsausschuss d. Landkreises Blankenburg (Brit. Zone),Braunlage,1901_11_23_93_0.jpg,blankenburg,1
Kreissozialhilfsausschuss d. Landkreises Blankenburg (Brit. Zone),Braunlage,1898_11_18_94_0.jpg,blankenburg,1
Kreissozialhilfsausschuss d. Landkreises Blankenburg (Brit. Zone) Braunlage,26,1884_09_11_13_0.jpg,"blankenburg, braunlage",2
Kreissozialhilfsausschuss d. Landkreises Blankenburg (Brit. Zone) Braunlage,20,1893_08_21_53_0.jpg,"blankenburg, braunlage",2
Kreissozialhilfsausschuss d. Landkreises Blankenburg (Brit. Zone) Braunlage,,1899_01_06_10_0.jpg,"blankenburg, braunlage",2
Kreissozialhilfsausschuss d. Landkreises Blankenburg (Brit. Zone) Braunlage,,1886_11_30_42_0.jpg,"blankenburg, braunlage",2
Kreissozialhilfsausschuss d. Landkreises Blankenburg (Brit. Zone) Braunlage,Schmidt Walter,1904_01_13_104_0.jpg,"blankenburg, braunlage",2
Kreissozialhilfsausschuss d. Landkreises Blankenburg (Brit. Zone) Braunlage,Blankenburg (Brit. Zone) Braunlage,1910_04_15_48_0.jpg,"blankenburg, braunlage",2
Kreissozialhilfsausschuss d. Landkreises Blankenburg (Brit. Zone) Braunlage,Bayerische Kartei,1902_11_01_80_0.jpg,"blankenburg, braunlage",2
Kreissozialhilfsausschuss d.Landkreises Blankenburg (Brit. Zone) Braunlage,,1890_11_21_37_0.jpg,"blankenburg, braunlage",2
Kreissozialhilfsausschuss der Stadt Salzburg,20,1920_10_03_124_0.jpg,salzburg,1
Kreissozialhilfsausschuss der Stadt Salzburg,Kreissozialhilfsausschuss der Stadt Salzburg,1897_12_30_16_0.jpg,salzburg,1
Kreissozialhilfsausschuss der Stadt Watenstedt-Salzgitter,KSHAKreissozialhilfsausschuss der Stadt Watenstedt-Salzgitter,1885_03_27_36_0.jpg,salzgitter,1
Kreissozialhilfsausschuss der Stadt Würzburg,Schw. 26.3.46,1894_04_24_40_0.jpg,würzburg,1
Kreissozialhilfsausschuss des Landkreises Blankenburg (Brit. Zone) Braunlage,,1903_01_13_56_0.jpg,"blankenburg, braunlage",2
Kreissozialhilfsausschuss des Landkreises Blankenburg (Brit. Zone) Braunlage,,1896_02_04_3_0.jpg,"blankenburg, braunlage",2
Kreissozialhilfsausschuss des Landkreises Blankenburg (Brit. Zone) Braunlage,Braunlage,1876_03_08_10_0.jpg,"blankenburg, braunlage",2
Kreissozialhilfsausschuss des Landkreises Blankenburg (Brit. Zone) Brauñlage,Brauñlage,1896_02_04_4_0.jpg,blankenburg,1
Kreissozialhilfsausschuss des Landkreises Burgdorf/Hann.,Bayerische Kartei,1900_07_03_64_0.jpg,burgdorf,1
Kreissozialhilfsausschuss des Landkreises Burgdorf/Hann.,,1894_02_20_53_0.jpg,burgdorf,1
Kreissozialhilfsausschuss des Landkreises Burgdorf/Hann.,,1905_09_02_52_0.jpg,burgdorf,1
Kreissozialhilfsausschuss des Landkreises Burgdorf/Hann.,Bayerische Kartei,1905_03_06_74_0.jpg,burgdorf,1
Kreissozialhilfsausschuss des Landkreises Burgdorf/Hann.,,1882_07_08_12_0.jpg,burgdorf,1
Kreissozialhilfsausschuss des Landkreises Burgdorf/Hann.,,1899_11_17_53_0.jpg,burgdorf,1
Kreissozialhilfsausschuss des Landkreises Burgdorf/Hann.,,1914_01_04_62_0.jpg,burgdorf,1
Kreissozialhilfsausschuss des Landkreises Gera - Schmiedeberg,Rinteln,1900_09_23_52_0.jpg,"gera, schmiedeberg",2
"Kreissozialhilfsausschuss des Landkreises Gera, Schauburg",,1900_12_09_19_0.jpg,gera,1
"Kreissozialhilfsausschuss des Landkreises Gera, Schauburg",,1891_09_28_35_0.jpg,gera,1
Kreissozialhilfsausschuss des Landkreises Gera-Schweinfurt,Rinteln,1907_08_31_59_0.jpg,"gera, schweinfurt",2
Kreissozialhilfsausschuss des Landkreises Glatz-Schmiedeberg,Rinteln,1884_04_10_16_0.jpg,schmiedeberg,1
Kreissozialhilfsausschuss des Landkreises Glauchau Schauburg,,1907_06_22_66_0.jpg,glauchau,1
"Kreissozialhilfsausschuss des Landkreises Glauchau, Schauburg",20,1926_06_02_59_0.jpg,glauchau,1
"Kreissozialhilfsausschuss des Landkreises Glauchau, Schauburg","Kreissozialhilfsausschuss des Landkreises Glauchau, Schauburg",1902_12_12_85_0.jpg,glauchau,1
Kreissozialhilfsausschuss des Landkreises Griesbach-Schmiedeberg,,1897_09_16_74_0.jpg,schmiedeberg,1
Kreissozialhilfsausschuss des Landkreises Groß-Schauenburg,,1920_09_24_25_0.jpg,schauenburg,1
Kreissozialhilfsausschuss des Landkreises Groß-Schönebeck,20,1912_01_27_61_0.jpg,schönebeck,1
Kreissozialhilfsausschuss des Landkreises Grätz Schleswig,,1890_08_15_104_0.jpg,schleswig,1
Kreissozialhilfsausschübe Nordheim,,1886_01_07_26_0.jpg,nordheim,1
Kreissozialhilfsausschüß Cuxhaven,4.4.1947,1902_02_15_53_0.jpg,cuxhaven,1
Kreissozialhilfssauschuss Syke,S. 5593 Sch.,1898_06_29_85_0.jpg,syke,1
Kreissozialhilfssauschuss des Landkreises Burgdorf/Hann.,,1887_09_01_31_0.jpg,burgdorf,1
Kreissozialhilfsschul d. Landkreises Blankenburg (Brit. Zone) Braunlage,,1905_05_25_92_0.jpg,"blankenburg, braunlage",2
Kreissozialhilfsschul des Landkreises Burgdorf/Hann.,,1889_11_10_33_0.jpg,burgdorf,1
Kreissozialhilfsschuldes Landkreises Burgdorf/Hann.,,1899_10_07_33_0.jpg,burgdorf,1
Kreissozialhilfsschule Gifhorn,20,1903_04_25_40_0.jpg,gifhorn,1
Kreissozialhilfsschule Gifhorn,,1903_04_19_18_0.jpg,gifhorn,1
Kreissozialhilfsschule Gifhorn,Gifhorn,1894_07_02_19_0.jpg,gifhorn,1
Kreissozialhilfsschule Hameln,H.A. 4257 D,1913_03_20_21_0.jpg,hameln,1
Kreissozialhilfsschule Nordheim,,1895_08_06_21_0.jpg,nordheim,1
Kreissozialhilfsschule Nordheim,,1907_10_18_98_0.jpg,nordheim,1
Kreissozialhilfsschule Northeim,Northeim,1900_05_04_93_0.jpg,northeim,1
Kreissozialhilfsschule Northeim,,1912_06_11_76_0.jpg,northeim,1
Kreissozialhilfsschule Northeim,,1908_12_01_116_0.jpg,northeim,1
Kreissozialhilfsschule Northeim,,1901_03_21_100_0.jpg,northeim,1
Kreissozialhilfsschule Zell erfeld,4.5.1949,1886_06_06_3_0.jpg,zell,1
Kreissozialhilfsschulung Lingen,Lingen,1889_03_26_61_0.jpg,lingen,1
Kreissozialhilfsschulze Uelzen,84,1902_02_02_40_0.jpg,uelzen,1
Kreissozialhilfsschulze Watensleben-Salzgitter,,1907_07_09_18_0.jpg,salzgitter,1
Kreissozialhilfsschuss Bremervörde,,1903_11_17_70_0.jpg,bremervörde,1
Kreissozialhilfsschuss der Stadt Salzburg,Kreissozialhilfsschuss der Stadt Salzburg,1914_05_02_114_0.jpg,salzburg,1
Kreissozialhilfsschutz Bremervörde,,1893_02_19_10_0.jpg,bremervörde,1
Kreissozialhilfsschutzausschuss des Landkreises Burgdorf/Hann.,,1886_04_26_15_0.jpg,burgdorf,1
Kreissozialhilfsschwerpunkt Watenstedt-Salzgitter,Watenstedt-Salzgitter,1927_01_01_76_0.jpg,salzgitter,1
Kreissozialhilfsschübe Cuxhaven,,1915_03_25_83_0.jpg,cuxhaven,1
Kreissozialhilfsschübe Hameln-Pyrmont,H.-P.3957 N 89,1915_08_26_36_0.jpg,hameln,1
Kreissozialhilfsschübe Nienburg,5787,1893_09_04_8_0.jpg,nienburg,1
Kreissozialhilfsschübe Nordheim,,1903_07_08_88_0.jpg,nordheim,1
Kreissozialhilfsschübe Wilhelmshaven,26.4.88 i.26.11.88,1888_11_26_36_0.jpg,wilhelmshaven,1
Kreissozialhilfsschüle Gifhorn,Gifhorn,1900_04_26_26_0.jpg,gifhorn,1
Kreisssonderhilfsausschuss Gifhorn,,1897_12_12_105_0.jpg,gifhorn,1
Kreisssonderhilfsausschuss Hameln-Pyrmont,H.E. 4006 St.,1897_12_06_78_0.jpg,hameln,1
Kreisssonderhilfsausschuss Northeim,24.5.48,1869_09_04_1_0.jpg,northeim,1
Kreisverwaltung - Amt f. Wiedergutmachung - Höxter/Weser,170105,1903_02_26_60_0.jpg,höxter,1
Kreisverwaltung - Amt f. Wiedergutmachung - Höxter/Weser,31 933,1900_11_21_20_0.jpg,höxter,1
Kreisverwaltung - Amt f. Wiedergutmachung - Höxter/Weser,31 998 b,1921_06_11_74_0.jpg,höxter,1
Kreisverwaltung - Amt f. Wiedergutmachung - Höxter/Weser,17 145,1889_11_21_38_0.jpg,höxter,1
Kreisverwaltung - Amt f. Wiedergutmachung - Höxter/Weser,31 975,1935_10_21_22_0.jpg,höxter,1
Kreisverwaltung - Amt f. Wiedergutmachung - Höxter/Weser,64 766 f,1927_10_13_35_0.jpg,höxter,1
Kreisverwaltung - Amt f. Wiedergutmachung - Höxter/Weser,170 144,1931_11_16_20_0.jpg,höxter,1
Kreisverwaltung - Amt für Wiedergutmachung - Höxter/Weser,420 793,1875_01_04_3_0.jpg,höxter,1
Kreisverwaltung - Amt für Wiedergutmachung - Höxter/Weser,64800,1938_04_08_35_0.jpg,höxter,1
Kreisverwaltung - Amt für Wiedergutmachung - Höxter/Weser,64816,1944_03_07_1_0.jpg,höxter,1
Kreisverwaltung - Amt für Wiedergutmachung - Höxter/Weser,64766,1880_10_14_11_0.jpg,höxter,1
Kreisverwaltung - Amt für Wiedergutmachung - Höxter/Weser,31 410,1904_09_18_80_0.jpg,höxter,1
Kreisverwaltung - Amt für Wiedergutmachung - Höxter/Weser,64 928,1898_01_22_23_0.jpg,höxter,1
Kreisverwaltung - Amt für Wiedergutmachung Höxter/Weser,64 988,1880_05_10_2_0.jpg,höxter,1
Kreisverwaltung -Amt f. Wiedergutmachung Höxter/Weser,64 963,1925_02_05_97_0.jpg,höxter,1
Kreisverwaltung -Amt f. Wiedergutmachung- Höxter /Weser,64 955 a,1905_09_13_26_0.jpg,höxter,1
Kreisverwaltung -Amt f. Wiedergutmachung- Höxter /Weser,64 910 a,1882_01_24_3_0.jpg,höxter,1
Kreisverwaltung -Amt f. Wiedergutmachung- Höxter /Weser,64 766 e,1914_05_03_19_0.jpg,höxter,1
Kreisverwaltung -Amt f. Wiedergutmachung- Höxter/Weser,64 766 g,1932_06_12_41_0.jpg,höxter,1
Kreisverwaltung -Amt f. Wiedergutmachung- Höxter/Weser,170 148,1919_11_15_81_0.jpg,höxter,1
Kreisverwaltung -Amt f. Wiedergutmachung-Höxter/Weser,64 997,1915_01_14_43_0.jpg,höxter,1
Kreisverwaltung -Amt für Wiedergutmachung - Höxter/Weser,64 881 a,1924_03_05_43_0.jpg,höxter,1
Kreisverwaltung -Amt für Wiedergutmachung- Höxter /Weser,31 927,1882_11_26_3_0.jpg,höxter,1
Kreisverwaltung -Amt für Wiedergutmachung- Höxter r/Weser,32028,1901_09_09_103_0.jpg,höxter,1
Kreisverwaltung -Amt für Wiedergutmachung- Höxter/Weser,64 900,1912_01_08_43_0.jpg,höxter,1
Kreisverwaltung -Amt für Wiedergutmachung- Höxter/Weser,64 923 b,1938_09_08_3_0.jpg,höxter,1
Kreisverwaltung -Amt für Wiedergutmachung- Höxter/Weser,64842,1889_10_31_11_0.jpg,höxter,1
Kreisverwaltung -Amt für Wiedergutmachung- Höxter/Weser,64 962,1889_03_30_24_0.jpg,höxter,1
Kreisverwaltung -Amt für Wiedergutmachung- Höxter/Weser,32025,1896_07_05_77_0.jpg,höxter,1
Kreisverwaltung -Amt für Wiedergutmachung- Höxter/Weser,64 975,1896_12_05_9_0.jpg,höxter,1
Kreisverwaltung -Amt für Wiedergutmachung- Höxter/Weser-,64850,1891_05_18_38_0.jpg,höxter,1
Kreisverwaltung Büren/Westf. - Amt für Wiedergutmachung,61938,1921_08_01_39_0.jpg,büren,1
Kreisverwaltung Düren,N. 5820 H,1889_02_08_18_0.jpg,düren,1
Kreisverwaltung Höxter - Amt für Wiedergutmachung - Höxter/Weser,31 978,1885_12_26_23_0.jpg,höxter,1
Kreisverwaltung Höxter - Amt für Wiedergutmachung - Höxter/Weser,64 924,1899_08_22_11_0.jpg,höxter,1
Kreisverwaltung Höxter - Amt für Wiedergutmachung - Höxter/Weser,64 853,1898_01_11_57_0.jpg,höxter,1
Kreisverwaltung Paderborn,68 003,1903_04_26_89_0.jpg,paderborn,1
Kreisverwaltung Paderborn,68 217,1908_12_10_72_0.jpg,paderborn,1
Kreisverwaltung Paderborn,68 194,1881_12_04_14_0.jpg,paderborn,1
Kreisverwaltung Paderborn,68 159 'a,1888_08_24_18_0.jpg,paderborn,1
Kreisverwaltung Paderborn,68 086,1902_06_11_60_0.jpg,paderborn,1
Kreisverwaltung Paderborn,32 693,1909_08_30_101_0.jpg,paderborn,1
Kreisverwaltung Paderborn Amt für Wiedergutmachung,68 162,1903_08_09_57_0.jpg,paderborn,1
Kreisverwaltung Paderborn Amt für Wiedergutmachung,68 196,1891_10_22_18_0.jpg,paderborn,1
Kreisverwaltung Paderborn Amt für Wiedergutmachung,68 197,1891_10_22_17_0.jpg,paderborn,1
Kreisverwaltung Paderborn Amt für Wiedergutmachung,68 214,1912_10_08_132_0.jpg,paderborn,1
Kreisverwaltung Paderborn Amt für Wiedergutmachung,68 007,1912_09_25_100_0.jpg,paderborn,1
Kreisverwaltung Paderborn Amt für Wiedergutmachung,68 224,1915_05_11_27_0.jpg,paderborn,1
Kreisverwaltung Paderborn Amt für Wiedergutmachung,32 696,1893_05_21_16_0.jpg,paderborn,1
Kreisverwaltung Paderborn Amt für Wiedergutmachung,68 210,1905_04_03_57_0.jpg,paderborn,1
Kreisverwaltung Paderborn Amt für Wiedergutmachung,68 129,1889_09_14_10_0.jpg,paderborn,1
Kreisverwaltung Paderborn Amt für Wiedergutmachung,68 216,1911_10_19_32_0.jpg,paderborn,1
Kreisverwaltung Paderborn Amt für Wiedergutmachung,32 726,1904_09_02_25_0.jpg,paderborn,1
Kreisverwaltung Paderborn Amt für Wiedergutmachung,68 199,1907_02_24_2_0.jpg,paderborn,1
Kreisverwaltung Paderborn Amt für Wiedergutmachung,32 731,1910_02_12_89_0.jpg,paderborn,1
Kreisverwaltung Paderborn Amt für Wiedergutmachung,68 084,1902_06_14_97_0.jpg,paderborn,1
"Kreisverwaltung Paderborn, Amt für Wiedergutmachung",68 082,1894_08_14_45_0.jpg,paderborn,1
Kreisverwaltung Schleiden Wiedergutmachungssamt,ZK 705514/275,1898_04_06_68_0.jpg,schleiden,1
Kreisverwaltung Schleiden Wiedergutmachungssamt,ZK 705396/274,1898_04_06_67_0.jpg,schleiden,1
Kreisverwaltung Springe,4581,1889_03_03_50_0.jpg,springe,1
Kreisverwaltung Watenstedt-Salzgitter,,1878_02_20_28_0.jpg,salzgitter,1
Kreisverwaltung-Amt f. Wiedergutmachung - Höxter /Weser,1012,1925_08_30_19_0.jpg,höxter,1
Kreisverwaltungs Unna i.W. -Amt für Wiedergutmachung-,3 01098,1922_11_29_52_0.jpg,unna,1
Kreisverwaltungsreferat Salzgitter,Salzgitter,1894_11_24_30_0.jpg,salzgitter,1
Kreisverwaltungsreferat Schwerin,des Landkreises Graisch. Schwerin,1900_12_23_97_0.jpg,schwerin,1
Kreisverwaltungsreferat des Landkreises Burgdorf/Hann.,,1875_01_17_17_0.jpg,burgdorf,1
Kreisverwaltungsreferat des Landkreises Burgdorf/Hann.,,1894_06_09_6_0.jpg,burgdorf,1
Kreisverwaltungsreferat des Landkreises Burgdorf/Hann.,,1886_05_30_13_0.jpg,burgdorf,1
"Kriegsentschädigungsbehörde für Wiedergutmachung und verwaltete Vermögen, Nürnberg a. d. Weinstr.",110 011,1925_01_10_140_0.jpg,nürnberg,1
Krisverwaltung –Amt für Wiedergutmachung– Höxter/Weser,64 980,1898_12_17_92_0.jpg,höxter,1
Kroa Linda,123618/Li/118,1916_04_02_54_0.jpg,linda,1
Kroic Lindau,123512/L4/12,1900_08_30_13_0.jpg,lindau,1
Kroio Lindau,123563/34/63,1899_05_20_43_0.jpg,lindau,1
Kroio Lindau,123589/11/89,1876_03_02_9_0.jpg,lindau,1
Kroio Linden,123583/L3/83,1911_04_18_46_0.jpg,linden,1
Kroio Lindenau,123558/14/58,1907_11_09_35_0.jpg,lindenau,1
Krois Lindau,123598/11/98,1903_07_18_50_0.jpg,lindau,1
Krois Lindau,123665/Li/165,1891_02_16_53_0.jpg,lindau,1
Krois Lindau,123508/14/8,1908_03_29_8_0.jpg,lindau,1
Krois Lindau,123622/71/722,1897_02_17_48_0.jpg,lindau,1
Krois Lindau,123626/Li/126,1895_06_01_81_0.jpg,lindau,1
Krois Lindau,123503/L1/3,1901_01_12_7_0.jpg,lindau,1
Krois Lindau,123504/Li/4,1898_12_14_4_0.jpg,lindau,1
Krois Lindau,123536/L1/36,1902_08_12_25_0.jpg,lindau,1
Krois Lindau,123574/Bl/74,1902_06_07_22_0.jpg,lindau,1
Kroisjogendamt Lindau,123597/1.1/97,1942_03_19_9_0.jpg,lindau,1
Kupferberg,14396/07/A/DP/Kup,1907_07_10_76_0.jpg,kupferberg,1
Kupferberg b.Stadtsteinach,,1900_09_05_33_0.jpg,"kupferberg, stadtsteinach",2
Königreich Großherzogtum Baden,5517,1921_11_06_25_0.jpg,königreich,1
Königreich Preußen,176 253,1922_06_09_15_0.jpg,königreich,1
Königreich Preußen,BV 107 350,1908_01_16_98_0.jpg,königreich,1
Königreich Preußens,115 462,1920_08_13_88_0.jpg,königreich,1
Königsberg,6878,1884_08_02_2_0.jpg,königsberg,1
Königsberg,32430,1923_04_07_22_0.jpg,königsberg,1
Königsberg,Göttingen-Stadt,1892_02_13_28_0.jpg,königsberg,1
Königshütte/Oberschlesien,4128,1901_02_23_93_0.jpg,königshütte,1
Königsmark,Hildesheim,1897_09_24_34_0.jpg,königsmark,1
Königstein,Art. V-56-II-Nr. 54 130,1905_02_03_45_0.jpg,königstein,1
Köthen,994 K,1897_08_03_32_0.jpg,köthen,1
L.G. Heimburg,Es 11071,1922_08_19_53_0.jpg,heimburg,1
LG - Salzburg,43062/VI/6556,1922_06_28_53_0.jpg,salzburg,1
LG Bochum,15849/VI/4147,1911_08_18_18_0.jpg,bochum,1
LG Bochum,72301/VII/14503,1904_06_02_72_0.jpg,bochum,1
LG Bochum,9483,1906_09_12_99_0.jpg,bochum,1
LG Frankfurt,52337,1903_04_13_55_0.jpg,frankfurt,1
LG Frankfurt,A.Z. 11661/I/6217,1921_10_10_162_0.jpg,frankfurt,1
LG Frankfurt,54405/M1/4405,1920_10_15_220_0.jpg,frankfurt,1
LG Frankfurt,56876/MI/6876,1923_01_23_100_0.jpg,frankfurt,1
LG Frankfurt,53495/11/3495,1929_01_11_40_0.jpg,frankfurt,1
LG Frankfurt,ES 2098 (0),1925_10_01_78_0.jpg,frankfurt,1
LG Frankfurt,389 446,1910_04_02_11_0.jpg,frankfurt,1
LG Frankfurt,12097/VI/2797,1909_08_08_82_0.jpg,frankfurt,1
LG Nürnberg,A57/II/575,1921_03_28_63_0.jpg,nürnberg,1
LG Nürnberg,101135/VII/35271,1918_10_11_3_0.jpg,nürnberg,1
LG Nürnberg,61 987/VI/11409,1923_08_20_61_0.jpg,nürnberg,1
LG Weiden,92401/VII/25793,1908_04_11_21_0.jpg,weiden,1
LG Würzburg,96175/VII/29710,1911_03_20_103_0.jpg,würzburg,1
"LG, Bochum",16233/VII/797,1900_06_17_12_0.jpg,bochum,1
LG. Bochum,110181/VI/9809,1896_10_23_31_0.jpg,bochum,1
LJV Ludwigslust,9412/VI/2488,1914_02_11_76_0.jpg,ludwigslust,1
LJV. Ludwigsburg,59317/Mi/9317,1920_12_19_23_0.jpg,ludwigsburg,1
LJV. Ludwigsburg,87745/II/6323,1913_06_11_45_0.jpg,ludwigsburg,1
LKA Jülich,HNG - 890,1903_10_12_70_0.jpg,jülich,1
LKA Ludwigsburg,86501/Mi/11275,1925_08_19_42_0.jpg,ludwigsburg,1
LV4 Dortmund,421 181,1923_07_09_58_0.jpg,dortmund,1
LVA Bayreuth,5822/III/1040,1910_06_19_56_0.jpg,bayreuth,1
LVA Lübeck,420 991,1900_11_13_56_0.jpg,lübeck,1
LVA Lübeck,612 588,1920_10_03_105_0.jpg,lübeck,1
LVA Lübeck,778 685,1915_08_19_18_0.jpg,lübeck,1
LVA Speyer,123377/VII/380,1928_11_18_28_0.jpg,speyer,1
LVA Speyer,238.028 c,1926_12_08_47_0.jpg,speyer,1
Land. Justizverw. Ludwigsburg,103432/VII/37580,1922_05_09_35_0.jpg,ludwigsburg,1
Land.Justizv.Ludwigsburg,,1926_12_26_69_0.jpg,ludwigsburg,1
Landes Nordhausen - Westfalen,Z.K. 69302/52,1913_08_14_55_0.jpg,nordhausen,1
Landes Nordheim-Westfalen,Z.K. 14932,1917_06_18_31_0.jpg,nordheim,1
Landesamt für Vermerk und Schutz,EK 13915,1943_10_24_8_0.jpg,schutz,1
"Landesamt für die Wiedergutmachung, Abg. a. Landratsamt Hechingen -Kreisverband-",ET2260,1899_09_30_57_0.jpg,hechingen,1
"Landesbeirat für die Wiedergutmachung, Schweinfurt",A.Z. 7560(0),1915_06_15_241_0.jpg,schweinfurt,1
"Landesbeirat für die Wiedergutmachung, Schwerin",A.Z. 5591(0),1926_12_05_78_0.jpg,schwerin,1
Landesbezirksstelle Mannheim,7597(0),1929_04_02_44_0.jpg,mannheim,1
Landesbezirksstelle Würzburg,ES 4109-3,1923_02_25_120_0.jpg,würzburg,1
"Landesbezirksstelle für die Wiedergutmachung, Schweinfurt",ES 2185-1,1924_04_07_79_0.jpg,schweinfurt,1
Landesentschädigungsamt in der Bayerischen Landesentschädigungs- und Staats-schuldenverwaltung,BEG 48 406,1905_05_13_4_0.jpg,staats,1
"Landesheiratstelle für die Wiedergutmachung, Schweinfurt",A.Z. 4458(0),1918_12_27_2_0.jpg,schweinfurt,1
Landesjustizv. Ludwigsburg,100 271/VI/8571,1913_02_26_54_0.jpg,ludwigsburg,1
Landesjustizv.Lindau,732/1/498,1907_02_11_42_0.jpg,lindau,1
Landesjustizverwaltung Ludwigsburg,332 30458,1902_03_13_84_0.jpg,ludwigsburg,1
Landessozialgericht Essen,,1877_04_29_15_0.jpg,essen,1
Landesstelle Nordhausen - Westfalen,784 875,1909_02_06_15_0.jpg,nordhausen,1
Landeszentralbank Reutlingen,ET5073,1889_01_15_22_0.jpg,reutlingen,1
Landeszentrale und Stelle für die Wiedergutmachung,92681/VII/26082,1910_04_27_16_0.jpg,stelle,1
Landkreis Coesfeld,,1900_07_12_61_0.jpg,coesfeld,1
Landkreis Cottbus,,1900_01_03_17_0.jpg,cottbus,1
Landkreis Geraffthoft Hoya,5.5457 B,1888_12_10_9_0.jpg,hoya,1
Landkreis Graffchaft Hoya,Syke,1895_05_09_59_0.jpg,hoya,1
Landkreis Grafschaft Bentheim,S 5483,1897_06_01_34_0.jpg,grafschaft,1
Landkreis Grafschaft Bentheim,5,1907_07_12_52_0.jpg,grafschaft,1
Landkreis Grafschaft Gooya,55374,1891_09_26_23_0.jpg,grafschaft,1
Landkreis Grafschaft Goya,31,1903_09_27_82_0.jpg,grafschaft,1
Landkreis Grafschaft Goya,,1891_09_26_24_0.jpg,grafschaft,1
Landkreis Grafschaft Goya,,1881_09_13_9_0.jpg,grafschaft,1
Landkreis Grafschaft Goya,"187,50",1881_01_11_5_0.jpg,grafschaft,1
Landkreis Grafschaft Goya,Syke,1897_03_10_58_0.jpg,grafschaft,1
Landkreis Grafschaft Goya,,1897_11_06_80_0.jpg,grafschaft,1
Landkreis Grafschaft Goya,S 6297 H,1890_07_17_66_0.jpg,grafschaft,1
Landkreis Grafschaft Goya,136,1895_06_28_30_0.jpg,grafschaft,1
Landkreis Grafschaft Goya,Syke,1914_08_31_17_0.jpg,grafschaft,1
Landkreis Grafschaft Goya,,1892_10_29_55_0.jpg,grafschaft,1
Landkreis Grafschaft Goya,Nr.18,1879_04_09_12_0.jpg,grafschaft,1
Landkreis Grafschaft Hoy,5 5601 W,1894_03_17_93_0.jpg,grafschaft,1
Landkreis Grafschaft Hoy,S 6299 Sch,1898_09_18_80_0.jpg,grafschaft,1
Landkreis Grafschaft Hoya,S 54 13 8,1900_10_10_121_0.jpg,"grafschaft, hoya",2
Landkreis Grafschaft Hoya,S 5397 M,1895_12_17_46_0.jpg,"grafschaft, hoya",2
Landkreis Grafschaft Lippe,,1891_01_09_54_0.jpg,grafschaft,1
Landkreis Grafschaft Lippe,S 5585 Sch,1893_01_02_52_0.jpg,grafschaft,1
Landkreis Grafschaft Lippe,S-5608 H,1889_02_05_52_0.jpg,grafschaft,1
Landkreis Grafschaft Lippe,Sy/Ke,1885_05_27_31_0.jpg,grafschaft,1
Landkreis Grafschaft Lippe,,1890_06_06_72_0.jpg,grafschaft,1
Landkreis Grafschaft Lippe,9,1880_10_31_21_0.jpg,grafschaft,1
Landkreis Grafschaft Lippe,S 6393 Sib,1886_09_11_46_0.jpg,grafschaft,1
Landkreis Grafschaft Lippe,Syke,1914_01_22_85_0.jpg,grafschaft,1
Landkreis Grafschaft Lippe,S 5598 SIT,1892_07_12_63_0.jpg,grafschaft,1
Landkreis Grafschaft Lippe,5594,1904_01_28_101_0.jpg,grafschaft,1
Landkreis Grafschaft Lippe,307,1898_04_11_42_0.jpg,grafschaft,1
Landkreis Grafschaft Lippe,,1909_12_08_49_0.jpg,grafschaft,1
Landkreis Großherzogtum Gotha,,1886_05_31_24_0.jpg,gotha,1
Landkreis Höxter - Amt f. Wiedergutmachung - Höxter/Weser,170 585,1883_11_15_41_0.jpg,höxter,1
Landkreis Höxter - Amt für Wiedergutmachung - Höxter/Weser,64 994 a,1913_08_19_33_0.jpg,höxter,1
Landkreis Höxter -Amt für Wiedergutmachung- Höxter/Weser,170 560 a,1899_09_18_46_0.jpg,höxter,1
Landkreis Höxter – Amt f. Wiedergutmachung – Höxter/Weser,170 143,1907_05_27_76_0.jpg,höxter,1
Landkreis Höxter-Amt für Wiedergutmachung - Höxter/Weser,170 141 0,1925_04_12_124_0.jpg,höxter,1
Landkreis Iserlohn,ZK. 461 484,1901_06_20_82_0.jpg,iserlohn,1
Landkreis Iserlohn,461 483,1913_10_28_21_0.jpg,iserlohn,1
Landkreis Iserlohn Amt für Wiedergutmachung,Z.K. 461379,1891_12_15_13_0.jpg,iserlohn,1
Landkreis Iserlohn Amt für Wiedergutmachung,Z.K. 467472,1912_04_21_98_0.jpg,iserlohn,1
Landkreis Iserlohn Amt für Wiedergutmachung,Z.K 461349,1899_02_28_34_0.jpg,iserlohn,1
Landkreis Iserlohn Amt für Wiedergutmachung,Z.K.461466a,1892_04_29_35_0.jpg,iserlohn,1
Landkreis Iserlohn Amt für Wiedergutmachung,Z.K. 46469,1904_09_07_71_0.jpg,iserlohn,1
Landkreis Landshut,Bayerische Kartei,1906_03_09_14_0.jpg,landshut,1
Landkreis Lemgo,ZK. 65 934,1897_02_02_27_0.jpg,lemgo,1
Landkreis Lemgo,65 935,1899_07_02_34_0.jpg,lemgo,1
Landkreis Lemgo,65 933,1904_03_21_115_0.jpg,lemgo,1
Landkreis Oberschleißheim,Landkreis Oberschleißheim,1895_11_27_7_0.jpg,oberschleißheim,1
Landkreis Oschersleben,,1884_06_21_4_0.jpg,oschersleben,1
Landkreis Oschersleben,,1903_10_28_67_0.jpg,oschersleben,1
Landkreis Oschersleben,,1900_12_23_115_0.jpg,oschersleben,1
Landkreis Oschersleben,Oschersleben,1885_06_10_12_0.jpg,oschersleben,1
Landkreis Oschersleben,5056,1901_08_01_79_0.jpg,oschersleben,1
Landkreis Oschersleben,,1901_08_20_78_0.jpg,oschersleben,1
Landkreis Osterholz,,1884_03_18_28_0.jpg,osterholz,1
Landkreis Osterholz,,1903_04_22_102_0.jpg,osterholz,1
Landkreis Osterholz,,1903_08_24_92_0.jpg,osterholz,1
Landkreis Osterholz,,1900_01_22_9_0.jpg,osterholz,1
Landkreis Osterholz,,1900_01_14_65_0.jpg,osterholz,1
Landkreis Osterholz,,1900_01_31_91_0.jpg,osterholz,1
Landkreis Osterholz,,1894_07_11_69_0.jpg,osterholz,1
Landkreis Osterholz,Landkreis Osterholz,1894_04_18_75_0.jpg,osterholz,1
Landkreis Osterholz,,1894_12_14_21_0.jpg,osterholz,1
Landkreis Osterholz,,1921_03_13_108_0.jpg,osterholz,1
Landkreis Osterholz,,1920_02_17_39_0.jpg,osterholz,1
Landkreis Osterholz,,1868_03_01_5_0.jpg,osterholz,1
Landkreis Osterholz,,1918_10_28_4_0.jpg,osterholz,1
Landkreis Osterholz,,1918_06_23_39_0.jpg,osterholz,1
Landkreis Osterholz,,1891_01_30_40_0.jpg,osterholz,1
Landkreis Osterholz,,1908_11_01_16_0.jpg,osterholz,1
Landkreis Osterholz,,1908_08_06_127_0.jpg,osterholz,1
Landkreis Osterholz,,1893_01_05_42_0.jpg,osterholz,1
Landkreis Osterholz,,1905_01_17_129_0.jpg,osterholz,1
Landkreis Osterholz,26,1905_03_22_90_0.jpg,osterholz,1
Landkreis Osterholz,,1905_08_05_42_0.jpg,osterholz,1
Landkreis Osterholz,,1905_04_12_24_0.jpg,osterholz,1
Landkreis Osterholz,2300,1889_06_18_29_0.jpg,osterholz,1
Landkreis Osterholz,6300,1889_12_20_10_0.jpg,osterholz,1
Landkreis Osterholz,,1881_05_11_33_0.jpg,osterholz,1
Landkreis Osterholz,,1882_04_25_2_0.jpg,osterholz,1
Landkreis Osterholz,,1911_03_19_85_0.jpg,osterholz,1
Landkreis Osterholz,,1911_03_25_59_0.jpg,osterholz,1
Landkreis Osterholz,,1897_09_27_12_0.jpg,osterholz,1
Landkreis Osterholz,,1897_03_05_15_0.jpg,osterholz,1
Landkreis Osterholz,AZwirne,1897_06_16_14_0.jpg,osterholz,1
Landkreis Osterholz,,1897_08_15_43_0.jpg,osterholz,1
Landkreis Osterholz,,1887_07_30_2_0.jpg,osterholz,1
Landkreis Osterholz,2350,1887_03_19_10_0.jpg,osterholz,1
Landkreis Osterholz,,1895_12_10_37_0.jpg,osterholz,1
Landkreis Osterholz,,1895_11_01_89_0.jpg,osterholz,1
Landkreis Osterholz,,1895_04_04_8_0.jpg,osterholz,1
Landkreis Osterholz,,1895_02_25_37_0.jpg,osterholz,1
Landkreis Osterholz,,1895_01_09_9_0.jpg,osterholz,1
Landkreis Osterholz,,1888_04_15_48_0.jpg,osterholz,1
Landkreis Osterholz,Ego Bayerische Kartei,1888_09_13_10_0.jpg,osterholz,1
Landkreis Osterholz,,1888_06_14_42_0.jpg,osterholz,1
Landkreis Osterholz,4500,1899_12_23_45_0.jpg,osterholz,1
Landkreis Osterholz,,1899_03_09_74_0.jpg,osterholz,1
Landkreis Osterholz,1204,1914_01_04_75_0.jpg,osterholz,1
Landkreis Osterholz,,1892_09_23_6_0.jpg,osterholz,1
Landkreis Osterholz,,1892_09_12_45_0.jpg,osterholz,1
Landkreis Osterholz,20,1892_11_28_7_0.jpg,osterholz,1
Landkreis Osterholz,Landkreis Osterholz,1896_03_14_106_0.jpg,osterholz,1
Landkreis Osterholz,,1907_03_09_82_0.jpg,osterholz,1
Landkreis Osterholz,,1907_10_30_27_0.jpg,osterholz,1
Landkreis Osterholz,20,1906_01_04_69_0.jpg,osterholz,1
Landkreis Osterholz,,1906_02_21_28_0.jpg,osterholz,1
Landkreis Osterholz,7050,1906_07_11_56_0.jpg,osterholz,1
Landkreis Osterholz,,1901_01_12_123_0.jpg,osterholz,1
Landkreis Osterholz,,1901_05_26_78_0.jpg,osterholz,1
Landkreis Osterholz,,1898_02_17_31_0.jpg,osterholz,1
Landkreis Osterholz,,1898_01_14_76_0.jpg,osterholz,1
Landkreis Osterholz,,1898_06_13_40_0.jpg,osterholz,1
Landkreis Osterholz,Osterholz-Scharmbeck Auf dem Kamp 20,1910_10_06_32_0.jpg,osterholz,1
Landkreis Osterholz,,1910_04_14_60_0.jpg,osterholz,1
Landkreis Osterholz,,1910_12_22_127_0.jpg,osterholz,1
Landkreis Osterholz,,1910_08_24_26_0.jpg,osterholz,1
Landkreis Osterholz,,1913_01_24_60_0.jpg,osterholz,1
Landkreis Osterholz,,1879_12_01_38_0.jpg,osterholz,1
Landkreis Osterholz,Landkreis Osterholz,1879_02_11_26_0.jpg,osterholz,1
Landkreis Osterholz,,1902_01_10_28_0.jpg,osterholz,1
Landkreis Osterholz,,1902_08_26_66_0.jpg,osterholz,1
Landkreis Osterholz,,1909_08_07_94_0.jpg,osterholz,1
"Landkreis Paderborn, Der Oberkreisdirektor, Amt für Wiedergutmachung, in Paderborn",68 343,1909_06_25_67_0.jpg,paderborn,1
Landkreis Uelzen,,1914_04_23_28_0.jpg,uelzen,1
Landkreisverwaltung - Amt f. Wiedergutmachung - Höxter/Weser,170 157 a,1915_06_12_32_0.jpg,höxter,1
Landkreisverwaltung - Amt f. Wiedergutmachung - Höxter/Weser,64 760 d,1927_08_10_51_0.jpg,höxter,1
Landkreisverwaltung -Amt für Wiedergutmachung- Höxter,170 177,1913_10_11_13_0.jpg,höxter,1
Landkreisverwaltung Höxter -Amt für Wiedergutmachung- Höxter,617 067 a,1909_04_20_71_0.jpg,höxter,1
Landkreisverwaltung Höxter –Amt für Wiedergutmachung– Höxter,170 171 a,1909_04_17_48_0.jpg,höxter,1
"Landrat des Landkreises Marburg/Lahn, Kreisjugendamt-Amtsvormundschaft",K-01006-89-J-He,1914_05_10_29_0.jpg,"lahn, marburg",2
Landratsamt Bad Aibling,75780MVI/18185,1908_05_24_85_0.jpg,bad aibling,1
Landsberg,32605/V/8735,1922_05_02_36_0.jpg,landsberg,1
Landsberg,EK 6660 a A,1864_11_08_2_0.jpg,landsberg,1
Landsberg,19223/VII/1732,1907_12_24_73_0.jpg,landsberg,1
Landsberg,34.761/I/8824,1907_11_03_15_0.jpg,landsberg,1
"Landsberg/Lech, DP-Lager",A.Z. ES 1243 (0),1934_03_07_28_0.jpg,landsberg,1
Landsmannschaft der im Deutschen Reich verfolgten Juden,6495/I/2390,1897_12_24_37_0.jpg,reich,1
Leipzig,109610,1933_06_28_11_0.jpg,leipzig,1
Leipzig,421 703,1922_12_01_27_0.jpg,leipzig,1
Leipzig,40 763,1891_11_04_54_0.jpg,leipzig,1
Leipzig,778 195,1926_12_06_47_0.jpg,leipzig,1
Leipzig,EK 20173 A,1878_03_19_1_0.jpg,leipzig,1
Leipzig,206 085,1924_05_20_104_0.jpg,leipzig,1
Leipzig,108 914,1940_02_23_23_0.jpg,leipzig,1
Leipzig,109037,1935_12_17_2_0.jpg,leipzig,1
Leipzig N. 45,59.190,1916_12_25_9_0.jpg,leipzig,1
Leipzig für Wiedergutmachung,170 060,1896_05_30_80_0.jpg,leipzig,1
"Lenzen a. d. Elbe, Reg. Bez. Potsdam, Brandenburg",70702,1906_10_07_69_0.jpg,"brandenburg, elbe, lenzen, potsdam",4
Limburg/Lahn,161,1914_12_03_90_0.jpg,"lahn, limburg",2
Limburg/Lahn,177,1927_06_25_33_0.jpg,"lahn, limburg",2
"Lindau, Deutschenstraße 4",123643/12/143,1905_01_12_79_0.jpg,lindau,1
"Lindau, Fischerergasse 9",123555/L4/55,1896_07_06_25_0.jpg,lindau,1
Linnich Krs.Julich,71386,1902_09_29_57_0.jpg,linnich,1
Lohr / Main,17.342/IV/780,1903_08_03_70_0.jpg,lohr,1
Lübeck,606 307,1916_05_14_74_0.jpg,lübeck,1
Lüdenscheid,EK5469,1900_11_16_25_0.jpg,lüdenscheid,1
Lüdenscheid,EK 7336 A,1894_01_05_56_0.jpg,lüdenscheid,1
Lüdenscheid,26.422 c,1924_09_18_15_0.jpg,lüdenscheid,1
Lüdenscheid,EK 23202 A,1940_05_09_18_0.jpg,lüdenscheid,1
Magdeborn/Leipzig(sowj.Z.),71 021,1881_05_04_27_0.jpg,leipzig,1
Magdeburg,VV5027-4480-DV332,1922_08_16_40_0.jpg,magdeburg,1
Magdeburg,VV5027-A479-BV332,1918_05_10_107_0.jpg,magdeburg,1
Magdeburg,W5027-4455-BV332,1928_03_23_13_0.jpg,magdeburg,1
Magdeburg,V/5027-A 474-BV 332,1924_07_01_30_0.jpg,magdeburg,1
Magdeburg,V/6027-478-BV 332,1924_01_30_32_0.jpg,magdeburg,1
Magdeburg,V5027-A481-BV332,1914_07_27_72_0.jpg,magdeburg,1
Magdeburg,W.5027-A473-BV332,1901_09_12_54_0.jpg,magdeburg,1
Magdeburg,W.5027-A473-BV332,1901_09_12_62_0.jpg,magdeburg,1
Magdeburg,VV5027-A476-BV332,1919_04_07_35_0.jpg,magdeburg,1
Magdeburg,VV 5027 - A 457 - BV 332,1942_07_25_12_0.jpg,magdeburg,1
Magdeburg,V/5027-A477-BV 332,1943_09_05_4_0.jpg,magdeburg,1
Magdeburg,VV5027-A472-BV332,1917_01_04_61_0.jpg,magdeburg,1
Magistrat der Stadt Bremervörde,A.Z. 7458/38,1902_08_21_24_0.jpg,bremervörde,1
Magistrat der Stadt Fürth,7308/742,1903_11_16_59_0.jpg,fürth,1
Mannheim,281 156,1915_12_13_66_0.jpg,mannheim,1
Mannheim,EK 21758,1888_06_24_49_0.jpg,mannheim,1
Merseburg,56 663,1896_11_18_16_0.jpg,merseburg,1
Munster (Wcfft.),443.2.05,1902_07_13_9_0.jpg,munster,1
Möllendorf,334 478,1915_10_07_39_0.jpg,möllendorf,1
NORDEN,,1885_10_22_5_0.jpg,norden,1
"Neckarsulmer, Sophie Dukas geb. Lichtenberg",EK 7 367 /A,1895_03_24_9_0.jpg,lichtenberg,1
Neu Isenburg,778 060,1915_05_29_24_0.jpg,isenburg,1
Neu-Siedl ad.d. Weinsberg,47 389,1887_12_31_17_0.jpg,weinsberg,1
"Neue Karte für die Erbin, da der bish. Ast. zwischen verstorben ist.",EK 22 040,1886_01_10_40_0.jpg,ast,1
"Neue Karten für die Erben, da Ast. zwischen verstorben.",EK 2 058,1914_04_30_24_0.jpg,ast,1
Neuendettelsau,334 169,1933_05_01_29_0.jpg,neuendettelsau,1
Neuendettelsau,334974,1916_04_25_81_0.jpg,neuendettelsau,1
Neuendettelsau,336 549,1905_10_24_13_0.jpg,neuendettelsau,1
Neuendettelsau,3813,1909_05_02_70_0.jpg,neuendettelsau,1
Neuendettelsau a. d. Weinstraße,40 554,1902_10_22_68_0.jpg,neuendettelsau,1
Neuendettelsau a.d. Weinstr.,46 705,1900_12_02_52_0.jpg,neuendettelsau,1
Neuendorf,334 988,1905_04_28_94_0.jpg,neuendorf,1
Neuendorf,336 816,1901_06_05_28_0.jpg,neuendorf,1
Neuer Landgerichtsvollzugsamt für Wiedergutmachung und verwaltete Vermögen Neuss a. d. W.,41 716,1944_03_27_Neu_10_0.jpg,neuss,1
Neuer Landgerichtsvollzugsamt für Wiedergutmachung und verwaltete Vermögen Neuss a. d. W.,41 716,1944_03_27_9_0.jpg,neuss,1
Neumark,31487/VI/9664,1933_04_12_26_0.jpg,neumark,1
Neusäß,336 563,1922_08_08_14_0.jpg,neusäß,1
"Niedersächsisches Landesamt für Wiedergutmachung und verwaltete Vermögen, Koblentz",61510,1935_11_07_26_0.jpg,koblentz,1
Nienburg,N/A,1874_07_08_4_0.jpg,nienburg,1
Nienburg,5802,1874_05_02_6_0.jpg,nienburg,1
Nienburg,5916,1874_07_08_3_0.jpg,nienburg,1
Nienburg,5793,1908_09_17_25_0.jpg,nienburg,1
Nienburg,5783,1908_12_16_68_0.jpg,nienburg,1
Nienburg,5772,1905_07_10_99_0.jpg,nienburg,1
Nienburg,5816,1878_06_09_10_0.jpg,nienburg,1
Nienburg,5784,1911_09_25_81_0.jpg,nienburg,1
Nienburg,5841,1886_05_26_20_0.jpg,nienburg,1
Nienburg,5777,1914_02_05_108_0.jpg,nienburg,1
Nienburg,5780,1906_07_21_121_0.jpg,nienburg,1
Nienburg,5794,1876_04_06_3_0.jpg,nienburg,1
Nienburg,152,1909_04_25_133_0.jpg,nienburg,1
Nienburg,5808,1909_04_25_132_0.jpg,nienburg,1
Nienburg - Weser,,1889_05_29_19_0.jpg,nienburg,1
Nienburg - Weser,N 5842 B,1889_04_30_7_0.jpg,nienburg,1
Nienburg ~ Weser,45,1888_08_31_34_0.jpg,nienburg,1
Nienburg ~ Weser,N 5716 R,1879_05_02_17_0.jpg,nienburg,1
Nienburg-Weser,11u/20.5.52,1874_01_18_8_0.jpg,nienburg,1
Nienburg-Weser,N 5789 R,1903_07_26_65_0.jpg,nienburg,1
Nienburg-Weser,14e/145.52,1903_07_26_64_0.jpg,nienburg,1
Nienburg-Weser,N 59780,1900_02_23_68_0.jpg,nienburg,1
Nienburg-Weser,112/00552,1900_02_23_67_0.jpg,nienburg,1
Nienburg-Weser,N 5818 E,1894_02_10_28_0.jpg,nienburg,1
Nienburg-Weser,N 5729 P,1894_06_07_49_0.jpg,nienburg,1
Nienburg-Weser,N/A,1894_09_25_44_0.jpg,nienburg,1
Nienburg-Weser,24.5.52,1894_09_23_39_0.jpg,nienburg,1
Nienburg-Weser,N 5838,1894_09_23_40_0.jpg,nienburg,1
Nienburg-Weser,114/2055,1894_06_07_48_0.jpg,nienburg,1
Nienburg-Weser,N 5876 6,1891_06_27_6_0.jpg,nienburg,1
Nienburg-Weser,N 57 84 F,1891_01_08_13_0.jpg,nienburg,1
Nienburg-Weser,Nienburg-Weser,1891_10_28_29_0.jpg,nienburg,1
Nienburg-Weser,56,1891_01_08_12_0.jpg,nienburg,1
Nienburg-Weser,,1891_06_27_5_0.jpg,nienburg,1
Nienburg-Weser,19.10.1891,1891_10_19_2_0.jpg,nienburg,1
Nienburg-Weser,Nienburg,1908_12_16_69_0.jpg,nienburg,1
Nienburg-Weser,N 5909 H,1908_06_15_87_0.jpg,nienburg,1
Nienburg-Weser,161550,1908_08_10_80_0.jpg,nienburg,1
Nienburg-Weser,STH H 5766 H,1908_08_10_79_0.jpg,nienburg,1
Nienburg-Weser,552,1908_04_02_41_0.jpg,nienburg,1
Nienburg-Weser,,1908_06_10_74_0.jpg,nienburg,1
Nienburg-Weser,,1908_06_15_88_0.jpg,nienburg,1
Nienburg-Weser,N 5714,1908_04_02_40_0.jpg,nienburg,1
Nienburg-Weser,114,1908_06_19_99_0.jpg,nienburg,1
Nienburg-Weser,Nienburg,1926_04_24_51_0.jpg,nienburg,1
Nienburg-Weser,Nienburg/W,1893_12_02_17_0.jpg,nienburg,1
Nienburg-Weser,N. 5925 Sch,1893_03_16_72_0.jpg,nienburg,1
Nienburg-Weser,Nienburg,1893_02_10_59_0.jpg,nienburg,1
Nienburg-Weser,Nienburg/W.,1893_11_27_22_0.jpg,nienburg,1
Nienburg-Weser,N 5723,1893_12_02_18_0.jpg,nienburg,1
Nienburg-Weser,,1893_10_23_35_0.jpg,nienburg,1
Nienburg-Weser,Nienburg-Weser,1893_10_11_53_0.jpg,nienburg,1
Nienburg-Weser,16550,1893_03_02_23_0.jpg,nienburg,1
Nienburg-Weser,161,1905_03_27_54_0.jpg,nienburg,1
Nienburg-Weser,Nienburg-Weser,1905_07_10_100_0.jpg,nienburg,1
Nienburg-Weser,August,1889_02_08_20_0.jpg,nienburg,1
Nienburg-Weser,20552,1878_06_09_11_0.jpg,nienburg,1
Nienburg-Weser,N/A,1881_11_18_6_0.jpg,nienburg,1
Nienburg-Weser,N 5834 E,1881_11_18_5_0.jpg,nienburg,1
Nienburg-Weser,Nienburg,1881_07_07_23_0.jpg,nienburg,1
Nienburg-Weser,Nienburg/W,1882_05_30_29_0.jpg,nienburg,1
Nienburg-Weser,16.55,1885_07_25_20_0.jpg,nienburg,1
Nienburg-Weser,N/A,1911_09_25_80_0.jpg,nienburg,1
Nienburg-Weser,110/21.5.52,1897_02_25_81_0.jpg,nienburg,1
Nienburg-Weser,36,1897_04_18_27_0.jpg,nienburg,1
Nienburg-Weser,N 5788 517,1890_04_18_42_0.jpg,nienburg,1
Nienburg-Weser,76,1890_10_31_7_0.jpg,nienburg,1
Nienburg-Weser,Nienburg-Weser,1890_05_16_52_0.jpg,nienburg,1
Nienburg-Weser,N 5759 P,1895_09_23_57_0.jpg,nienburg,1
Nienburg-Weser,33,1895_01_13_2_0.jpg,nienburg,1
Nienburg-Weser,N 5718 H,1895_07_25_34_0.jpg,nienburg,1
Nienburg-Weser,N 5757,1895_05_30_88_0.jpg,nienburg,1
Nienburg-Weser,Nienburg-Weser,1895_05_30_89_0.jpg,nienburg,1
Nienburg-Weser,Nienburg-Weser,1895_09_23_58_0.jpg,nienburg,1
Nienburg-Weser,116/15155,1880_03_09_6_0.jpg,nienburg,1
Nienburg-Weser,N 5907 S,1888_04_22_44_0.jpg,nienburg,1
Nienburg-Weser,N 5739 H,1888_02_27_17_0.jpg,nienburg,1
Nienburg-Weser,26,1888_02_27_18_0.jpg,nienburg,1
Nienburg-Weser,Nienburg-Weser,1899_01_21_116_0.jpg,nienburg,1
Nienburg-Weser,N/A,1899_09_21_41_0.jpg,nienburg,1
Nienburg-Weser,Nienburg,1899_03_21_61_0.jpg,nienburg,1
Nienburg-Weser,,1899_12_15_95_0.jpg,nienburg,1
Nienburg-Weser,N 5784 R,1914_10_23_80_0.jpg,nienburg,1
Nienburg-Weser,Nienburg-W,1914_10_23_79_0.jpg,nienburg,1
Nienburg-Weser,112552,1892_01_12_46_0.jpg,nienburg,1
Nienburg-Weser,N 5768 S,1892_01_12_45_0.jpg,nienburg,1
Nienburg-Weser,112/552,1892_01_27_50_0.jpg,nienburg,1
Nienburg-Weser,N/A,1896_09_05_7_0.jpg,nienburg,1
Nienburg-Weser,Nienburg-Weser,1896_01_05_71_0.jpg,nienburg,1
Nienburg-Weser,Nienburg,1896_09_27_66_0.jpg,nienburg,1
Nienburg-Weser,117,1896_05_16_98_0.jpg,nienburg,1
Nienburg-Weser,114,1904_02_09_30_0.jpg,nienburg,1
Nienburg-Weser,N 58 59 H,1904_02_12_41_0.jpg,nienburg,1
Nienburg-Weser,19552,1925_01_01_58_0.jpg,nienburg,1
Nienburg-Weser,Nienburg-W,1907_03_06_61_0.jpg,nienburg,1
Nienburg-Weser,N 5424 K 14,1907_03_06_60_0.jpg,nienburg,1
Nienburg-Weser,Nienburg-Weser,1906_07_21_120_0.jpg,nienburg,1
Nienburg-Weser,Nienburg,1901_12_27_4_0.jpg,nienburg,1
Nienburg-Weser,12,1901_07_29_17_0.jpg,nienburg,1
Nienburg-Weser,914116552,1901_06_13_39_0.jpg,nienburg,1
Nienburg-Weser,15.552,1901_04_23_24_0.jpg,nienburg,1
Nienburg-Weser,N/A,1898_05_24_95_0.jpg,nienburg,1
Nienburg-Weser,114/21552,1898_01_12_84_0.jpg,nienburg,1
Nienburg-Weser,Nienburg/W.,1898_02_28_51_0.jpg,nienburg,1
Nienburg-Weser,N 5764 Scl,1898_05_24_94_0.jpg,nienburg,1
Nienburg-Weser,116/21552,1898_01_21_76_0.jpg,nienburg,1
Nienburg-Weser,148/1955,1898_03_05_66_0.jpg,nienburg,1
Nienburg-Weser,N/A,1910_01_29_64_0.jpg,nienburg,1
Nienburg-Weser,Nienburg,1876_04_06_2_0.jpg,nienburg,1
Nienburg-Weser,20.550,1913_02_15_92_0.jpg,nienburg,1
Nienburg-Weser,85,1879_05_02_16_0.jpg,nienburg,1
Nienburg-Weser,4570,1917_05_25_41_0.jpg,nienburg,1
Nienburg/Weser,,1889_04_30_8_0.jpg,nienburg,1
Nienburg/Weser,5752 R,1897_10_23_48_0.jpg,nienburg,1
Nienburg/Weser,Nienburg/Weser,1886_05_26_19_0.jpg,nienburg,1
Nienburg/Weser,5770 B,1907_03_03_22_0.jpg,nienburg,1
Nienburg~Weser,,1892_06_12_46_0.jpg,nienburg,1
Nienburg~Weser,,1896_01_26_44_0.jpg,nienburg,1
Nienburg~Weser,,1909_06_05_86_0.jpg,nienburg,1
Norden,,1900_04_11_45_0.jpg,norden,1
Norden,,1873_04_09_3_0.jpg,norden,1
Norden,,1878_02_18_15_0.jpg,norden,1
Norden,,1881_07_07_4_0.jpg,norden,1
Norden,,1901_10_07_22_0.jpg,norden,1
Norden,,1879_10_26_4_0.jpg,norden,1
Nordhausen,784363,1922_02_05_55_0.jpg,nordhausen,1
Nordhausen,2R 396214,1925_08_25_149_0.jpg,nordhausen,1
Nordhausen - Weimar,784318,1927_07_06_35_0.jpg,"nordhausen, weimar",2
Nordhausen - Westfalen,784 885,1912_02_26_66_0.jpg,nordhausen,1
Nordhausen - Wiedergutmachung,784 343,1912_01_02_28_0.jpg,nordhausen,1
Nordhausen-Westfalen,784325,1923_05_14_33_0.jpg,nordhausen,1
Nordhorn,,1900_01_25_12_0.jpg,nordhorn,1
Nordhorn,,1900_03_04_90_0.jpg,nordhorn,1
Nordhorn,,1900_01_21_22_0.jpg,nordhorn,1
Nordhorn,,1900_09_06_24_0.jpg,nordhorn,1
Nordhorn,,1894_12_01_37_0.jpg,nordhorn,1
Nordhorn,,1894_01_14_71_0.jpg,nordhorn,1
Nordhorn,1515,1894_11_27_27_0.jpg,nordhorn,1
Nordhorn,,1894_12_16_30_0.jpg,nordhorn,1
Nordhorn,,1920_12_08_101_0.jpg,nordhorn,1
Nordhorn,,1918_01_05_97_0.jpg,nordhorn,1
Nordhorn,,1891_09_25_42_0.jpg,nordhorn,1
Nordhorn,,1893_11_16_70_0.jpg,nordhorn,1
Nordhorn,Nordhorn,1889_05_06_46_0.jpg,nordhorn,1
Nordhorn,,1881_06_28_13_0.jpg,nordhorn,1
Nordhorn,,1897_09_08_16_0.jpg,nordhorn,1
Nordhorn,Nordhorn,1883_12_08_19_0.jpg,nordhorn,1
Nordhorn,,1890_12_03_15_0.jpg,nordhorn,1
Nordhorn,,1887_12_28_8_0.jpg,nordhorn,1
Nordhorn,,1895_07_14_31_0.jpg,nordhorn,1
Nordhorn,Z.P.A. 20,1880_09_27_12_0.jpg,nordhorn,1
Nordhorn,,1880_06_22_22_0.jpg,nordhorn,1
Nordhorn,,1886_01_22_54_0.jpg,nordhorn,1
Nordhorn,,1886_08_15_39_0.jpg,nordhorn,1
Nordhorn,,1892_02_28_48_0.jpg,nordhorn,1
Nordhorn,,1904_03_21_146_0.jpg,nordhorn,1
Nordhorn,,1904_11_14_17_0.jpg,nordhorn,1
Nordhorn,,1904_11_14_16_0.jpg,nordhorn,1
Nordhorn,,1907_03_16_80_0.jpg,nordhorn,1
Nordhorn,,1907_03_30_146_0.jpg,nordhorn,1
Nordhorn,,1906_02_21_90_0.jpg,nordhorn,1
Nordhorn,,1901_06_13_69_0.jpg,nordhorn,1
Nordhorn,,1898_03_09_82_0.jpg,nordhorn,1
Nordhorn,,1898_04_17_50_0.jpg,nordhorn,1
Nordhorn,9750,1898_12_16_28_0.jpg,nordhorn,1
Nordhorn,,1898_08_22_7_0.jpg,nordhorn,1
Nordhorn,,1910_05_18_11_0.jpg,nordhorn,1
Nordhorn,,1910_06_07_62_0.jpg,nordhorn,1
Nordhorn,,1910_03_15_167_0.jpg,nordhorn,1
Nordhorn,,1902_10_21_54_0.jpg,nordhorn,1
Nordhorn,,1902_09_04_36_0.jpg,nordhorn,1
Nordhorn,,1902_11_21_68_0.jpg,nordhorn,1
Northeim - Wesel,784267,1911_06_25_85_0.jpg,"northeim, wesel",2
Nürnberg,WV5099-2916,1916_07_04_47_0.jpg,nürnberg,1
Nürnberg,VV 5099-2914-31350,1916_01_15_4_0.jpg,nürnberg,1
Nürnberg,620 789,1916_10_28_9_0.jpg,nürnberg,1
Nürnberg,VV5099-2909,1916_10_19_30_0.jpg,nürnberg,1
Nürnberg,402 725,1903_07_05_48_0.jpg,nürnberg,1
Nürnberg,5813,1900_05_29_81_0.jpg,nürnberg,1
Nürnberg,W 5027-136- BV 320,1922_04_13_127_0.jpg,nürnberg,1
Nürnberg,434 993 a,1922_09_28_63_0.jpg,nürnberg,1
Nürnberg,48 191,1922_02_12_72_0.jpg,nürnberg,1
Nürnberg,334 855,1922_09_12_77_0.jpg,nürnberg,1
Nürnberg,VV5027-175,1922_08_09_53_0.jpg,nürnberg,1
Nürnberg,VV 5027-136-BV 3340,1922_04_13_128_0.jpg,nürnberg,1
Nürnberg,600 284 B,1922_09_01_12_0.jpg,nürnberg,1
Nürnberg,336340 1393,1894_10_05_20_0.jpg,nürnberg,1
Nürnberg,773 325,1894_02_16_9_0.jpg,nürnberg,1
Nürnberg,VV.5099-2917,1921_10_04_81_0.jpg,nürnberg,1
Nürnberg,WV5099-2925,1921_02_16_46_0.jpg,nürnberg,1
Nürnberg,438 902 b,1921_01_12_98_0.jpg,nürnberg,1
Nürnberg,777 041,1921_06_13_5_0.jpg,nürnberg,1
Nürnberg,766 710,1921_11_07_50_0.jpg,nürnberg,1
Nürnberg,UV 5099-2901,1921_07_26_69_0.jpg,nürnberg,1
Nürnberg,W5027-182,1921_07_17_116_0.jpg,nürnberg,1
Nürnberg,VV5027-158-,1921_09_02_39_0.jpg,nürnberg,1
Nürnberg,VW5027-152,1920_08_02_45_0.jpg,nürnberg,1
Nürnberg,VW 5027-174,1920_08_15_8_0.jpg,nürnberg,1
Nürnberg,402 047,1934_07_18_7_0.jpg,nürnberg,1
Nürnberg,VV.5027-165-BV 4410,1918_08_22_68_0.jpg,nürnberg,1
Nürnberg,777 700,1918_10_12_35_0.jpg,nürnberg,1
Nürnberg,45.240,1891_05_06_46_0.jpg,nürnberg,1
Nürnberg,4138,1891_12_29_13_0.jpg,nürnberg,1
Nürnberg,13227,1912_12_04_35_0.jpg,nürnberg,1
Nürnberg,334 461,1912_03_26_63_0.jpg,nürnberg,1
Nürnberg,VV5027-181-BV 4320,1941_06_29_15_0.jpg,nürnberg,1
Nürnberg,773 107,1908_01_03_1_0.jpg,nürnberg,1
Nürnberg,VV5099-2941,1915_11_22_75_0.jpg,nürnberg,1
Nürnberg,VV5027-41/H 2662,1928_04_29_21_0.jpg,nürnberg,1
Nürnberg,VV 5027-176-,1928_12_12_28_0.jpg,nürnberg,1
Nürnberg,VV5027-168-3V4410,1928_11_08_61_0.jpg,nürnberg,1
Nürnberg,435 012,1926_08_31_56_0.jpg,nürnberg,1
Nürnberg,436 855,1926_08_25_69_0.jpg,nürnberg,1
Nürnberg,VV5027-177,1926_07_10_108_0.jpg,nürnberg,1
Nürnberg,335 229,1926_11_23_22_0.jpg,nürnberg,1
Nürnberg,VV5027-144,1926_01_26_102_0.jpg,nürnberg,1
Nürnberg,,1926_02_17_79_0.jpg,nürnberg,1
Nürnberg,VV.5027-41H 2691,1926_05_16_75_0.jpg,nürnberg,1
Nürnberg,VV5027-146,1926_07_10_32_0.jpg,nürnberg,1
Nürnberg,609 625,1893_11_07_6_0.jpg,nürnberg,1
Nürnberg,335 203,1905_04_22_99_0.jpg,nürnberg,1
Nürnberg,6387,1905_08_24_65_0.jpg,nürnberg,1
Nürnberg,335 263,1905_06_14_47_0.jpg,nürnberg,1
Nürnberg,VV5027-180,1938_02_18_5_0.jpg,nürnberg,1
Nürnberg,VV 5027-139-BV 3120,1938_05_18_14_0.jpg,nürnberg,1
Nürnberg,611 061,1889_09_07_24_0.jpg,nürnberg,1
Nürnberg,VV.5027-184,1932_03_25_14_0.jpg,nürnberg,1
Nürnberg,42.904,1882_05_16_19_0.jpg,nürnberg,1
Nürnberg,VV5027-167 BV4410,1924_01_24_56_0.jpg,nürnberg,1
Nürnberg,VV5027-151-BV2550,1924_01_20_25_0.jpg,nürnberg,1
Nürnberg,9 AZ./VII/18235,1924_05_04_107_0.jpg,nürnberg,1
Nürnberg,VW5027-131-BV4320,1924_06_09_77_0.jpg,nürnberg,1
Nürnberg,V.V.5027-153-BV 2550,1924_12_23_9_0.jpg,nürnberg,1
Nürnberg,336 558,1924_03_31_12_0.jpg,nürnberg,1
Nürnberg,333 833,1924_01_29_62_0.jpg,nürnberg,1
Nürnberg,VV5027-A1H,1923_07_07_73_0.jpg,nürnberg,1
Nürnberg,VV 5024-47,1923_04_25_60_0.jpg,nürnberg,1
Nürnberg,334 699,1923_11_17_96_0.jpg,nürnberg,1
Nürnberg,336 762,1923_01_08_57_0.jpg,nürnberg,1
Nürnberg,,1923_06_09_38_0.jpg,nürnberg,1
Nürnberg,WV S027-137,1923_02_16_117_0.jpg,nürnberg,1
Nürnberg,VV 5027-129-,1923_09_19_30_0.jpg,nürnberg,1
Nürnberg,V 5027-135,1923_01_17_12_0.jpg,nürnberg,1
Nürnberg,VV5027-161,1923_01_06_47_0.jpg,nürnberg,1
Nürnberg,VV 5099-2907,1911_08_18_20_0.jpg,nürnberg,1
Nürnberg,VV5099-2918,1911_11_16_115_0.jpg,nürnberg,1
Nürnberg,VV 5027-131-BV 3430,1897_05_30_51_0.jpg,nürnberg,1
Nürnberg,721 200,1895_11_14_43_0.jpg,nürnberg,1
Nürnberg,VV5027-159,1940_09_16_22_0.jpg,nürnberg,1
Nürnberg,45 346,1899_06_15_101_0.jpg,nürnberg,1
Nürnberg,VV5027-154,1914_12_22_17_0.jpg,nürnberg,1
Nürnberg,VV5027-157,1914_11_04_69_0.jpg,nürnberg,1
Nürnberg,VV5027-166-BV4410,1914_06_20_100_0.jpg,nürnberg,1
Nürnberg,VV5099-2923,1914_03_07_113_0.jpg,nürnberg,1
Nürnberg,V.V.5099-2903,1914_12_11_25_0.jpg,nürnberg,1
Nürnberg,110 730,1914_10_23_29_0.jpg,nürnberg,1
Nürnberg,66 523,1937_08_29_11_0.jpg,nürnberg,1
Nürnberg,V 5027-130-,1929_07_19_9_0.jpg,nürnberg,1
Nürnberg,6481,1892_06_12_45_0.jpg,nürnberg,1
Nürnberg,A/H 2798,1935_08_31_28_0.jpg,nürnberg,1
Nürnberg,5801,1896_05_16_97_0.jpg,nürnberg,1
Nürnberg,18716,1896_02_29_69_0.jpg,nürnberg,1
Nürnberg,5795,1904_02_09_29_0.jpg,nürnberg,1
Nürnberg,402 760,1904_01_11_104_0.jpg,nürnberg,1
Nürnberg,62 209,1927_11_13_45_0.jpg,nürnberg,1
Nürnberg,VV 5027-171 BV 4320,1927_02_22_53_0.jpg,nürnberg,1
Nürnberg,WW 5027-133,1927_09_09_14_0.jpg,nürnberg,1
Nürnberg,766 704,1925_06_25_28_0.jpg,nürnberg,1
Nürnberg,336 546,1925_09_11_18_0.jpg,nürnberg,1
Nürnberg,VV5027-41-BV4320,1925_09_17_61_0.jpg,nürnberg,1
Nürnberg,45 327,1925_08_12_45_0.jpg,nürnberg,1
Nürnberg,VV 5027-123-,1925_10_26_20_0.jpg,nürnberg,1
Nürnberg,111 870,1925_10_21_10_0.jpg,nürnberg,1
Nürnberg,713.288,1907_11_10_33_0.jpg,nürnberg,1
Nürnberg,402 742,1907_03_11_73_0.jpg,nürnberg,1
Nürnberg,334 069,1907_06_22_25_0.jpg,nürnberg,1
Nürnberg,2227/III/99,1906_05_26_78_0.jpg,nürnberg,1
Nürnberg,ZK.: 45.214,1906_11_26_74_0.jpg,nürnberg,1
Nürnberg,W 5099-2910,1901_08_24_75_0.jpg,nürnberg,1
Nürnberg,5809,1901_04_23_25_0.jpg,nürnberg,1
Nürnberg,A 291 097,1898_02_18_6_0.jpg,nürnberg,1
Nürnberg,1731,1910_05_16_95_0.jpg,nürnberg,1
Nürnberg,22 860,1910_12_26_4_0.jpg,nürnberg,1
Nürnberg,VV5099-2913,1910_02_07_105_0.jpg,nürnberg,1
Nürnberg,776 960,1910_08_14_94_0.jpg,nürnberg,1
Nürnberg,609 318,1910_02_27_23_0.jpg,nürnberg,1
Nürnberg,777 704,1913_02_18_91_0.jpg,nürnberg,1
Nürnberg,VV 5027-162,1913_11_03_63_0.jpg,nürnberg,1
Nürnberg,Vv 5089-2920,1913_08_13_73_0.jpg,nürnberg,1
Nürnberg,VV.5099-2930,1913_09_15_59_0.jpg,nürnberg,1
Nürnberg,VV 5027-145,1913_08_24_94_0.jpg,nürnberg,1
Nürnberg,334 680,1919_03_10_117_0.jpg,nürnberg,1
Nürnberg,VV5099-2919,1919_01_04_80_0.jpg,nürnberg,1
Nürnberg,VV5027-178 BV4320,1919_09_25_131_0.jpg,nürnberg,1
Nürnberg,334 973,1919_05_03_97_0.jpg,nürnberg,1
Nürnberg,713 496,1919_05_23_36_0.jpg,nürnberg,1
Nürnberg,333 993,1919_06_02_19_0.jpg,nürnberg,1
Nürnberg,,1919_03_09_46_0.jpg,nürnberg,1
Nürnberg,VV5027-179,1919_02_28_27_0.jpg,nürnberg,1
Nürnberg,VI.5099-2902,1919_10_15_132_0.jpg,nürnberg,1
Nürnberg,62 232,1919_08_28_39_0.jpg,nürnberg,1
Nürnberg,V.V.5027-142,1930_04_15_65_0.jpg,nürnberg,1
Nürnberg,VV5027-1-8V4320,1930_08_09_8_0.jpg,nürnberg,1
Nürnberg,1669,1902_09_05_95_0.jpg,nürnberg,1
Nürnberg,612 594,1902_08_31_71_0.jpg,nürnberg,1
Nürnberg,W5027-183,1931_09_06_25_0.jpg,nürnberg,1
Nürnberg,VV5027-150,1942_02_25_26_0.jpg,nürnberg,1
Nürnberg,VV5099-156,1943_09_09_1_0.jpg,nürnberg,1
Nürnberg,VV5027-160,1943_03_13_17_0.jpg,nürnberg,1
Nürnberg,772 964,1909_05_25_74_0.jpg,nürnberg,1
Nürnberg,116 038,1909_06_28_82_0.jpg,nürnberg,1
Nürnberg,116 041,1909_03_21_84_0.jpg,nürnberg,1
Nürnberg,VV 5027,1917_10_20_11_0.jpg,nürnberg,1
Nürnberg,761 795,1917_02_23_14_0.jpg,nürnberg,1
Nürnberg,UV 5027-141,1917_06_29_41_0.jpg,nürnberg,1
Nürnberg A,BEG 21496,1906_10_10_56_0.jpg,nürnberg,1
Nürnberg A,BEG 21527,1931_01_20_29_0.jpg,nürnberg,1
Nürnberg a. d. Weinstr.,40 851,1912_01_23_96_0.jpg,nürnberg,1
Nürnberg a. d. Weinstraße,196 029,1893_08_01_11_0.jpg,nürnberg,1
Nürnberg a.d. Weinstr.,469,1901_12_28_35_0.jpg,nürnberg,1
Nürnberg für Wiedergutmachung und verwaltete Vermögen,44 205,1921_11_01_69_0.jpg,nürnberg,1
OED Frankfurt,I 6 W 12878,1911_07_08_33_0.jpg,"frankfurt, oed",2
OLG Zweibrücken,A.Z. 52.467/KI/2467,1925_07_04_66_0.jpg,zweibrücken,1
Oberfinanzdirektion Cottbus,BV241,1916_07_18_61_0.jpg,cottbus,1
Oberfinanzdirektion Cottbus,K.15 - BV.214,1916_07_12_31_0.jpg,cottbus,1
Oberfinanzdirektion Cottbus,A.Z.: 11/1-1975,1916_12_03_29_0.jpg,cottbus,1
Oberfinanzdirektion Cottbus,W 5027-W 6-BV 332,1916_11_23_72_0.jpg,cottbus,1
Oberfinanzdirektion Cottbus,BV 214,1916_02_21_55_0.jpg,cottbus,1
Oberfinanzdirektion Cottbus,VV 5027,1900_07_17_101_0.jpg,cottbus,1
Oberfinanzdirektion Cottbus,VV 2922,1922_11_13_17_0.jpg,cottbus,1
Oberfinanzdirektion Cottbus,Az.:W 2922 - W 5027- D5-BV 263,1922_05_29_36_0.jpg,cottbus,1
Oberfinanzdirektion Cottbus,11/1,1922_01_06_37_0.jpg,cottbus,1
Oberfinanzdirektion Cottbus,0-7000 Cottbus,1922_11_17_128_0.jpg,cottbus,1
Oberfinanzdirektion Cottbus,VV5027-P11-BV 263,1922_04_15_149_0.jpg,cottbus,1
Oberfinanzdirektion Cottbus,O-7500 Cottbus BV 214,1922_06_07_88_0.jpg,cottbus,1
Oberfinanzdirektion Cottbus,Az. 11/1 - P.2,1922_07_28_57_0.jpg,cottbus,1
Oberfinanzdirektion Cottbus,W 2922-W 5027 B4 - BV 263,1922_03_22_11_0.jpg,cottbus,1
Oberfinanzdirektion Cottbus,VV 5027-S18-O-7500 Cottbus Az.: BV. 214,1922_06_27_67_0.jpg,cottbus,1
Oberfinanzdirektion Cottbus,H 2 - BV 214,1922_03_09_31_0.jpg,cottbus,1
Oberfinanzdirektion Cottbus,0-7500,1922_09_26_37_0.jpg,cottbus,1
Oberfinanzdirektion Cottbus,03044 Cottbus W 5027/2 - B9 - Az. BV 263,1922_05_06_8_0.jpg,cottbus,1
Oberfinanzdirektion Cottbus,W 2922-W5027/2,1922_02_14_94_0.jpg,cottbus,1
Oberfinanzdirektion Cottbus,S 9-BV 214,1922_11_25_89_0.jpg,cottbus,1
Oberfinanzdirektion Cottbus,0-7600,1922_01_26_30_0.jpg,cottbus,1
Oberfinanzdirektion Cottbus,O-7500 CottbAßz. BV 214,1922_03_03_130_0.jpg,cottbus,1
Oberfinanzdirektion Cottbus,W 2922 - W 5027,1921_12_06_129_0.jpg,cottbus,1
Oberfinanzdirektion Cottbus,VV 5027-S 5,1921_12_25_171_0.jpg,cottbus,1
Oberfinanzdirektion Cottbus,0 1002 B,1921_07_02_130_0.jpg,cottbus,1
Oberfinanzdirektion Cottbus,11/1 - R 2 - BV 12-65,1921_02_13_89_0.jpg,cottbus,1
Oberfinanzdirektion Cottbus,Az. 11/1 - S 4,1921_05_28_93_0.jpg,cottbus,1
Oberfinanzdirektion Cottbus,O-7500 CottbA Z.11/1. - ka - BV 12-65,1921_06_11_55_0.jpg,cottbus,1
Oberfinanzdirektion Cottbus,O-7500 Cottbus Az. 11/1 - K9 - BV 12-65,1921_05_26_37_0.jpg,cottbus,1
Oberfinanzdirektion Cottbus,BV214,1921_07_05_132_0.jpg,cottbus,1
Oberfinanzdirektion Cottbus,O-7500 CottbAz. 11/4,1921_03_17_108_0.jpg,cottbus,1
Oberfinanzdirektion Cottbus,0-7500 Cottbus,1921_07_17_33_0.jpg,cottbus,1
Oberfinanzdirektion Cottbus,VV 2922 - VV 5027 Cottbus - BV 263,1921_10_12_140_0.jpg,cottbus,1
Oberfinanzdirektion Cottbus,214,1921_05_07_114_0.jpg,cottbus,1
Oberfinanzdirektion Cottbus,VV5027-W9-BV321,1921_02_10_141_0.jpg,cottbus,1
Oberfinanzdirektion Cottbus,BV.214,1920_05_27_88_0.jpg,cottbus,1
Oberfinanzdirektion Cottbus,5027-M-9,1920_06_27_73_0.jpg,cottbus,1
Oberfinanzdirektion Cottbus,Az. 11/1,1920_08_03_91_0.jpg,cottbus,1
Oberfinanzdirektion Cottbus,BV 263,1920_04_02_93_0.jpg,cottbus,1
Oberfinanzdirektion Cottbus,11/1-E1,1920_09_13_17_0.jpg,cottbus,1
Oberfinanzdirektion Cottbus,BV-214,1920_10_13_28_0.jpg,cottbus,1
Oberfinanzdirektion Cottbus,A2 BV 214,1920_07_15_2_0.jpg,cottbus,1
Oberfinanzdirektion Cottbus,O-7500 Cottbus Az.: 11/4 - S.6,1920_03_04_110_0.jpg,cottbus,1
Oberfinanzdirektion Cottbus,5027/2-B 8,1920_03_22_12_0.jpg,cottbus,1
Oberfinanzdirektion Cottbus,BV214,1920_06_07_38_0.jpg,cottbus,1
Oberfinanzdirektion Cottbus,BV 322,1920_10_28_41_0.jpg,cottbus,1
Oberfinanzdirektion Cottbus,5027-S12,1918_03_06_65_0.jpg,cottbus,1
Oberfinanzdirektion Cottbus,VV 5027 - P 10 - BV 263,1918_02_03_47_0.jpg,cottbus,1
Oberfinanzdirektion Cottbus,0-7500 Cottbus Az: K1=11/1-,1918_10_13_28_0.jpg,cottbus,1
Oberfinanzdirektion Cottbus,O-7500 Cottbus Az. 11/1 - P - 5,1918_09_26_38_0.jpg,cottbus,1
Oberfinanzdirektion Cottbus,K 12 - BV 214,1918_08_26_48_0.jpg,cottbus,1
Oberfinanzdirektion Cottbus,11/1 - R 4,1918_12_31_60_0.jpg,cottbus,1
Oberfinanzdirektion Cottbus,0-7500 CottlA2: 11/1 - W1 - BV 12-65,1912_01_03_114_0.jpg,cottbus,1
Oberfinanzdirektion Cottbus,P.7.BV.214,1912_10_17_82_0.jpg,cottbus,1
Oberfinanzdirektion Cottbus,AzyV 5027/2-S8-BV 214,1941_09_29_18_0.jpg,cottbus,1
Oberfinanzdirektion Cottbus,01002 B,1908_08_19_71_0.jpg,cottbus,1
Oberfinanzdirektion Cottbus,vv5027-M10-BV.341,1908_04_20_63_0.jpg,cottbus,1
Oberfinanzdirektion Cottbus,VV5027-S20-0-7500 Cottbus BV214,1908_06_04_92_0.jpg,cottbus,1
Oberfinanzdirektion Cottbus,VV 5027-S11-O-7500 Cottbus Az. BV 214,1915_08_29_48_0.jpg,cottbus,1
Oberfinanzdirektion Cottbus,11/1 - M 1 - BV 12-65,1915_12_28_64_0.jpg,cottbus,1
Oberfinanzdirektion Cottbus,M. 5 - BV. 214,1915_02_17_47_0.jpg,cottbus,1
Oberfinanzdirektion Cottbus,W5027-G12-BV 322,1915_04_15_75_0.jpg,cottbus,1
Oberfinanzdirektion Cottbus,VW 5027/2 - S 13 - BV 263,1915_03_05_104_0.jpg,cottbus,1
Oberfinanzdirektion Cottbus,BV214,1915_01_14_44_0.jpg,cottbus,1
Oberfinanzdirektion Cottbus,Az. 1/1 - G1,1915_09_03_23_0.jpg,cottbus,1
Oberfinanzdirektion Cottbus,Z1-BV 214,1915_02_22_122_0.jpg,cottbus,1
Oberfinanzdirektion Cottbus,5027-S14-07500 Cottbus BV 214,1915_05_02_93_0.jpg,cottbus,1
Oberfinanzdirektion Cottbus,1002 B,1915_03_26_64_0.jpg,cottbus,1
Oberfinanzdirektion Cottbus,Az. 11/1 - P. 1,1926_05_04_90_0.jpg,cottbus,1
Oberfinanzdirektion Cottbus,O-7500 Aznus,1926_05_19_51_0.jpg,cottbus,1
Oberfinanzdirektion Cottbus,WV5027-06-BV.322,1926_01_11_16_0.jpg,cottbus,1
Oberfinanzdirektion Cottbus,BV214,1926_09_11_76_0.jpg,cottbus,1
Oberfinanzdirektion Cottbus,P 8 - BV 214,1905_05_24_68_0.jpg,cottbus,1
Oberfinanzdirektion Cottbus,W5027/2-H10-BV 341,1938_01_03_14_0.jpg,cottbus,1
Oberfinanzdirektion Cottbus,W 5027-N-5 BV 322,1924_04_13_66_0.jpg,cottbus,1
Oberfinanzdirektion Cottbus,O-7500 CottbAz.:BV.214,1924_03_11_21_0.jpg,cottbus,1
Oberfinanzdirektion Cottbus,O-7500 Cottbus Az. 11/1 - K5,1924_02_19_49_0.jpg,cottbus,1
Oberfinanzdirektion Cottbus,0-7500 Cottbus 1.1.1 - K2,1924_05_10_102_0.jpg,cottbus,1
Oberfinanzdirektion Cottbus,W 5027-K21-BV 322,1924_12_10_65_0.jpg,cottbus,1
Oberfinanzdirektion Cottbus,V.V.5027R-D-2,1924_04_28_17_0.jpg,cottbus,1
Oberfinanzdirektion Cottbus,VV5027-R 8- BV 263,1923_04_05_104_0.jpg,cottbus,1
Oberfinanzdirektion Cottbus,O-7500 Az.-S1-BV214,1923_02_21_96_0.jpg,cottbus,1
Oberfinanzdirektion Cottbus,W5027/2-S15-BV.321,1923_10_20_118_0.jpg,cottbus,1
Oberfinanzdirektion Cottbus,BV 12-65,1923_05_19_26_0.jpg,cottbus,1
Oberfinanzdirektion Cottbus,Az. 11/1 - K3,1923_03_17_65_0.jpg,cottbus,1
Oberfinanzdirektion Cottbus,W 5027-L5-BV 322,1923_07_14_53_0.jpg,cottbus,1
Oberfinanzdirektion Cottbus,VV5027/2-L2-BV 263,1923_01_10_70_0.jpg,cottbus,1
Oberfinanzdirektion Cottbus,W5027-W8-BV.322,1911_12_30_107_0.jpg,cottbus,1
Oberfinanzdirektion Cottbus,11/1 - S.9,1911_03_04_77_0.jpg,cottbus,1
Oberfinanzdirektion Cottbus,BV 214,1911_06_25_45_0.jpg,cottbus,1
Oberfinanzdirektion Cottbus,WV5027/2-R8-BV 322,1911_07_12_66_0.jpg,cottbus,1
Oberfinanzdirektion Cottbus,BV 214,1911_10_20_50_0.jpg,cottbus,1
Oberfinanzdirektion Cottbus,W5027/2-R7-BV 322,1936_04_25_26_0.jpg,cottbus,1
Oberfinanzdirektion Cottbus,5027-72,1914_10_04_103_0.jpg,cottbus,1
Oberfinanzdirektion Cottbus,1002 B 11/1-R1,1914_04_26_59_0.jpg,cottbus,1
Oberfinanzdirektion Cottbus,A.Z. 7500 CoAZ 13,1914_09_27_26_0.jpg,cottbus,1
Oberfinanzdirektion Cottbus,wv 5027-S24-BV341,1914_08_14_143_0.jpg,cottbus,1
Oberfinanzdirektion Cottbus,11/1 S 8,1914_12_15_167_0.jpg,cottbus,1
Oberfinanzdirektion Cottbus,03044 CotA 5027-Z4-BV 263,1914_03_21_117_0.jpg,cottbus,1
Oberfinanzdirektion Cottbus,BV 214,1914_06_03_77_0.jpg,cottbus,1
Oberfinanzdirektion Cottbus,03044 Cottbus,1929_07_03_40_0.jpg,cottbus,1
Oberfinanzdirektion Cottbus,Az. VV 5027/2 - K 11 BV 263,1929_12_14_26_0.jpg,cottbus,1
Oberfinanzdirektion Cottbus,O-7500 A2bus,1935_05_02_45_0.jpg,cottbus,1
Oberfinanzdirektion Cottbus,BV 214,1904_07_08_72_0.jpg,cottbus,1
Oberfinanzdirektion Cottbus,Az.11/1.-K4.-BV 12-65,1904_12_27_55_0.jpg,cottbus,1
Oberfinanzdirektion Cottbus,W5027-S26-BV322,1927_01_29_62_0.jpg,cottbus,1
Oberfinanzdirektion Cottbus,W5027_w7_BV 322,1927_12_13_61_0.jpg,cottbus,1
Oberfinanzdirektion Cottbus,W5027-M11-BV 341,1927_04_25_44_0.jpg,cottbus,1
Oberfinanzdirektion Cottbus,M.3. - BV.214,1925_05_04_65_0.jpg,cottbus,1
Oberfinanzdirektion Cottbus,O-7500 Cottbus A2.11/1-I.3,1925_05_01_143_0.jpg,cottbus,1
Oberfinanzdirektion Cottbus,Az. VV 5027/2-M8-BV,1925_12_13_85_0.jpg,cottbus,1
Oberfinanzdirektion Cottbus,VV 5027/2,1925_09_27_27_0.jpg,cottbus,1
Oberfinanzdirektion Cottbus,0-7500 Cottbus 1/1 V2,1925_10_04_87_0.jpg,cottbus,1
Oberfinanzdirektion Cottbus,5027-C1,1925_06_01_32_0.jpg,cottbus,1
Oberfinanzdirektion Cottbus,03044 Cottbus Az. W 2922-W 5027-MB- BV 263,1925_06_12_83_0.jpg,cottbus,1
Oberfinanzdirektion Cottbus,O-7500 Cottbus Az.: BV 214,1925_06_11_24_0.jpg,cottbus,1
Oberfinanzdirektion Cottbus,VV 2922 - VV 5027 - W5 - BV 263,1925_12_21_84_0.jpg,cottbus,1
Oberfinanzdirektion Cottbus,VV 5027,1925_02_05_49_0.jpg,cottbus,1
Oberfinanzdirektion Cottbus,BV214,1907_06_30_96_0.jpg,cottbus,1
Oberfinanzdirektion Cottbus,F1 - BV 12-65,1907_09_26_31_0.jpg,cottbus,1
Oberfinanzdirektion Cottbus,Az. 11/1 - G4,1907_11_11_21_0.jpg,cottbus,1
Oberfinanzdirektion Cottbus,BV 214,1907_09_20_119_0.jpg,cottbus,1
Oberfinanzdirektion Cottbus,VV 2922,1906_04_27_8_0.jpg,cottbus,1
Oberfinanzdirektion Cottbus,W5027/2-C1-BV 322,1906_08_14_9_0.jpg,cottbus,1
Oberfinanzdirektion Cottbus,O-7500 CottbAz N.2 - BV 2:14,1906_02_13_80_0.jpg,cottbus,1
Oberfinanzdirektion Cottbus,5027-D2,1906_02_16_29_0.jpg,cottbus,1
Oberfinanzdirektion Cottbus,Az. K. 14. - BV. 214,1910_06_03_56_0.jpg,cottbus,1
Oberfinanzdirektion Cottbus,H4-BV.214,1910_10_21_50_0.jpg,cottbus,1
Oberfinanzdirektion Cottbus,0-7500 Cottbus 11/1 K11,1910_10_02_89_0.jpg,cottbus,1
Oberfinanzdirektion Cottbus,W5027-S27-BV.322,1910_07_16_89_0.jpg,cottbus,1
Oberfinanzdirektion Cottbus,0-7500 Cottbus,1913_11_23_50_0.jpg,cottbus,1
Oberfinanzdirektion Cottbus,A Z. 7500 Cottbus,1913_06_16_66_0.jpg,cottbus,1
Oberfinanzdirektion Cottbus,VV 5027-K13,1913_08_12_44_0.jpg,cottbus,1
Oberfinanzdirektion Cottbus,11/1-F4,1913_08_26_29_0.jpg,cottbus,1
Oberfinanzdirektion Cottbus,BV214,1913_05_28_35_0.jpg,cottbus,1
Oberfinanzdirektion Cottbus,A Z 7500 Cottbus,1913_04_28_45_0.jpg,cottbus,1
Oberfinanzdirektion Cottbus,O-7500 Cottbus Az. 11/1 - N 1 - BV 12-65,1919_10_27_86_0.jpg,cottbus,1
Oberfinanzdirektion Cottbus,O-7500 Cottbus Az. 11.1/1-D.1,1919_03_14_17_0.jpg,cottbus,1
Oberfinanzdirektion Cottbus,O-7500 Cottbus A.Z. 11/1 - G2,1919_06_19_26_0.jpg,cottbus,1
Oberfinanzdirektion Cottbus,H3-BV.214,1919_05_23_38_0.jpg,cottbus,1
Oberfinanzdirektion Cottbus,0 1002 B,1919_04_24_31_0.jpg,cottbus,1
Oberfinanzdirektion Cottbus,BV 214,1919_10_20_160_0.jpg,cottbus,1
Oberfinanzdirektion Cottbus,BV214,1919_12_15_78_0.jpg,cottbus,1
Oberfinanzdirektion Cottbus,BV 214,1919_08_06_113_0.jpg,cottbus,1
Oberfinanzdirektion Cottbus,11/1-H1,1919_06_30_15_0.jpg,cottbus,1
Oberfinanzdirektion Cottbus,AzBV 12-65,1919_12_24_10_0.jpg,cottbus,1
Oberfinanzdirektion Cottbus,VV 2922 - VV 5027/2 - K 9-750 BV 263,1919_06_19_68_0.jpg,cottbus,1
Oberfinanzdirektion Cottbus,0-1002-B-0-7500 Cottbus 11/1 - S 1 - BV 12-65,1919_04_08_72_0.jpg,cottbus,1
Oberfinanzdirektion Cottbus,BV 12-65,1919_11_27_50_0.jpg,cottbus,1
Oberfinanzdirektion Cottbus,A Z 13,1930_04_27_28_0.jpg,cottbus,1
Oberfinanzdirektion Cottbus,O-7500 Cottbus,1930_02_20_45_0.jpg,cottbus,1
Oberfinanzdirektion Cottbus,W5027/2-C2-BV 322,1930_01_03_8_0.jpg,cottbus,1
Oberfinanzdirektion Cottbus,O-7500 Cottbus,1902_12_09_87_0.jpg,cottbus,1
Oberfinanzdirektion Cottbus,M1-BV 214,1902_02_09_80_0.jpg,cottbus,1
Oberfinanzdirektion Cottbus,W5027/2-H6-BV 263,1902_02_06_51_0.jpg,cottbus,1
Oberfinanzdirektion Cottbus,Az. T1 - BV 12-65,1909_01_08_104_0.jpg,cottbus,1
Oberfinanzdirektion Cottbus,BV 214,1909_09_30_35_0.jpg,cottbus,1
Oberfinanzdirektion Cottbus,A Z.: 11/1 - P. 4,1909_06_10_89_0.jpg,cottbus,1
Oberfinanzdirektion Cottbus,O-7500 Cottbus Az. 11/1 - V1,1909_10_25_88_0.jpg,cottbus,1
Oberfinanzdirektion Cottbus,O-7500 CottbAz: 11/1 - S 2 - BV 12-65,1917_02_21_50_0.jpg,cottbus,1
Oberfinanzdirektion Cottbus,V.V.5027/2 R1.BV.214,1917_01_31_55_0.jpg,cottbus,1
Oberfinanzdirektion Cottbus,11/1 - J1,1917_06_26_23_0.jpg,cottbus,1
Oberfinanzdirektion Nürnberg,W5027-A/2794-BV3410,1916_11_02_78_0.jpg,nürnberg,1
Oberfinanzdirektion Nürnberg,VV 5027 - M5 - BV 3430,1918_09_01_5_0.jpg,nürnberg,1
Oberfinanzdirektion Nürnberg,VV 5027-121-Bv3438,1912_01_19_33_0.jpg,nürnberg,1
Oberfinanzdirektion Nürnberg,IV 5039-2554-3/3120,1923_03_30_50_0.jpg,nürnberg,1
Oberfinanzdirektion Nürnberg,VV 5099-2879- BV3120,1923_05_30_20_0.jpg,nürnberg,1
Oberfinanzdirektion: -Bundesvermogensabteilung- Am Nordrand 45 Cottbus,K10-BV 214,1910_08_15_94_0.jpg,cottbus,1
Oberfinanzdirektion: 18055 Rostock,VV 5027-95 - BV 451,1937_03_13_42_0.jpg,rostock,1
Oberfinanzdirektion: 99099 Erfurt,WVSO99-Sch-3(97),1909_10_10_177_0.jpg,erfurt,1
Oberfinanzdirektion: Bünde,V5099-98,1921_11_29_75_0.jpg,bünde,1
Oberfinanzdirektion: Cottbus,W.5027.W.10.BV 323,1916_06_04_78_0.jpg,cottbus,1
Oberfinanzdirektion: Cottbus,VV 5027/2-D5-BV 322,1916_11_29_11_0.jpg,cottbus,1
Oberfinanzdirektion: Cottbus,W 5027/2-M 9-BV 323,1916_05_04_83_0.jpg,cottbus,1
Oberfinanzdirektion: Cottbus,W5027/2-03-BV 341,1922_07_09_83_0.jpg,cottbus,1
Oberfinanzdirektion: Cottbus,VV 5027 - N 4 - BV 263,1922_01_11_85_0.jpg,cottbus,1
Oberfinanzdirektion: Cottbus,VV.5027/2-S9-BV 334,1922_11_25_90_0.jpg,cottbus,1
Oberfinanzdirektion: Cottbus,W.5027-S.29-BV.323,1921_12_03_77_0.jpg,cottbus,1
Oberfinanzdirektion: Cottbus,5027 - H 8 - BV 263,1921_10_31_31_0.jpg,cottbus,1
Oberfinanzdirektion: Cottbus,W 5027-H 10 - BV 323,1921_11_12_43_0.jpg,cottbus,1
Oberfinanzdirektion: Cottbus,VV 2922 - VV 5027 = F 5 - BV 263,1920_03_15_76_0.jpg,cottbus,1
Oberfinanzdirektion: Cottbus,VV 5027/2 - P5 - BV 263,1920_09_09_86_0.jpg,cottbus,1
Oberfinanzdirektion: Cottbus,AZ: WV 5027 - Z 5 - BV 263,1920_02_22_165_0.jpg,cottbus,1
Oberfinanzdirektion: Cottbus,VV 5027/2 - B 7 - BV 263,1920_05_26_10_0.jpg,cottbus,1
Oberfinanzdirektion: Cottbus,W5027-B7-BV 341,1920_03_11_8_0.jpg,cottbus,1
Oberfinanzdirektion: Cottbus,W.5027/2-K.15.-BV 326,1918_11_26_21_0.jpg,cottbus,1
Oberfinanzdirektion: Cottbus,AZ: VV 2922 - VV 5027/2 - B 6 - xAa: BV 263,1912_09_22_13_0.jpg,cottbus,1
Oberfinanzdirektion: Cottbus,W 5027/2-L-6-BV 326,1941_12_29_17_0.jpg,cottbus,1
Oberfinanzdirektion: Cottbus,W5027/2-L5-BV 322,1941_12_29_16_0.jpg,cottbus,1
Oberfinanzdirektion: Cottbus,W. 5027/2-A-1-BV. 334,1941_04_08_2_0.jpg,cottbus,1
Oberfinanzdirektion: Cottbus,vv 5027-H9-BV 341,1915_03_28_36_0.jpg,cottbus,1
Oberfinanzdirektion: Cottbus,5027 - T 5 - BV 263,1915_04_23_105_0.jpg,cottbus,1
Oberfinanzdirektion: Cottbus,W.5027/2-K.13-BV.323,1928_12_14_24_0.jpg,cottbus,1
Oberfinanzdirektion: Cottbus,W. 5027 - S. 30 - BV 327,1926_02_07_91_0.jpg,cottbus,1
Oberfinanzdirektion: Cottbus,VV 5027/2 - K 10 - BV 263,1926_02_25_50_0.jpg,cottbus,1
Oberfinanzdirektion: Cottbus,W. 5027-E-2-BV. 327,1926_04_12_22_0.jpg,cottbus,1
Oberfinanzdirektion: Cottbus,W/2922-W5027/2 S12 BV 214,1932_12_28_65_0.jpg,cottbus,1
Oberfinanzdirektion: Cottbus,W. 5027/2-M4-BV263,1932_04_18_42_0.jpg,cottbus,1
Oberfinanzdirektion: Cottbus,VV 5027 - G 11 - BV 263,1923_06_02_35_0.jpg,cottbus,1
Oberfinanzdirektion: Cottbus,VV 5027/2 - J 2 - BV 263,1923_08_23_71_0.jpg,cottbus,1
Oberfinanzdirektion: Cottbus,VV.5027-B.9-BV 245,1923_02_22_11_0.jpg,cottbus,1
Oberfinanzdirektion: Cottbus,W 2922-W 5027/2 Az.: -S11.-BV 214,1923_12_27_96_0.jpg,cottbus,1
Oberfinanzdirektion: Cottbus,W5027/2-M7-BV 322,1914_03_28_69_0.jpg,cottbus,1
Oberfinanzdirektion: Cottbus,W 5027-B 8-BV 322,1914_07_18_10_0.jpg,cottbus,1
Oberfinanzdirektion: Cottbus,W. 5027-R7-BV. 263,1927_05_10_90_0.jpg,cottbus,1
Oberfinanzdirektion: Cottbus,VV 5027 - N 3 - BV 263,1925_08_07_73_0.jpg,cottbus,1
Oberfinanzdirektion: Cottbus,VV 5027/2 - K 7 - BV 263,1925_10_19_36_0.jpg,cottbus,1
Oberfinanzdirektion: Cottbus,VV 5027/2 - 02 - BV 263,1925_01_02_93_0.jpg,cottbus,1
Oberfinanzdirektion: Cottbus,W5027/2-H7-BV 341,1910_04_09_30_0.jpg,cottbus,1
Oberfinanzdirektion: Cottbus,VV 5027 - M7 - BV 263,1913_04_16_76_0.jpg,cottbus,1
Oberfinanzdirektion: Cottbus,W 5027/2-L3-BV263,1913_05_30_40_0.jpg,cottbus,1
Oberfinanzdirektion: Cottbus,VV 5027 - L 4 - BV 263,1919_09_26_40_0.jpg,cottbus,1
Oberfinanzdirektion: Cottbus,VV 5027/2 - N 2 - BV 263,1919_10_27_87_0.jpg,cottbus,1
Oberfinanzdirektion: Cottbus,W 5027 - L 6 - BV 32,1919_04_12_63_0.jpg,cottbus,1
Oberfinanzdirektion: Cottbus,W5027/2-L-4-BV 341,1930_05_03_57_0.jpg,cottbus,1
Oberfinanzdirektion: Eichstätt,50.99 T- H91,1921_06_15_160_0.jpg,eichstätt,1
"Oberfinanzdirektion: Erfurt, Jena St. 37",WV5099-K-1/93,1918_09_27_29_0.jpg,"erfurt, jena",2
"Oberfinanzdirektion: Erfurt, Jäger Str. 37",W5099-L-1/93,1919_12_20_81_0.jpg,erfurt,1
Oberfinanzdirektion: Erlangen,5099 St-2191,1914_12_01_108_0.jpg,erlangen,1
Oberfinanzdirektion: Nürnberg,VV5027-173,1915_04_22_21_0.jpg,nürnberg,1
Oberfinanzdirektion: Nürnberg,W 5099/BU 18,1919_09_06_104_0.jpg,nürnberg,1
Oberfinanzdirektion: Würzburg,VSD27-BU13,1918_07_03_73_0.jpg,würzburg,1
Oberkreisdirektor Amtsberg,56.888.b,1909_05_19_77_0.jpg,amtsberg,1
Oberstadtdirektorat - Amt für Wiedergutmachung - Recklinghausen,5 / 00992,1888_01_29_22_0.jpg,recklinghausen,1
Oranienburg,500306,1927_03_09_56_0.jpg,oranienburg,1
Osterholz-Scharmbeck,,1912_02_08_76_0.jpg,osterholz,1
"Pflegestelle für Verfolgtenversorgung und unentgeltliche Vermögensentschädigung, Neumarkt i.d. W.",46 323,1879_10_12_25_0.jpg,neumarkt,1
Philadelphia,40 522,1926_12_12_24_0.jpg,philadelphia,1
Pirmasens,406,1884_02_25_4_0.jpg,pirmasens,1
Pirmasens,a 238,1884_08_17_12_0.jpg,pirmasens,1
Pirmasens,428,1903_07_16_13_0.jpg,pirmasens,1
Pirmasens,326,1903_11_04_94_0.jpg,pirmasens,1
Pirmasens,193,1903_10_27_30_0.jpg,pirmasens,1
Pirmasens,20359/VI/2721,1903_05_21_33_0.jpg,pirmasens,1
Pirmasens,a 158,1903_03_23_37_0.jpg,pirmasens,1
Pirmasens,a 316,1903_11_11_1_0.jpg,pirmasens,1
Pirmasens,a 367,1900_11_26_10_0.jpg,pirmasens,1
Pirmasens,441/390,1900_06_06_100_0.jpg,pirmasens,1
Pirmasens,a 390,1900_06_06_101_0.jpg,pirmasens,1
Pirmasens,a 412,1900_11_17_29_0.jpg,pirmasens,1
Pirmasens,614/51,1900_06_02_18_0.jpg,pirmasens,1
Pirmasens,a 398,1900_11_13_77_0.jpg,pirmasens,1
Pirmasens,a 396,1900_01_17_25_0.jpg,pirmasens,1
Pirmasens,a 348,1900_10_23_12_0.jpg,pirmasens,1
Pirmasens,a 278,1900_09_27_28_0.jpg,pirmasens,1
Pirmasens,c 49,1900_10_12_6_0.jpg,pirmasens,1
Pirmasens,307,1894_09_03_50_0.jpg,pirmasens,1
Pirmasens,c 45,1894_09_14_10_0.jpg,pirmasens,1
Pirmasens,103,1894_07_06_4_0.jpg,pirmasens,1
Pirmasens,a 253,1894_12_14_64_0.jpg,pirmasens,1
Pirmasens,101,1894_07_06_6_0.jpg,pirmasens,1
Pirmasens,6268,1894_04_03_41_0.jpg,pirmasens,1
Pirmasens,a 257,1894_01_10_70_0.jpg,pirmasens,1
Pirmasens,334,1894_02_26_28_0.jpg,pirmasens,1
Pirmasens,79/45,1894_09_14_11_0.jpg,pirmasens,1
Pirmasens,94,1894_06_03_50_0.jpg,pirmasens,1
Pirmasens,243/46,1921_02_24_103_0.jpg,pirmasens,1
Pirmasens,44,1868_04_12_2_0.jpg,pirmasens,1
Pirmasens,42,1891_07_14_48_0.jpg,pirmasens,1
Pirmasens,a 47,1891_10_21_2_0.jpg,pirmasens,1
Pirmasens,99,1891_01_02_32_0.jpg,pirmasens,1
Pirmasens,a 203,1891_10_12_22_0.jpg,pirmasens,1
Pirmasens,a233,1912_02_06_119_0.jpg,pirmasens,1
Pirmasens,195,1912_01_23_97_0.jpg,pirmasens,1
Pirmasens,a 379,1912_05_31_48_0.jpg,pirmasens,1
Pirmasens,a 282,1908_10_04_27_0.jpg,pirmasens,1
Pirmasens,a 221,1908_05_28_23_0.jpg,pirmasens,1
Pirmasens,c 48,1893_07_24_30_0.jpg,pirmasens,1
Pirmasens,a 434,1893_03_25_57_0.jpg,pirmasens,1
Pirmasens,a 256,1893_06_26_16_0.jpg,pirmasens,1
Pirmasens,a 597,1905_04_16_10_0.jpg,pirmasens,1
Pirmasens,249,1905_03_31_24_0.jpg,pirmasens,1
Pirmasens,Af. 517/51,1905_07_13_99_0.jpg,pirmasens,1
Pirmasens,a 403,1905_08_01_96_0.jpg,pirmasens,1
Pirmasens,a 183,1905_02_03_42_0.jpg,pirmasens,1
Pirmasens,a 208,1905_06_09_67_0.jpg,pirmasens,1
Pirmasens,a 197,1905_01_19_91_0.jpg,pirmasens,1
Pirmasens,a 201,1889_02_10_28_0.jpg,pirmasens,1
Pirmasens,34,1889_01_28_37_0.jpg,pirmasens,1
Pirmasens,292,1889_12_18_29_0.jpg,pirmasens,1
Pirmasens,a 211,1889_03_23_48_0.jpg,pirmasens,1
Pirmasens,43,1889_06_23_5_0.jpg,pirmasens,1
Pirmasens,188,1889_06_27_10_0.jpg,pirmasens,1
Pirmasens,a 244,1878_08_11_5_0.jpg,pirmasens,1
Pirmasens,21,1878_02_24_1_0.jpg,pirmasens,1
Pirmasens,USA 466,1881_09_15_23_0.jpg,pirmasens,1
Pirmasens,"Grundliste XaXc, Nr. c 16",1881_08_03_5_0.jpg,pirmasens,1
Pirmasens,a 13,1882_09_12_10_0.jpg,pirmasens,1
Pirmasens,452/50,1882_04_09_6_0.jpg,pirmasens,1
Pirmasens,c 47,1882_03_11_18_0.jpg,pirmasens,1
Pirmasens,360,1882_04_15_37_0.jpg,pirmasens,1
Pirmasens,c 24,1885_01_10_21_0.jpg,pirmasens,1
Pirmasens,a 156,1885_02_21_32_0.jpg,pirmasens,1
Pirmasens,a 180,1885_08_23_29_0.jpg,pirmasens,1
Pirmasens,a 178,1885_10_28_26_0.jpg,pirmasens,1
Pirmasens,442,1911_06_18_71_0.jpg,pirmasens,1
Pirmasens,a 308,1911_06_04_55_0.jpg,pirmasens,1
Pirmasens,a 152,1897_01_06_86_0.jpg,pirmasens,1
Pirmasens,a 274/196,1897_06_08_39_0.jpg,pirmasens,1
Pirmasens,a 196,1897_06_08_40_0.jpg,pirmasens,1
Pirmasens,a 279,1897_03_05_93_0.jpg,pirmasens,1
Pirmasens,a 345,1897_11_26_9_0.jpg,pirmasens,1
Pirmasens,0 36,1897_07_01_12_0.jpg,pirmasens,1
Pirmasens,c 8,1897_09_27_102_0.jpg,pirmasens,1
Pirmasens,76,1883_05_20_10_0.jpg,pirmasens,1
Pirmasens,a 217,1883_05_17_17_0.jpg,pirmasens,1
Pirmasens,USA-C 5,1883_03_17_27_0.jpg,pirmasens,1
Pirmasens,396/50,1890_06_14_68_0.jpg,pirmasens,1
Pirmasens,a 154,1890_09_26_50_0.jpg,pirmasens,1
Pirmasens,a 189,1890_02_27_38_0.jpg,pirmasens,1
Pirmasens,a 198,1890_06_18_47_0.jpg,pirmasens,1
Pirmasens,a 289/38,1890_03_17_12_0.jpg,pirmasens,1
Pirmasens,a 69,1890_02_10_73_0.jpg,pirmasens,1
Pirmasens,a 176,1887_12_25_67_0.jpg,pirmasens,1
Pirmasens,b 5,1887_11_28_19_0.jpg,pirmasens,1
Pirmasens,433,1887_07_22_5_0.jpg,pirmasens,1
Pirmasens,c 26,1895_03_02_52_0.jpg,pirmasens,1
Pirmasens,a 239,1895_02_05_45_0.jpg,pirmasens,1
Pirmasens,a 65,1895_04_03_69_0.jpg,pirmasens,1
Pirmasens,50,1895_05_15_219_0.jpg,pirmasens,1
Pirmasens,a 291,1895_07_02_22_0.jpg,pirmasens,1
Pirmasens,a 389,1895_04_13_52_0.jpg,pirmasens,1
Pirmasens,98,1895_06_21_37_0.jpg,pirmasens,1
Pirmasens,a 216,1895_11_28_16_0.jpg,pirmasens,1
Pirmasens,c 59,1895_12_20_4_0.jpg,pirmasens,1
Pirmasens,a 245,1895_04_14_35_0.jpg,pirmasens,1
Pirmasens,a 162,1895_05_12_69_0.jpg,pirmasens,1
Pirmasens,402,1880_06_14_6_0.jpg,pirmasens,1
Pirmasens,a 281,1888_11_06_9_0.jpg,pirmasens,1
Pirmasens,a 220,1888_10_30_46_0.jpg,pirmasens,1
Pirmasens,a 177,1888_12_22_16_0.jpg,pirmasens,1
Pirmasens,GB 602/51,1899_03_22_37_0.jpg,pirmasens,1
Pirmasens,a 396,1899_08_03_15_0.jpg,pirmasens,1
Pirmasens,a 359,1899_08_27_1_0.jpg,pirmasens,1
Pirmasens,a 310/5,1899_03_08_36_0.jpg,pirmasens,1
Pirmasens,347,1899_11_05_17_0.jpg,pirmasens,1
Pirmasens,a 215,1899_02_16_13_0.jpg,pirmasens,1
Pirmasens,a 232,1899_07_14_109_0.jpg,pirmasens,1
Pirmasens,USA 447/50,1872_10_04_6_0.jpg,pirmasens,1
Pirmasens,82,1886_03_03_20_0.jpg,pirmasens,1
Pirmasens,377,1886_12_13_19_0.jpg,pirmasens,1
Pirmasens,a 186,1886_10_13_7_0.jpg,pirmasens,1
Pirmasens,a 393,1914_01_11_67_0.jpg,pirmasens,1
Pirmasens,79/46,1914_01_17_117_0.jpg,pirmasens,1
Pirmasens,368,1914_04_08_6_0.jpg,pirmasens,1
Pirmasens,a 259,1914_04_06_60_0.jpg,pirmasens,1
Pirmasens,267,1929_12_03_72_0.jpg,pirmasens,1
Pirmasens,a 311,1929_11_23_9_0.jpg,pirmasens,1
Pirmasens,c 29,1892_05_15_93_0.jpg,pirmasens,1
Pirmasens,a 214,1892_10_22_49_0.jpg,pirmasens,1
Pirmasens,c 15,1896_01_20_63_0.jpg,pirmasens,1
Pirmasens,a 297,1896_08_21_12_0.jpg,pirmasens,1
Pirmasens,a 387,1896_01_25_32_0.jpg,pirmasens,1
Pirmasens,c 40,1896_02_19_53_0.jpg,pirmasens,1
Pirmasens,a.184,1896_01_05_24_0.jpg,pirmasens,1
Pirmasens,a 314,1871_05_23_1_0.jpg,pirmasens,1
Pirmasens,a 204,1904_12_29_43_0.jpg,pirmasens,1
Pirmasens,a 325,1904_12_17_51_0.jpg,pirmasens,1
Pirmasens,a246,1904_07_28_25_0.jpg,pirmasens,1
Pirmasens,a 157,1904_04_18_24_0.jpg,pirmasens,1
Pirmasens,a 187,1904_03_14_58_0.jpg,pirmasens,1
Pirmasens,13/46,1904_09_13_78_0.jpg,pirmasens,1
Pirmasens,354,1907_02_07_66_0.jpg,pirmasens,1
Pirmasens,a 251,1907_11_13_92_0.jpg,pirmasens,1
Pirmasens,c 20,1907_10_25_77_0.jpg,pirmasens,1
Pirmasens,270,1907_05_18_88_0.jpg,pirmasens,1
Pirmasens,a 210,1907_06_10_99_0.jpg,pirmasens,1
Pirmasens,335,1907_01_23_119_0.jpg,pirmasens,1
Pirmasens,95,1907_05_06_55_0.jpg,pirmasens,1
Pirmasens,a 315,1906_01_10_38_0.jpg,pirmasens,1
Pirmasens,a 190,1906_08_05_109_0.jpg,pirmasens,1
Pirmasens,a 227,1906_02_24_69_0.jpg,pirmasens,1
Pirmasens,a 202,1906_01_18_3_0.jpg,pirmasens,1
Pirmasens,270,1906_05_18_225_0.jpg,pirmasens,1
Pirmasens,a 200,1906_06_28_44_0.jpg,pirmasens,1
Pirmasens,459/50,1906_08_23_45_0.jpg,pirmasens,1
Pirmasens,a 179,1906_02_23_44_0.jpg,pirmasens,1
Pirmasens,a 164/a 1,1906_12_14_9_0.jpg,pirmasens,1
Pirmasens,a 185,1901_06_05_52_0.jpg,pirmasens,1
Pirmasens,a 168,1901_08_02_5_0.jpg,pirmasens,1
Pirmasens,a 300,1901_02_09_64_0.jpg,pirmasens,1
Pirmasens,c 27,1901_04_12_45_0.jpg,pirmasens,1
Pirmasens,USA 544/51,1898_11_04_10_0.jpg,pirmasens,1
Pirmasens,a 339,1898_02_05_3_0.jpg,pirmasens,1
Pirmasens,c 31,1898_07_18_45_0.jpg,pirmasens,1
Pirmasens,285,1898_08_28_81_0.jpg,pirmasens,1
Pirmasens,a 357,1910_04_22_111_0.jpg,pirmasens,1
Pirmasens,a 230,1910_07_31_86_0.jpg,pirmasens,1
Pirmasens,a 224,1876_03_22_18_0.jpg,pirmasens,1
Pirmasens,a 277,1876_10_14_2_0.jpg,pirmasens,1
Pirmasens,a 243,1913_10_13_60_0.jpg,pirmasens,1
Pirmasens,395,1913_03_24_30_0.jpg,pirmasens,1
Pirmasens,305,1913_07_26_19_0.jpg,pirmasens,1
Pirmasens,a 263,1913_03_17_92_0.jpg,pirmasens,1
Pirmasens,b 3,1913_10_30_53_0.jpg,pirmasens,1
Pirmasens,c 73,1919_06_17_58_0.jpg,pirmasens,1
Pirmasens,USA 493/51,1879_01_03_3_0.jpg,pirmasens,1
Pirmasens,a 223,1879_02_08_4_0.jpg,pirmasens,1
Pirmasens,c 7,1879_07_20_12_0.jpg,pirmasens,1
Pirmasens,c. 22,1879_09_10_5_0.jpg,pirmasens,1
Pirmasens,41,1902_05_26_101_0.jpg,pirmasens,1
Pirmasens,139,1902_02_15_69_0.jpg,pirmasens,1
Pirmasens,a 170,1902_09_20_9_0.jpg,pirmasens,1
Pirmasens,a 207,1902_12_18_17_0.jpg,pirmasens,1
Pirmasens,8392,1931_01_17_18_0.jpg,pirmasens,1
Pirmasens,234,1909_07_27_60_0.jpg,pirmasens,1
Pirmasens,a 436,1909_03_29_106_0.jpg,pirmasens,1
Pirmasens,a 302,1909_04_20_61_0.jpg,pirmasens,1
Pirmasens,405 265,1917_08_28_4_0.jpg,pirmasens,1
Polizei/Kriminalamt Heilbronn,A.Z. 85 1599 (0),1922_03_10_23_0.jpg,heilbronn,1
Prinz zu Löwenstein-Wertheim-Freudenberg,A.Z. Liste 483,1906_10_14_67_0.jpg,"freudenberg, löwenstein, wertheim",3
Präsidium des Verwaltungsbezirks Gießen,211 133,1906_12_28_104_0.jpg,gießen,1
R.A. Kerpen - Cremet,14419,1890_11_17_43_0.jpg,kerpen,1
R.A. Mittelbach,510 926,1907_10_25_29_0.jpg,mittelbach,1
RA URO Frankfurt/Main,65467,1940_03_10_12_0.jpg,frankfurt,1
"RA United Restitution Office, Frankfurt/Main",141125,1928_01_10_23_0.jpg,frankfurt,1
RA. Munster,217 299,1904_09_20_58_0.jpg,munster,1
"RA. United Restitution Office, Frankfurt/M.",99609,1933_09_18_1_0.jpg,frankfurt,1
"RA. United Restitution Office, Frankfurt/M.",99632,1908_05_14_101_0.jpg,frankfurt,1
"RA. United Restitution Office, Frankfurt/M.",99607,1913_06_20_5_0.jpg,frankfurt,1
"RA. United Restitution Office, Frankfurt/Main",96297,1922_07_13_33_0.jpg,frankfurt,1
"RA. United Restitution Office, Frankfurt/Main",94136,1918_01_19_44_0.jpg,frankfurt,1
"RA. United Restitution Office, Frankfurt/Main",141501,1887_06_02_26_0.jpg,frankfurt,1
"RA. United Restitution Office, Frankfurt/Main",99633,1935_03_08_48_0.jpg,frankfurt,1
Ra. Dr. May Legal Aid Department Frankfurt a M. Friedrich,A.Z. 22753/IX/3233,1905_03_14_54_0.jpg,frankfurt,1
RaI von Schütz 20.3.03,183 272,1914_05_26_35_0.jpg,schütz,1
Ravensburg Bezirksamt,81766,1931_11_24_38_0.jpg,ravensburg,1
Rb. Potsdam,514 048,1928_03_31_12_0.jpg,potsdam,1
Rechtsanwaltskanzlei Landeck & Mühlen,98463/VII/33199,1890_12_06_59_0.jpg,landeck,1
Rechtsanwälte Pätz,505 379,1912_02_15_92_0.jpg,pätz,1
Reg. Amts. Brünn,440 702,1908_12_04_76_0.jpg,brünn,1
Reg. Präs. Möllendorf,441 647,1887_11_14_32_0.jpg,möllendorf,1
"Reg. Präsident, Homburg",446 465,1884_07_09_6_0.jpg,homburg,1
Reg.-Präsid. / Präsident des Verw.-Bezirks Stadthagen,210 660,1901_02_22_72_0.jpg,stadthagen,1
Reg.-Präsident (Präsident des Verwaltungsgerichtshofs) Gießen,203 899,1892_08_04_36_0.jpg,gießen,1
Reg.-Präsident / Bistumsexekutive Merseburg,3 02157,1923_11_13_13_0.jpg,merseburg,1
Reg.-Präsident / Präsident des Verw.-Bezirks Gießen,2/00544,1897_12_23_58_0.jpg,gießen,1
Reg.-Präsident / Präsident des Verw.-Bezirks Gießen,212 834,1899_04_28_97_0.jpg,gießen,1
Reg.-Präsident / Präsident des Verw.-Bezirks Sinsheim,203 900,1918_10_04_35_0.jpg,sinsheim,1
Reg.-Präsident / Präsident des Verw.-Bezirks Sinsheim,221 618 a,1898_11_20_46_0.jpg,sinsheim,1
Reg.-Präsident / Präsident des Verw.-Bezirks Stadthagen,203 085,1893_10_30_46_0.jpg,stadthagen,1
Reg.-Präsident / Präsident des Verw.-Bezirks Stadthagen,2/00867,1881_05_28_10_0.jpg,stadthagen,1
Reg.-Präsident / Präsident des Verw.-Bezirks Stadthagen,2/01458,1882_12_28_20_0.jpg,stadthagen,1
Reg.-Präsident / Präsident des Verw.-Bezirks Stadthagen,2 / 00683,1883_03_10_25_0.jpg,stadthagen,1
Reg.-Präsident / Präsident des Verw.-Bezirks Stadthagen,2/00846,1927_05_02_45_0.jpg,stadthagen,1
Reg.-Präsident / Präsident des Verw.-Bezirks Stendal,213 639,1915_02_04_30_0.jpg,stendal,1
Reg.-Präsident / Präsident des Verw.-Bezirks Stolberg,213 785,1913_07_18_91_0.jpg,stolberg,1
Reg.-Präsident / Präsident des Verw.-Bezirks Stolberg,202 923,1909_11_22_73_0.jpg,stolberg,1
Reg.-Präsident / Präsident des Verw.-Bezirks Würzburg,203 829,1906_10_25_62_0.jpg,würzburg,1
Reg.-Präsident / Präsident des Wörth-Bezirks,220 402 b,1910_07_22_37_0.jpg,wörth,1
Reg.-Präsident / Präsidentenmodeverw.Bezirksamt Offenbach/Main,1 30728 c,1899_10_10_44_0.jpg,offenbach,1
Reg.-Präsidium / Amtsgericht Bückeburg,1 24101,1946_12_26_1_0.jpg,bückeburg,1
Regensburg,405515,1922_06_15_39_0.jpg,regensburg,1
Regierung Aensberg (Wehr.),461 360,1921_05_16_132_0.jpg,wehr,1
Regierung Aensberg (Wehr.),461.045 c,1915_01_06_51_0.jpg,wehr,1
Regierung Aensberg (Wehr.),165 341,1883_01_27_19_0.jpg,wehr,1
Regierung Aensberg (Wehr.),163 880 a,1895_06_11_76_0.jpg,wehr,1
Regierung Aensberg (Wehr.),55 752 a,1880_03_08_5_0.jpg,wehr,1
Regierung Aensberg (Weil.),58 350,1895_01_01_131_0.jpg,weil,1
Regierung Aensberg (Welt.),52 613,1918_06_23_41_0.jpg,welt,1
Regierung Aensberg (Welt.),460 235/ a,1912_10_28_82_0.jpg,welt,1
Regierung Aensberg (Welt.),26 014 e,1917_06_23_18_0.jpg,welt,1
Regierung Altenberg (Welf.),56 645,1907_06_17_76_0.jpg,altenberg,1
Regierung Amberg,52 917,1900_03_13_74_0.jpg,amberg,1
Regierung Amberg (MfV),52 503,1890_02_10_68_0.jpg,amberg,1
Regierung Amberg (Waff.),23 210/ b,1921_03_03_129_0.jpg,amberg,1
Regierung Amberg (Welf.),53 853 e,1923_07_09_37_0.jpg,amberg,1
Regierung Amberg (Welf.),ZK. 436 393,1901_07_29_40_0.jpg,amberg,1
Regierung Amberg (Welf.),165 320 a,1913_12_05_30_0.jpg,amberg,1
Regierung Amberg (Weltf.),167 364 b,1905_11_10_125_0.jpg,amberg,1
Regierung Amberg (Weltf.),166 802,1895_02_25_85_0.jpg,amberg,1
Regierung Amberg (Wf.),K 442 Kartei-Nr. 52.842,1918_04_26_27_0.jpg,amberg,1
Regierung Amberg (Wüff.),ZK: 442 191,1906_07_15_4_0.jpg,amberg,1
Regierung Amberg (Würt.),163.404,1910_07_08_35_0.jpg,amberg,1
Regierung Amberg (Württ.),50 088/b,1906_12_26_93_0.jpg,amberg,1
Regierung Amtsberg (Wehr.),53 893 a,1898_07_17_33_0.jpg,"amtsberg, wehr",2
Regierung Amtsberg (Welf.),462.347,1905_05_26_86_0.jpg,amtsberg,1
Regierung Amtsberg (Welf.),50/7 H 159 Kartei-Nr. 162 000 b,1890_01_26_11_0.jpg,amtsberg,1
Regierung Amtsberg (West),166 295 b,1919_06_05_67_0.jpg,amtsberg,1
Regierung Anklam (Meckl.),L 213 Kartei-Nr. 52 923,1910_03_07_56_0.jpg,anklam,1
Regierung Ansbach,59.293 a,1916_09_25_12_0.jpg,ansbach,1
Regierung Ansbach,167.898,1916_05_09_14_0.jpg,ansbach,1
Regierung Ansbach,606 446 c,1916_11_18_56_0.jpg,ansbach,1
Regierung Ansbach,169.406,1903_01_17_27_0.jpg,ansbach,1
Regierung Ansbach,50/7 K 123 K,1903_08_09_56_0.jpg,ansbach,1
Regierung Ansbach,53 791,1900_02_03_50_0.jpg,ansbach,1
Regierung Ansbach,26 779,1900_06_29_87_0.jpg,ansbach,1
Regierung Ansbach,59 901,1900_07_03_20_0.jpg,ansbach,1
Regierung Ansbach,167368a,1922_08_14_74_0.jpg,ansbach,1
Regierung Ansbach,50/7 B 115 K,1922_05_28_13_0.jpg,ansbach,1
Regierung Ansbach,462 047/a,1921_06_14_116_0.jpg,ansbach,1
Regierung Ansbach,462 509,1921_08_27_68_0.jpg,ansbach,1
Regierung Ansbach,59 921,1920_12_23_99_0.jpg,ansbach,1
Regierung Ansbach,222 107b,1918_12_23_17_0.jpg,ansbach,1
Regierung Ansbach,161 091 a,1891_08_21_49_0.jpg,ansbach,1
Regierung Ansbach,54814,1912_04_26_2_0.jpg,ansbach,1
Regierung Ansbach,56 606 b,1912_12_24_160_0.jpg,ansbach,1
Regierung Ansbach,26 588 b,1912_04_30_34_0.jpg,ansbach,1
Regierung Ansbach,25.678a,1945_03_18_4_0.jpg,ansbach,1
Regierung Ansbach,167 350 a,1908_05_31_81_0.jpg,ansbach,1
Regierung Ansbach,461 690,1908_01_15_41_0.jpg,ansbach,1
Regierung Ansbach,25 584 b,1915_09_23_36_0.jpg,ansbach,1
Regierung Ansbach,E 57 K 161 156 a,1915_01_28_29_0.jpg,ansbach,1
Regierung Ansbach,408 / 164 970,1926_10_22_93_0.jpg,ansbach,1
Regierung Ansbach,462 187/c,1893_05_25_29_0.jpg,ansbach,1
Regierung Ansbach,53 764,1905_09_20_48_0.jpg,ansbach,1
Regierung Ansbach,53-889,1905_08_27_39_0.jpg,ansbach,1
Regierung Ansbach,50/7 H 180 K,1905_10_02_40_0.jpg,ansbach,1
Regierung Ansbach,162 0 41a,1889_06_02_10_0.jpg,ansbach,1
Regierung Ansbach,29 718,1889_07_04_31_0.jpg,ansbach,1
Regierung Ansbach,29.706,1889_10_11_49_0.jpg,ansbach,1
Regierung Ansbach,59 835,1881_08_01_1_0.jpg,ansbach,1
Regierung Ansbach,45/169.365,1882_01_23_16_0.jpg,ansbach,1
Regierung Ansbach,53 739,1924_05_14_87_0.jpg,ansbach,1
Regierung Ansbach,58.317,1923_06_11_5_0.jpg,ansbach,1
Regierung Ansbach,169.419,1923_12_28_72_0.jpg,ansbach,1
Regierung Ansbach,S 400 51 419 h,1911_02_16_43_0.jpg,ansbach,1
Regierung Ansbach,169.360,1897_01_20_89_0.jpg,ansbach,1
Regierung Ansbach,169.359,1897_07_18_59_0.jpg,ansbach,1
Regierung Ansbach,59.121,1890_10_27_45_0.jpg,ansbach,1
Regierung Ansbach,26 913,1887_06_25_39_0.jpg,ansbach,1
Regierung Ansbach,460 350/460 350a,1895_07_17_8_0.jpg,ansbach,1
Regierung Ansbach,460 066/460 066b,1952_09_27_1_0.jpg,ansbach,1
Regierung Ansbach,161 176,1880_05_15_38_0.jpg,ansbach,1
Regierung Ansbach,ZK 165 959,1954_12_06_1_0.jpg,ansbach,1
Regierung Ansbach,462 023/462 023,1886_03_19_45_0.jpg,ansbach,1
Regierung Ansbach,27 372,1914_04_23_20_0.jpg,ansbach,1
Regierung Ansbach,30.273,1914_03_01_82_0.jpg,ansbach,1
Regierung Ansbach,169 235 a,1914_03_29_92_0.jpg,ansbach,1
Regierung Ansbach,24997,1929_07_05_20_0.jpg,ansbach,1
Regierung Ansbach,27 827 c,1929_10_16_36_0.jpg,ansbach,1
Regierung Ansbach,460 360,1929_04_29_5_0.jpg,ansbach,1
Regierung Ansbach,169.340 a,1929_04_29_77_0.jpg,ansbach,1
Regierung Ansbach,169/399,1892_04_10_29_0.jpg,ansbach,1
Regierung Ansbach,161 966,1896_03_03_29_0.jpg,ansbach,1
Regierung Ansbach,55 490 a,1904_03_30_22_0.jpg,ansbach,1
Regierung Ansbach,165660/a,1904_11_02_62_0.jpg,ansbach,1
Regierung Ansbach,101,1907_09_15_166_0.jpg,ansbach,1
Regierung Ansbach,56 038,1898_01_21_38_0.jpg,ansbach,1
Regierung Ansbach,167 037 a,1910_09_01_103_0.jpg,ansbach,1
Regierung Ansbach,159 260 a,1876_11_16_14_0.jpg,ansbach,1
Regierung Ansbach,50/7 H 77 K,1913_11_16_69_0.jpg,ansbach,1
Regierung Ansbach,54790/b,1919_03_01_10_0.jpg,ansbach,1
Regierung Ansbach,165 334 e,1930_03_28_42_0.jpg,ansbach,1
Regierung Ansbach,169.340 c,1930_08_04_49_0.jpg,ansbach,1
Regierung Ansbach,59 797,1902_01_09_48_0.jpg,ansbach,1
Regierung Ansbach,169.340 b,1931_11_22_36_0.jpg,ansbach,1
Regierung Ansbach,55 181 c,1942_11_15_9_0.jpg,ansbach,1
Regierung Ansbach,H 89 K 161 135,1909_06_24_45_0.jpg,ansbach,1
Regierung Ansbach,163 018 a,1917_06_01_40_0.jpg,ansbach,1
Regierung Ansbach (10 Eff.),169 657,1920_01_05_96_0.jpg,ansbach,1
Regierung Ansbach (10 Off.),165.592 a,1924_06_24_20_0.jpg,ansbach,1
Regierung Ansbach (100 e.V.),163.954,1952_02_29_2_0.jpg,ansbach,1
Regierung Ansbach (20-RM),460 280/460 280a/460 279,1930_01_31_51_0.jpg,ansbach,1
Regierung Ansbach (B.M.),161 134,1918_04_21_31_0.jpg,ansbach,1
Regierung Ansbach (Bay.),56 949,1915_04_09_43_0.jpg,ansbach,1
Regierung Ansbach (Bay.),159-283,1905_06_26_59_0.jpg,ansbach,1
Regierung Ansbach (Bay.),56 681 b,1905_02_03_68_0.jpg,ansbach,1
Regierung Ansbach (Bay.),462 009,1924_04_02_23_0.jpg,ansbach,1
Regierung Ansbach (Bay.),165661/a,1890_11_13_15_0.jpg,ansbach,1
Regierung Ansbach (Bay.),161 432 a,1925_06_06_60_0.jpg,ansbach,1
Regierung Ansbach (Bay.),167 044 a,1910_09_01_110_0.jpg,ansbach,1
Regierung Ansbach (Bay.),30 007,1910_06_15_35_0.jpg,ansbach,1
Regierung Ansbach (Bay.),52981,1913_07_16_60_0.jpg,ansbach,1
Regierung Ansbach (Bef.),462 800,1912_02_19_65_0.jpg,ansbach,1
Regierung Ansbach (Betr.),462.360,1920_04_17_60_0.jpg,ansbach,1
Regierung Ansbach (Def.),ZK. 169 279,1922_09_02_16_0.jpg,ansbach,1
Regierung Ansbach (Def.),55 100,1922_11_11_37_0.jpg,ansbach,1
Regierung Ansbach (Def.),461 172,1920_03_10_194_0.jpg,ansbach,1
Regierung Ansbach (Def.),161 735,1887_08_18_36_0.jpg,ansbach,1
Regierung Ansbach (Def.),50/7 H 175 K,1914_03_05_51_0.jpg,ansbach,1
Regierung Ansbach (Def.),59 687,1896_03_28_38_0.jpg,ansbach,1
Regierung Ansbach (Def.),169 916/169 916 a,1909_12_20_18_0.jpg,ansbach,1
Regierung Ansbach (Def.),K 196 K 161 946,1917_07_11_34_0.jpg,ansbach,1
Regierung Ansbach (Deff.),56 940 a),1905_12_16_33_0.jpg,ansbach,1
Regierung Ansbach (Deff.),ZK 168 998,1924_12_15_117_0.jpg,ansbach,1
Regierung Ansbach (Deff.),52 628,1880_04_04_28_0.jpg,ansbach,1
Regierung Ansbach (Deff.),56 630,1919_12_22_76_0.jpg,ansbach,1
Regierung Ansbach (Deft.),169 456,1900_12_10_68_0.jpg,ansbach,1
Regierung Ansbach (Deftf.),163 022,1908_01_29_84_0.jpg,ansbach,1
Regierung Ansbach (Drf.),460 383,1932_04_09_53_0.jpg,ansbach,1
Regierung Ansbach (MII.),167 903b,1936_11_09_9_0.jpg,ansbach,1
Regierung Ansbach (MVG),166 703,1906_02_06_45_0.jpg,ansbach,1
Regierung Ansbach (MVK),462094,1927_01_29_71_0.jpg,ansbach,1
Regierung Ansbach (Maff.),56 583 f,1955_10_01_1_0.jpg,ansbach,1
Regierung Ansbach (Marz.),462 513,1900_01_30_35_0.jpg,ansbach,1
Regierung Ansbach (Meff.),461.109.a,1889_11_10_21_0.jpg,ansbach,1
Regierung Ansbach (Meff.),ZK: 461 406,1881_04_10_33_0.jpg,ansbach,1
Regierung Ansbach (Meff.),ZU.165214a,1919_09_21_108_0.jpg,ansbach,1
Regierung Ansbach (Meif.),24387,1892_07_27_47_0.jpg,ansbach,1
Regierung Ansbach (Melf.),E 74 K,1921_06_16_26_0.jpg,ansbach,1
Regierung Ansbach (Melf.),28 589 a,1891_03_31_20_0.jpg,ansbach,1
Regierung Ansbach (Melf.),52 338 'a,1889_08_15_30_0.jpg,ansbach,1
Regierung Ansbach (Melf.),50/7 N 45 K,1886_02_03_31_0.jpg,ansbach,1
Regierung Ansbach (Melf.),58.415.9,1937_02_14_22_0.jpg,ansbach,1
Regierung Ansbach (Melf.),165 232 a,1910_10_15_60_0.jpg,ansbach,1
Regierung Ansbach (Melf.),721 075 1,1909_05_16_21_0.jpg,ansbach,1
Regierung Ansbach (Melfi),160 952,1918_05_10_146_0.jpg,ansbach,1
Regierung Ansbach (Mell.),165 233,1939_02_06_15_0.jpg,ansbach,1
Regierung Ansbach (Mell.),169 520 b/,1922_06_22_135_0.jpg,ansbach,1
Regierung Ansbach (Mell.),56 583 a,1938_03_09_28_0.jpg,ansbach,1
Regierung Ansbach (Meß.),460 822,1884_07_18_26_0.jpg,ansbach,1
Regierung Ansbach (Meß.),58976,1900_12_31_71_0.jpg,ansbach,1
Regierung Ansbach (Meß.),160 873 d,1920_07_17_98_0.jpg,ansbach,1
Regierung Ansbach (Meß.),S 268 K Nr. 161 258,1908_09_13_105_0.jpg,ansbach,1
Regierung Ansbach (Meß.),53 812 a,1908_12_31_50_0.jpg,ansbach,1
Regierung Ansbach (Meß.),165 222,1905_05_29_10_0.jpg,ansbach,1
Regierung Ansbach (Meß.),55 751,1881_09_23_8_0.jpg,ansbach,1
Regierung Ansbach (Meß.),ZK 29 605,1882_05_22_14_0.jpg,ansbach,1
Regierung Ansbach (Meß.),163 394 b,1887_07_15_20_0.jpg,ansbach,1
Regierung Ansbach (Meß.),163.395.b,1887_07_15_22_0.jpg,ansbach,1
Regierung Ansbach (Meß.),163.381,1895_05_02_29_0.jpg,ansbach,1
Regierung Ansbach (Meß.),461 671,1904_08_23_54_0.jpg,ansbach,1
Regierung Ansbach (Meß.),161 361,1904_09_06_95_0.jpg,ansbach,1
Regierung Ansbach (Meß.),52 379,1906_04_18_29_0.jpg,ansbach,1
Regierung Ansbach (Meß.),460 394,1909_02_26_16_0.jpg,ansbach,1
Regierung Ansbach (Meß.),56.833,1909_03_28_34_0.jpg,ansbach,1
Regierung Ansbach (Meßf.),56 605 a,1911_08_29_63_0.jpg,ansbach,1
Regierung Ansbach (Meßf.),460 382/460 382b,1899_02_15_14_0.jpg,ansbach,1
Regierung Ansbach (Meßf.),29 451,1904_02_20_88_0.jpg,ansbach,1
Regierung Ansbach (Meßf.),460 380,1902_03_17_82_0.jpg,ansbach,1
Regierung Ansbach (Meßl.),57.049 b,1899_01_15_29_0.jpg,ansbach,1
Regierung Ansbach (Meßl.),163 180 a,1929_05_02_43_0.jpg,ansbach,1
Regierung Ansbach (Meßl.),58 256,1930_07_16_12_0.jpg,ansbach,1
Regierung Ansbach (Meßst.),23 552 'a,1890_12_27_8_0.jpg,ansbach,1
Regierung Ansbach (Meßst.),163.226,1896_08_21_47_0.jpg,ansbach,1
Regierung Ansbach (Meßst.),59 796 a,1896_03_05_67_0.jpg,ansbach,1
Regierung Ansbach (Meßst.),52 702 1,1904_02_05_26_0.jpg,ansbach,1
Regierung Ansbach (Meßst.),167 031 a,1910_09_01_97_0.jpg,ansbach,1
Regierung Ansbach (Meßst.),S 437 K 163 327 a,1902_11_05_93_0.jpg,ansbach,1
Regierung Ansbach (Mf.),59 647,1916_10_17_45_0.jpg,ansbach,1
Regierung Ansbach (Mf.),163.395a,1903_01_15_67_0.jpg,ansbach,1
Regierung Ansbach (Mf.),462 420,1921_08_27_65_0.jpg,ansbach,1
Regierung Ansbach (Mf.),163 884 a,1921_12_12_83_0.jpg,ansbach,1
Regierung Ansbach (Mf.),169 469,1912_05_07_103_0.jpg,ansbach,1
Regierung Ansbach (Mf.),56 605 b,1912_12_24_159_0.jpg,ansbach,1
Regierung Ansbach (Mf.),55 490 b,1908_02_21_5_0.jpg,ansbach,1
Regierung Ansbach (Mf.),56 037,1908_12_18_64_0.jpg,ansbach,1
Regierung Ansbach (Mf.),ZE 58.698,1928_02_18_25_0.jpg,ansbach,1
Regierung Ansbach (Mf.),163320,1928_10_07_42_0.jpg,ansbach,1
Regierung Ansbach (Mf.),160 608,1905_12_26_97_0.jpg,ansbach,1
Regierung Ansbach (Mf.),460 263/460 263a,1905_01_17_27_0.jpg,ansbach,1
Regierung Ansbach (Mf.),59 408,1911_07_06_15_0.jpg,ansbach,1
Regierung Ansbach (Mf.),59 752,1911_07_03_99_0.jpg,ansbach,1
Regierung Ansbach (Mf.),59 881 a,1897_04_15_25_0.jpg,ansbach,1
Regierung Ansbach (Mf.),55 256 a,1895_07_08_44_0.jpg,ansbach,1
Regierung Ansbach (Mf.),161 607 a,1937_05_06_32_0.jpg,ansbach,1
Regierung Ansbach (Mf.),23 093,1892_01_05_41_0.jpg,ansbach,1
Regierung Ansbach (Mf.),58 694,1896_12_09_31_0.jpg,ansbach,1
Regierung Ansbach (Mf.),163 404,1904_06_15_56_0.jpg,ansbach,1
Regierung Ansbach (Mf.),169934/169934,1927_08_13_32_0.jpg,ansbach,1
Regierung Ansbach (Mf.),169 942a,1925_01_19_13_0.jpg,ansbach,1
Regierung Ansbach (Mf.),462 077 / a,1907_07_29_15_0.jpg,ansbach,1
Regierung Ansbach (Mf.),163 406,1906_12_23_47_0.jpg,ansbach,1
Regierung Ansbach (Mf.),101 024,1913_11_16_67_0.jpg,ansbach,1
Regierung Ansbach (Mf.),163 884 b,1913_12_12_71_0.jpg,ansbach,1
Regierung Ansbach (Mf.),163 269,1919_10_22_82_0.jpg,ansbach,1
Regierung Ansbach (Mf.),166 771,1931_09_25_21_0.jpg,ansbach,1
Regierung Ansbach (Mf.),58360,1909_02_13_94_0.jpg,ansbach,1
Regierung Ansbach (Mf.),624 925 a,1917_03_31_34_0.jpg,ansbach,1
Regierung Ansbach (MfP),50/7 K 236 Kartei-Nr. 163 331,1940_02_28_20_0.jpg,ansbach,1
Regierung Ansbach (MfS),53.892.a,1903_03_19_90_0.jpg,ansbach,1
Regierung Ansbach (MfS),462.739,1919_09_04_48_0.jpg,ansbach,1
Regierung Ansbach (MfS),161 155,1919_03_03_85_0.jpg,ansbach,1
Regierung Ansbach (MfT),50/7 Nr. 178K,1901_07_25_49_0.jpg,ansbach,1
Regierung Ansbach (MfV),167 310 f,1916_11_12_78_0.jpg,ansbach,1
Regierung Ansbach (MfV),460 902,1903_06_11_83_0.jpg,ansbach,1
Regierung Ansbach (MfV),53 722,1894_05_07_4_0.jpg,ansbach,1
Regierung Ansbach (MfV),160 702,1920_12_15_41_0.jpg,ansbach,1
Regierung Ansbach (MfV),462 055/8,1891_07_10_39_0.jpg,ansbach,1
Regierung Ansbach (MfV),58 670,1926_01_03_80_0.jpg,ansbach,1
Regierung Ansbach (MfV),52 702 d,1889_07_18_10_0.jpg,ansbach,1
Regierung Ansbach (MfV),460 269,1932_12_06_49_0.jpg,ansbach,1
Regierung Ansbach (MfV),ZK. 169 210,1880_03_17_35_0.jpg,ansbach,1
Regierung Ansbach (MfV),460 558,1904_06_28_78_0.jpg,ansbach,1
Regierung Ansbach (MfV),168 548 a - c,1904_12_03_44_0.jpg,ansbach,1
Regierung Ansbach (MfV),L 184 Kartei-Nr. 52 607 a,1901_05_08_69_0.jpg,ansbach,1
Regierung Ansbach (MfV),59.056,1910_06_23_112_0.jpg,ansbach,1
Regierung Ansbach (MfV.),Z.K. 461379,1904_04_27_19_0.jpg,ansbach,1
Regierung Ansbach (MfV.),59.267,1898_06_24_62_0.jpg,ansbach,1
Regierung Ansbach (MfVl.),631 330,1937_08_18_12_0.jpg,ansbach,1
Regierung Ansbach (Mfll.),462 245a,1912_05_12_233_0.jpg,ansbach,1
Regierung Ansbach (Mnf.),168.982,1918_08_14_46_0.jpg,ansbach,1
Regierung Ansbach (Mnf.),160 330/160 330 J,1888_12_23_36_0.jpg,ansbach,1
Regierung Ansbach (Mnf.),165 201,1876_01_07_4_0.jpg,ansbach,1
Regierung Ansbach (Moff.),57.048 f,1915_02_13_31_0.jpg,ansbach,1
Regierung Ansbach (Mr.M.),161 122,1914_05_26_53_0.jpg,ansbach,1
Regierung Ansbach (Mrf.),B 109 c,1916_09_28_5_0.jpg,ansbach,1
Regierung Ansbach (Mrf.),167.892,1905_12_03_29_0.jpg,ansbach,1
Regierung Ansbach (Mrz.),168 706,1920_04_15_48_0.jpg,ansbach,1
Regierung Ansbach (Möff.),161 100,1899_02_27_120_0.jpg,ansbach,1
Regierung Ansbach (Oberf.),624 925 b,1923_07_10_97_0.jpg,ansbach,1
Regierung Ansbach (Präf.),R 48 K 439 311 b,1921_07_28_98_0.jpg,ansbach,1
Regierung Ansbach (R.VI/1),59.987.0,1890_05_17_29_0.jpg,ansbach,1
Regierung Ansbach (StML),161 035 a,1903_08_09_51_0.jpg,ansbach,1
Regierung Ansbach (StV),59651,1894_07_24_48_0.jpg,ansbach,1
Regierung Ansbach (StV),59 800,1921_04_26_83_0.jpg,ansbach,1
Regierung Ansbach (Staats.),Zk. 163333,1922_04_20_24_0.jpg,"ansbach, staats",2
Regierung Ansbach (Staats.),59 798,1901_02_11_18_0.jpg,"ansbach, staats",2
Regierung Ansbach (Stv. Mf.),50/7 H 77 K 161 022 a,1913_11_16_68_0.jpg,ansbach,1
Regierung Ansbach (Vr.),160 142/160 142 c,1933_04_26_31_0.jpg,ansbach,1
Regierung Ansbach (WAF),462.812,1917_05_12_57_0.jpg,ansbach,1
Regierung Ansbach (WFF),26 763,1899_01_01_113_0.jpg,ansbach,1
Regierung Ansbach (Waff.),160 342/1,1918_02_14_36_0.jpg,ansbach,1
Regierung Ansbach (Waff.),161 661,1938_08_02_26_0.jpg,ansbach,1
Regierung Ansbach (Waff.),55 533,1878_07_22_13_0.jpg,ansbach,1
Regierung Ansbach (Waff.),169 635,1897_03_02_43_0.jpg,ansbach,1
Regierung Ansbach (Waff.),52 713 a,1895_09_29_1_0.jpg,ansbach,1
Regierung Ansbach (Waff.),163 004 b,1895_00_00_286_0.jpg,ansbach,1
Regierung Ansbach (Waff.),J 12 K 605.642.d,1895_03_19_16_0.jpg,ansbach,1
Regierung Ansbach (Waff.),422 198/b,1947_04_09_1_0.jpg,ansbach,1
Regierung Ansbach (Waff.),52 347 b,1886_04_25_12_0.jpg,ansbach,1
Regierung Ansbach (Waff.),29 088a,1929_04_28_72_0.jpg,ansbach,1
Regierung Ansbach (Waff.),163.229,1896_08_21_46_0.jpg,ansbach,1
Regierung Ansbach (Waff.),59 866/59 866 a,1907_11_17_52_0.jpg,ansbach,1
Regierung Ansbach (Waff.),59.081 a,1913_01_15_95_0.jpg,ansbach,1
Regierung Ansbach (Waff.),J 71 52 885,1913_07_31_48_0.jpg,ansbach,1
Regierung Ansbach (Waff.),166 701,1902_05_13_43_0.jpg,ansbach,1
Regierung Ansbach (Waff.),161 878,1909_02_11_26_0.jpg,ansbach,1
Regierung Ansbach (Waff.),161 103,1909_10_08_20_0.jpg,ansbach,1
Regierung Ansbach (Waff.),461 935 n,1917_04_18_47_0.jpg,ansbach,1
Regierung Ansbach (WcEP.),460 551/a,1930_05_11_33_0.jpg,ansbach,1
Regierung Ansbach (WeEF.),161 845 a,1895_07_12_7_0.jpg,ansbach,1
Regierung Ansbach (Wef.),58 398,1938_03_24_13_0.jpg,ansbach,1
Regierung Ansbach (Wef.),462 820,1923_01_12_116_0.jpg,ansbach,1
Regierung Ansbach (Weff),611870,1905_11_08_44_0.jpg,ansbach,1
Regierung Ansbach (Weff.),Z.K.461460,1903_01_18_80_0.jpg,ansbach,1
Regierung Ansbach (Weff.),ZK 462 435,1903_01_22_3_0.jpg,ansbach,1
Regierung Ansbach (Weff.),461 118,1900_12_05_34_0.jpg,ansbach,1
Regierung Ansbach (Weff.),P 138 Kartei-Nr. 52 872,1894_07_06_58_0.jpg,ansbach,1
Regierung Ansbach (Weff.),52 882,1894_10_09_35_0.jpg,ansbach,1
Regierung Ansbach (Weff.),161745,1921_06_21_124_0.jpg,ansbach,1
Regierung Ansbach (Weff.),163.364,1915_03_11_88_0.jpg,ansbach,1
Regierung Ansbach (Weff.),169 638 a,1889_03_19_38_0.jpg,ansbach,1
Regierung Ansbach (Weff.),52887,1889_06_18_55_0.jpg,ansbach,1
Regierung Ansbach (Weff.),30 212,1881_06_25_7_0.jpg,ansbach,1
Regierung Ansbach (Weff.),U.6.K-183.349,1923_04_18_69_0.jpg,ansbach,1
Regierung Ansbach (Weff.),161 496,1911_08_01_57_0.jpg,ansbach,1
Regierung Ansbach (Weff.),167 401 a,1911_10_22_97_0.jpg,ansbach,1
Regierung Ansbach (Weff.),462.8Q9,1897_04_23_43_0.jpg,ansbach,1
Regierung Ansbach (Weff.),53.806.e,1897_05_17_47_0.jpg,ansbach,1
Regierung Ansbach (Weff.),58 402 a,1890_10_14_50_0.jpg,ansbach,1
Regierung Ansbach (Weff.),161 749 b,1895_02_09_37_0.jpg,ansbach,1
Regierung Ansbach (Weff.),58402 c,1895_06_03_50_0.jpg,ansbach,1
Regierung Ansbach (Weff.),58.401,1880_02_10_19_0.jpg,ansbach,1
Regierung Ansbach (Weff.),58 402 b,1899_08_18_60_0.jpg,ansbach,1
Regierung Ansbach (Weff.),167 378 (27 464),1899_02_11_64_0.jpg,ansbach,1
Regierung Ansbach (Weff.),Z.K. 52899,1899_10_18_76_0.jpg,ansbach,1
Regierung Ansbach (Weff.),58.422 b,1886_06_10_11_0.jpg,ansbach,1
Regierung Ansbach (Weff.),S 402 Kartei-Nr. 52 876,1914_01_12_95_0.jpg,ansbach,1
Regierung Ansbach (Weff.),54 195,1914_03_05_9_0.jpg,ansbach,1
Regierung Ansbach (Weff.),27 272 c,1937_12_18_7_0.jpg,ansbach,1
Regierung Ansbach (Weff.),Z.K. 461460,1904_04_15_20_0.jpg,ansbach,1
Regierung Ansbach (Weff.),27.962.b,1927_02_14_75_0.jpg,ansbach,1
Regierung Ansbach (Weff.),25 403 a,1907_02_10_48_0.jpg,ansbach,1
Regierung Ansbach (Weff.),165672,1906_06_28_62_0.jpg,ansbach,1
Regierung Ansbach (Weff.),461 948,1901_09_29_89_0.jpg,ansbach,1
Regierung Ansbach (Weff.),167 029 a,1910_09_01_95_0.jpg,ansbach,1
Regierung Ansbach (Weff.),679 793,1910_10_25_9_0.jpg,ansbach,1
Regierung Ansbach (Weff.),53 805 a,1876_04_00_1_0.jpg,ansbach,1
Regierung Ansbach (Weff.),162 009 a,1913_03_30_86_0.jpg,ansbach,1
Regierung Ansbach (Weff.),167 058 b,1913_10_05_59_0.jpg,ansbach,1
Regierung Ansbach (Weff.),165 282,1930_07_27_4_0.jpg,ansbach,1
Regierung Ansbach (Weff.),461 039,1902_04_02_40_0.jpg,ansbach,1
Regierung Ansbach (Weff.),59 959/59 959 b,1909_11_02_94_0.jpg,ansbach,1
Regierung Ansbach (Wehr.),460 235 / b,1933_04_23_13_0.jpg,"ansbach, wehr",2
Regierung Ansbach (Wehr.),59 096,1934_12_23_29_0.jpg,"ansbach, wehr",2
Regierung Ansbach (Wehr.),1603089,1912_09_26_70_0.jpg,"ansbach, wehr",2
Regierung Ansbach (Wehr.),163368,1912_04_07_50_0.jpg,"ansbach, wehr",2
Regierung Ansbach (Wehr.),54720/c,1912_03_29_128_0.jpg,"ansbach, wehr",2
Regierung Ansbach (Wehr.),K 386 Kartei-Nr. 52.463,1893_01_15_52_0.jpg,"ansbach, wehr",2
Regierung Ansbach (Wehr.),160663,1923_04_10_57_0.jpg,"ansbach, wehr",2
Regierung Ansbach (Wehr.),167 311 c,1911_09_05_114_0.jpg,"ansbach, wehr",2
Regierung Ansbach (Wehr.),Z 16 K 620 495 c,1911_10_28_58_0.jpg,"ansbach, wehr",2
Regierung Ansbach (Wehr.),605.642,1897_05_25_21_0.jpg,"ansbach, wehr",2
Regierung Ansbach (Wehr.),461.053.b,1890_09_26_49_0.jpg,"ansbach, wehr",2
Regierung Ansbach (Wehr.),462 425,1914_05_18_12_0.jpg,"ansbach, wehr",2
Regierung Ansbach (Wehr.),461 348 c,1892_09_10_4_0.jpg,"ansbach, wehr",2
Regierung Ansbach (Wehr.),167 366,1935_08_05_42_0.jpg,"ansbach, wehr",2
Regierung Ansbach (Wehr.),161 855 a,1896_08_01_45_0.jpg,"ansbach, wehr",2
Regierung Ansbach (Wehr.),ZK 55 089,1904_03_01_5_0.jpg,"ansbach, wehr",2
Regierung Ansbach (Wehr.),52.848,1927_11_30_43_0.jpg,"ansbach, wehr",2
Regierung Ansbach (Wehr.),26.791,1907_02_17_35_0.jpg,"ansbach, wehr",2
Regierung Ansbach (Wehr.),Z.I'461460 p,1906_08_31_78_0.jpg,"ansbach, wehr",2
Regierung Ansbach (Wehr.),460 546/c,1930_06_20_45_0.jpg,"ansbach, wehr",2
Regierung Ansbach (Wehr.),52.955,1909_11_04_27_0.jpg,"ansbach, wehr",2
Regierung Ansbach (Wehr.),721 075 b,1909_09_14_78_0.jpg,"ansbach, wehr",2
Regierung Ansbach (Wehr.),163.263 a,1909_04_26_18_0.jpg,"ansbach, wehr",2
Regierung Ansbach (WehrL),56 648 a,1909_06_04_65_0.jpg,ansbach,1
Regierung Ansbach (Wehrk),63 901 c,1927_06_07_43_0.jpg,ansbach,1
Regierung Ansbach (Wehrm.),30 060 f,1944_10_29_4_0.jpg,ansbach,1
Regierung Ansbach (Wehrm.),1639359,1897_12_18_36_0.jpg,ansbach,1
Regierung Ansbach (Wehrm.),169911/169911,1914_08_24_47_0.jpg,ansbach,1
Regierung Ansbach (Weiß.),2403804,1944_12_05_7_0.jpg,ansbach,1
Regierung Ansbach (Weiß.),169 154 a,1888_09_21_8_0.jpg,ansbach,1
Regierung Ansbach (Weiß.),58 929,1929_06_19_40_0.jpg,ansbach,1
Regierung Ansbach (Weißf.),460 890 b,1923_06_12_63_0.jpg,ansbach,1
Regierung Ansbach (Welf),161004,1926_08_05_73_0.jpg,ansbach,1
Regierung Ansbach (Welf),L 196 52 773,1925_02_02_6_0.jpg,ansbach,1
Regierung Ansbach (Welf.),161 919,1884_01_21_24_0.jpg,ansbach,1
Regierung Ansbach (Welf.),163 919 c,1933_05_13_18_0.jpg,ansbach,1
Regierung Ansbach (Welf.),161.824,1933_09_16_5_0.jpg,ansbach,1
Regierung Ansbach (Welf.),ZK 55 092,1933_06_21_18_0.jpg,ansbach,1
Regierung Ansbach (Welf.),461 661e,1916_11_12_83_0.jpg,ansbach,1
Regierung Ansbach (Welf.),461-6610,1916_11_12_82_0.jpg,ansbach,1
Regierung Ansbach (Welf.),58.348q,1916_06_11_21_0.jpg,ansbach,1
Regierung Ansbach (Welf.),167 423 a,1916_06_15_24_0.jpg,ansbach,1
Regierung Ansbach (Welf.),168 975,1916_08_01_21_0.jpg,ansbach,1
Regierung Ansbach (Welf.),55 534,1874_07_14_2_0.jpg,ansbach,1
Regierung Ansbach (Welf.),52 252,1903_10_02_91_0.jpg,ansbach,1
Regierung Ansbach (Welf.),166 760,1903_10_26_52_0.jpg,ansbach,1
Regierung Ansbach (Welf.),59 941/59 941 b,1903_03_27_9_0.jpg,ansbach,1
Regierung Ansbach (Welf.),162 082,1900_12_26_77_0.jpg,ansbach,1
Regierung Ansbach (Welf.),460 419,1900_01_27_49_0.jpg,ansbach,1
Regierung Ansbach (Welf.),462 514,1900_05_08_4_0.jpg,ansbach,1
Regierung Ansbach (Welf.),266 760,1900_11_19_89_0.jpg,ansbach,1
Regierung Ansbach (Welf.),169.016,1922_08_22_92_0.jpg,ansbach,1
Regierung Ansbach (Welf.),679 282,1894_08_09_60_0.jpg,ansbach,1
Regierung Ansbach (Welf.),160 734/496,1894_08_02_71_0.jpg,ansbach,1
Regierung Ansbach (Welf.),59 972,1921_11_23_33_0.jpg,ansbach,1
Regierung Ansbach (Welf.),53 898 a,1921_11_19_30_0.jpg,ansbach,1
Regierung Ansbach (Welf.),462.397,1921_04_16_90_0.jpg,ansbach,1
Regierung Ansbach (Welf.),C 23 K 161 039,1921_12_18_15_0.jpg,ansbach,1
Regierung Ansbach (Welf.),54796/a,1921_08_24_16_0.jpg,ansbach,1
Regierung Ansbach (Welf.),460 575/e,1921_02_03_55_0.jpg,ansbach,1
Regierung Ansbach (Welf.),54 327 b,1921_07_30_48_0.jpg,ansbach,1
Regierung Ansbach (Welf.),C 23 K 161 089 a,1921_12_18_14_0.jpg,ansbach,1
Regierung Ansbach (Welf.),52.946,1921_06_30_11_0.jpg,ansbach,1
Regierung Ansbach (Welf.),R 239 K,1920_05_06_110_0.jpg,ansbach,1
Regierung Ansbach (Welf.),ZK: 165 240,1920_04_30_81_0.jpg,ansbach,1
Regierung Ansbach (Welf.),S 342 K 161 804,1934_07_29_20_0.jpg,ansbach,1
Regierung Ansbach (Welf.),52 702 h,1934_02_28_14_0.jpg,ansbach,1
Regierung Ansbach (Welf.),55 332,1918_10_06_94_0.jpg,ansbach,1
Regierung Ansbach (Welf.),169 467,1891_04_03_63_0.jpg,ansbach,1
Regierung Ansbach (Welf.),161 923,1912_02_15_135_0.jpg,ansbach,1
Regierung Ansbach (Welf.),721 075 h,1945_05_03_1_0.jpg,ansbach,1
Regierung Ansbach (Welf.),169.255,1908_10_26_74_0.jpg,ansbach,1
Regierung Ansbach (Welf.),52 702 k,1908_07_09_40_0.jpg,ansbach,1
Regierung Ansbach (Welf.),160 955,1908_02_16_94_0.jpg,ansbach,1
Regierung Ansbach (Welf.),26 639 b,1908_03_03_117_0.jpg,ansbach,1
Regierung Ansbach (Welf.),58.358 e,1915_10_22_32_0.jpg,ansbach,1
Regierung Ansbach (Welf.),56 635,1928_03_25_22_0.jpg,ansbach,1
Regierung Ansbach (Welf.),169 942b,1928_10_04_32_0.jpg,ansbach,1
Regierung Ansbach (Welf.),160 958 b,1928_12_18_50_0.jpg,ansbach,1
Regierung Ansbach (Welf.),165 220 a,1928_09_27_59_0.jpg,ansbach,1
Regierung Ansbach (Welf.),528/165 055,1893_02_22_4_0.jpg,ansbach,1
Regierung Ansbach (Welf.),462 100/462 100a,1893_05_23_7_0.jpg,ansbach,1
Regierung Ansbach (Welf.),168 634,1893_06_03_47_0.jpg,ansbach,1
Regierung Ansbach (Welf.),167 411,1893_03_22_5_0.jpg,ansbach,1
Regierung Ansbach (Welf.),461 070 b),1905_05_30_74_0.jpg,ansbach,1
Regierung Ansbach (Welf.),460.869,1905_11_05_38_0.jpg,ansbach,1
Regierung Ansbach (Welf.),165 961,1889_04_05_30_0.jpg,ansbach,1
Regierung Ansbach (Welf.),S 562 Kartei-Nr. 52.794,1924_01_03_111_0.jpg,ansbach,1
Regierung Ansbach (Welf.),59 893/59893 a,1924_04_02_10_0.jpg,ansbach,1
Regierung Ansbach (Welf.),460 513,1924_07_28_68_0.jpg,ansbach,1
Regierung Ansbach (Welf.),52 556 a,1924_09_29_42_0.jpg,ansbach,1
Regierung Ansbach (Welf.),460 308,1923_12_30_87_0.jpg,ansbach,1
Regierung Ansbach (Welf.),165669,1923_11_07_58_0.jpg,ansbach,1
Regierung Ansbach (Welf.),460 298,1885_03_17_8_0.jpg,ansbach,1
Regierung Ansbach (Welf.),161 753,1885_06_16_6_0.jpg,ansbach,1
Regierung Ansbach (Welf.),169 228,1911_10_17_38_0.jpg,ansbach,1
Regierung Ansbach (Welf.),167 381 a,1911_11_01_72_0.jpg,ansbach,1
Regierung Ansbach (Welf.),167 020,1911_06_28_18_0.jpg,ansbach,1
Regierung Ansbach (Welf.),30 089a,1911_10_21_90_0.jpg,ansbach,1
Regierung Ansbach (Welf.),161 506 c,1936_10_13_16_0.jpg,ansbach,1
Regierung Ansbach (Welf.),54 263 b,1936_10_08_18_0.jpg,ansbach,1
Regierung Ansbach (Welf.),ZK 165 967,1897_05_27_19_0.jpg,ansbach,1
Regierung Ansbach (Welf.),161 764,1897_03_14_70_0.jpg,ansbach,1
Regierung Ansbach (Welf.),59 887/59 887 a,1897_01_06_70_0.jpg,ansbach,1
Regierung Ansbach (Welf.),59 898/59 898 a,1897_04_15_29_0.jpg,ansbach,1
Regierung Ansbach (Welf.),53 770,1890_08_30_25_0.jpg,ansbach,1
Regierung Ansbach (Welf.),161 957a,1890_01_26_10_0.jpg,ansbach,1
Regierung Ansbach (Welf.),53 770 a,1890_08_30_24_0.jpg,ansbach,1
Regierung Ansbach (Welf.),460 507,1870_12_23_2_0.jpg,ansbach,1
Regierung Ansbach (Welf.),57.007 a,1887_10_25_38_0.jpg,ansbach,1
Regierung Ansbach (Welf.),29 127,1887_02_28_48_0.jpg,ansbach,1
Regierung Ansbach (Welf.),462 665,1895_03_14_3_0.jpg,ansbach,1
Regierung Ansbach (Welf.),53 863,1895_08_09_36_0.jpg,ansbach,1
Regierung Ansbach (Welf.),162 076 a,1895_01_16_35_0.jpg,ansbach,1
Regierung Ansbach (Welf.),161 666 a,1895_11_02_49_0.jpg,ansbach,1
Regierung Ansbach (Welf.),59 964/59 964 a,1895_04_04_61_0.jpg,ansbach,1
Regierung Ansbach (Welf.),163 878,1954_12_05_1_0.jpg,ansbach,1
Regierung Ansbach (Welf.),168 705,1899_11_05_11_0.jpg,ansbach,1
Regierung Ansbach (Welf.),ZK. 461 660,1899_04_14_13_0.jpg,ansbach,1
Regierung Ansbach (Welf.),460 554/a,1899_06_13_23_0.jpg,ansbach,1
Regierung Ansbach (Welf.),53 762 b,1914_06_30_81_0.jpg,ansbach,1
Regierung Ansbach (Welf.),169 580,1914_04_07_42_0.jpg,ansbach,1
Regierung Ansbach (Welf.),461 907 a,1914_03_28_86_0.jpg,ansbach,1
Regierung Ansbach (Welf.),167 416,1914_03_28_103_0.jpg,ansbach,1
Regierung Ansbach (Welf.),461 348 e,1914_05_13_47_0.jpg,ansbach,1
Regierung Ansbach (Welf.),54768,1914_08_27_75_0.jpg,ansbach,1
Regierung Ansbach (Welf.),163919 d,1937_10_01_15_0.jpg,ansbach,1
Regierung Ansbach (Welf.),50/7 K 154 K,1929_05_02_40_0.jpg,ansbach,1
Regierung Ansbach (Welf.),161 375 b,1929_05_02_41_0.jpg,ansbach,1
Regierung Ansbach (Welf.),M 213 Kart. 52 948,1892_06_23_60_0.jpg,ansbach,1
Regierung Ansbach (Welf.),460 276/460 276a,1892_03_03_3_0.jpg,ansbach,1
Regierung Ansbach (Welf.),58 411,1892_05_24_8_0.jpg,ansbach,1
Regierung Ansbach (Welf.),496 / 16 028,1896_06_29_23_0.jpg,ansbach,1
Regierung Ansbach (Welf.),163 866 b,1896_03_08_38_0.jpg,ansbach,1
Regierung Ansbach (Welf.),161 642,1877_07_15_14_0.jpg,ansbach,1
Regierung Ansbach (Welf.),461 086 b,1904_05_24_92_0.jpg,ansbach,1
Regierung Ansbach (Welf.),56 053 a,1904_02_03_18_0.jpg,ansbach,1
Regierung Ansbach (Welf.),462.352,1904_07_14_56_0.jpg,ansbach,1
Regierung Ansbach (Welf.),460 514,1904_12_26_7_0.jpg,ansbach,1
Regierung Ansbach (Welf.),169 989/169989 a,1927_12_05_71_0.jpg,ansbach,1
Regierung Ansbach (Welf.),462 199,1927_12_18_45_0.jpg,ansbach,1
Regierung Ansbach (Welf.),161 604,1925_04_03_79_0.jpg,ansbach,1
Regierung Ansbach (Welf.),51 700 d,1925_02_02_73_0.jpg,ansbach,1
Regierung Ansbach (Welf.),H 72 K 160 946 c,1925_11_19_30_0.jpg,ansbach,1
Regierung Ansbach (Welf.),53 855,1925_12_08_38_0.jpg,ansbach,1
Regierung Ansbach (Welf.),59 865/59 865 a,1907_11_17_53_0.jpg,ansbach,1
Regierung Ansbach (Welf.),52 489 a,1907_12_09_10_0.jpg,ansbach,1
Regierung Ansbach (Welf.),50/7 N 43 K 160 910,1907_06_06_79_0.jpg,ansbach,1
Regierung Ansbach (Welf.),59940,1907_01_28_70_0.jpg,ansbach,1
Regierung Ansbach (Welf.),52 349,1907_09_24_90_0.jpg,ansbach,1
Regierung Ansbach (Welf.),161 884,1907_01_05_15_0.jpg,ansbach,1
Regierung Ansbach (Welf.),169996/169996 a,1907_11_17_55_0.jpg,ansbach,1
Regierung Ansbach (Welf.),53248,1907_10_21_12_0.jpg,ansbach,1
Regierung Ansbach (Welf.),59 714,1906_10_14_48_0.jpg,ansbach,1
Regierung Ansbach (Welf.),163 934 b,1906_09_28_79_0.jpg,ansbach,1
Regierung Ansbach (Welf.),167 403,1906_11_13_84_0.jpg,ansbach,1
Regierung Ansbach (Welf.),52.929,1906_06_19_8_0.jpg,ansbach,1
Regierung Ansbach (Welf.),161 827,1901_04_01_30_0.jpg,ansbach,1
Regierung Ansbach (Welf.),52 704 a,1901_07_25_16_0.jpg,ansbach,1
Regierung Ansbach (Welf.),165659/a,1901_12_09_11_0.jpg,ansbach,1
Regierung Ansbach (Welf.),50/7 P 32 K,1898_06_21_58_0.jpg,ansbach,1
Regierung Ansbach (Welf.),462 203/a,1898_09_30_47_0.jpg,ansbach,1
Regierung Ansbach (Welf.),169698/1775,1898_09_08_42_0.jpg,ansbach,1
Regierung Ansbach (Welf.),169 661,1910_01_12_104_0.jpg,ansbach,1
Regierung Ansbach (Welf.),Z.K. 28 838,1910_11_23_22_0.jpg,ansbach,1
Regierung Ansbach (Welf.),H 53 23 922,1910_02_10_122_0.jpg,ansbach,1
Regierung Ansbach (Welf.),59 947,1910_06_28_33_0.jpg,ansbach,1
Regierung Ansbach (Welf.),59 998,1910_06_30_63_0.jpg,ansbach,1
Regierung Ansbach (Welf.),29 023,1876_06_25_3_0.jpg,ansbach,1
Regierung Ansbach (Welf.),50/7 S 17 K,1913_06_17_108_0.jpg,ansbach,1
Regierung Ansbach (Welf.),461.045.6,1913_03_17_20_0.jpg,ansbach,1
Regierung Ansbach (Welf.),461 6610,1913_08_11_82_0.jpg,ansbach,1
Regierung Ansbach (Welf.),56 668,1913_11_19_59_0.jpg,ansbach,1
Regierung Ansbach (Welf.),ZK. 58 648,1913_03_30_90_0.jpg,ansbach,1
Regierung Ansbach (Welf.),460 955 e,1919_01_11_76_0.jpg,ansbach,1
Regierung Ansbach (Welf.),169 605,1919_12_10_77_0.jpg,ansbach,1
Regierung Ansbach (Welf.),59 714 b,1930_05_09_36_0.jpg,ansbach,1
Regierung Ansbach (Welf.),53 830,1930_02_05_47_0.jpg,ansbach,1
Regierung Ansbach (Welf.),54 558a,1930_04_28_54_0.jpg,ansbach,1
Regierung Ansbach (Welf.),58 337,1930_09_03_39_0.jpg,ansbach,1
Regierung Ansbach (Welf.),A 56 K 161 422,1930_04_24_1_0.jpg,ansbach,1
Regierung Ansbach (Welf.),615611c,1902_05_27_20_0.jpg,ansbach,1
Regierung Ansbach (Welf.),52 443,1902_07_08_38_0.jpg,ansbach,1
Regierung Ansbach (Welf.),462-732,1902_04_17_67_0.jpg,ansbach,1
Regierung Ansbach (Welf.),462 195,1902_12_03_56_0.jpg,ansbach,1
Regierung Ansbach (Welf.),462.396,1902_04_06_106_0.jpg,ansbach,1
Regierung Ansbach (Welf.),461328,1931_10_06_15_0.jpg,ansbach,1
Regierung Ansbach (Welf.),27 114 0,1931_09_25_22_0.jpg,ansbach,1
Regierung Ansbach (Welf.),163 936,1942_10_04_9_0.jpg,ansbach,1
Regierung Ansbach (Welf.),460 760 d,1943_03_24_4_0.jpg,ansbach,1
Regierung Ansbach (Welf.),58.415 b,1943_05_08_6_0.jpg,ansbach,1
Regierung Ansbach (Welf.),52 777 a,1909_07_31_80_0.jpg,ansbach,1
Regierung Ansbach (Welf.),460.868,1909_12_10_103_0.jpg,ansbach,1
Regierung Ansbach (Welf.),25 875 g,1909_08_09_34_0.jpg,ansbach,1
Regierung Ansbach (Welf.),160 003,1909_04_25_12_0.jpg,ansbach,1
Regierung Ansbach (Welf.),462 503 a,1909_09_25_132_0.jpg,ansbach,1
Regierung Ansbach (Welf.),647 756 d,1917_09_24_37_0.jpg,ansbach,1
Regierung Ansbach (Welf.),169994/169994 a,1917_11_17_35_0.jpg,ansbach,1
Regierung Ansbach (Welff.),M 186 Kartei-Nr. 52 168,1892_06_23_59_0.jpg,ansbach,1
Regierung Ansbach (Welfs),101 711 a,1900_08_27_21_0.jpg,ansbach,1
Regierung Ansbach (Weltf.),163.396.A,1903_01_15_68_0.jpg,ansbach,1
Regierung Ansbach (Weltf.),161 889,1922_02_06_55_0.jpg,ansbach,1
Regierung Ansbach (Weltf.),167.908,1918_07_20_16_0.jpg,ansbach,1
Regierung Ansbach (Weltf.),165 249,1893_06_15_94_0.jpg,ansbach,1
Regierung Ansbach (Weltf.),169 644,1905_01_31_53_0.jpg,ansbach,1
Regierung Ansbach (Weltf.),166 274 a,1932_07_30_20_0.jpg,ansbach,1
Regierung Ansbach (Weltf.),460 512,1924_10_10_198_0.jpg,ansbach,1
Regierung Ansbach (Weltf.),163.343,1923_04_18_67_0.jpg,ansbach,1
Regierung Ansbach (Weltf.),169964/169964 a,1890_03_24_33_0.jpg,ansbach,1
Regierung Ansbach (Weltf.),55 543,1895_11_02_1_0.jpg,ansbach,1
Regierung Ansbach (Weltf.),58 661,1892_01_05_6_0.jpg,ansbach,1
Regierung Ansbach (Weltf.),50/7 L 82 K,1896_02_20_56_0.jpg,ansbach,1
Regierung Ansbach (Weltf.),52466,1896_12_30_50_0.jpg,ansbach,1
Regierung Ansbach (Weltf.),B 243 51 583 a,1877_04_21_1_0.jpg,ansbach,1
Regierung Ansbach (Weltf.),165 340 c,1904_03_14_114_0.jpg,ansbach,1
Regierung Ansbach (Weltf.),Z 15 K 620 494 c,1907_01_13_17_0.jpg,ansbach,1
Regierung Ansbach (Wenf.),460 113/460 113 c,1926_04_27_39_0.jpg,ansbach,1
Regierung Ansbach (Westf.),25190 d,1933_09_01_39_0.jpg,ansbach,1
Regierung Ansbach (Westf.),165 331 c,1900_08_04_55_0.jpg,ansbach,1
Regierung Ansbach (Westf.),462 077 / d,1921_02_25_85_0.jpg,ansbach,1
Regierung Ansbach (Westf.),462 040/a,1921_03_01_175_0.jpg,ansbach,1
Regierung Ansbach (Westf.),ZK. 169 ool,1921_11_29_26_0.jpg,ansbach,1
Regierung Ansbach (Westf.),161 917 a,1920_10_23_22_0.jpg,ansbach,1
Regierung Ansbach (Westf.),F 158 K 161 916 a,1920_10_23_21_0.jpg,ansbach,1
Regierung Ansbach (Westf.),461 914,1934_06_13_21_0.jpg,ansbach,1
Regierung Ansbach (Westf.),53 872,1915_10_15_123_0.jpg,ansbach,1
Regierung Ansbach (Westf.),359.874 6009706,1924_11_16_101_0.jpg,ansbach,1
Regierung Ansbach (Westf.),53 575,1924_12_06_67_0.jpg,ansbach,1
Regierung Ansbach (Westf.),460 486/460 486 a,1923_08_12_124_0.jpg,ansbach,1
Regierung Ansbach (Westf.),163 372 c,1923_03_06_75_0.jpg,ansbach,1
Regierung Ansbach (Westf.),169.710/1787,1897_12_17_27_0.jpg,ansbach,1
Regierung Ansbach (Westf.),52 865,1888_04_13_7_0.jpg,ansbach,1
Regierung Ansbach (Westf.),27 865,1888_07_21_14_0.jpg,ansbach,1
Regierung Ansbach (Westf.),462.367,1947_04_24_1_0.jpg,ansbach,1
Regierung Ansbach (Westf.),163 879,1957_11_10_1_0.jpg,ansbach,1
Regierung Ansbach (Westf.),461 655 a,1929_07_01_41_0.jpg,ansbach,1
Regierung Ansbach (Westf.),461 928,1896_01_31_51_0.jpg,ansbach,1
Regierung Ansbach (Westf.),160 913 a,1896_02_20_53_0.jpg,ansbach,1
Regierung Ansbach (Westf.),461.145,1907_06_28_151_0.jpg,ansbach,1
Regierung Ansbach (Westf.),53 805 c,1906_02_20_147_0.jpg,ansbach,1
Regierung Ansbach (Westf.),169 690 / 1767,1902_01_26_79_0.jpg,ansbach,1
Regierung Ansbach (Wf.),160 928 a,1900_11_18_44_0.jpg,ansbach,1
Regierung Ansbach (Wf.),53 824,1920_04_07_85_0.jpg,ansbach,1
Regierung Ansbach (Wf.),163 871 a,1920_05_02_143_0.jpg,ansbach,1
Regierung Ansbach (Wf.),166 761,1905_05_12_95_0.jpg,ansbach,1
Regierung Ansbach (Wf.),53 897 d,1889_03_27_34_0.jpg,ansbach,1
Regierung Ansbach (Wf.),59 892/59 892 a,1924_04_02_9_0.jpg,ansbach,1
Regierung Ansbach (Wf.),620 494 b,1911_10_28_57_0.jpg,ansbach,1
Regierung Ansbach (Wf.),169 499 b,1951_10_28_1_0.jpg,ansbach,1
Regierung Ansbach (Wf.),26 739a,1888_09_13_41_0.jpg,ansbach,1
Regierung Ansbach (Wf.),462 133,1947_06_15_5_0.jpg,ansbach,1
Regierung Ansbach (Wf.),28 738 a,1899_10_21_37_0.jpg,ansbach,1
Regierung Ansbach (Wf.),163 918,1914_06_21_28_0.jpg,ansbach,1
Regierung Ansbach (Wf.),161 887,1925_07_23_52_0.jpg,ansbach,1
Regierung Ansbach (Wf.),W 71 Kartei-Nr. 52 814,1898_12_24_107_0.jpg,ansbach,1
Regierung Ansbach (Wf.),160 933 d,1913_11_08_53_0.jpg,ansbach,1
Regierung Ansbach (WfJ),460 423,1899_10_24_80_0.jpg,ansbach,1
Regierung Ansbach (Wff),169 294,1887_10_05_15_0.jpg,ansbach,1
Regierung Ansbach (Württemberg),460 366,1923_07_08_6_0.jpg,ansbach,1
Regierung Ansbach (Württemberg),167 073,1892_06_27_57_0.jpg,ansbach,1
Regierung Ansbach (Würzburg),429 356 a,1930_08_08_31_0.jpg,"ansbach, würzburg",2
Regierung Ansbach (m. W.),59.878,1920_05_11_44_0.jpg,ansbach,1
Regierung Ansbach (m.Af.),161 375,1893_11_20_44_0.jpg,ansbach,1
Regierung Ansbach (m.E.),163072,1918_12_25_90_0.jpg,ansbach,1
Regierung Ansbach (m.E.),169 450,1901_04_27_75_0.jpg,ansbach,1
Regierung Ansbach (m.Eff.),169 244 c,1888_02_06_9_0.jpg,ansbach,1
Regierung Ansbach (m.Off.),53 814,1924_03_03_50_0.jpg,ansbach,1
Regierung Ansbach (m.w.P.),166 770,1938_09_28_28_0.jpg,ansbach,1
Regierung Ansbach (m.w.f.),29 797,1910_02_16_133_0.jpg,ansbach,1
Regierung Armeekorps (Wehr.),ZK 108 997,1924_12_15_115_0.jpg,wehr,1
Regierung Arnaberg (Welt.),55 781,1868_06_20_3_0.jpg,welt,1
Regierung Arnberg (Welt.),23 003/23 003f,1912_08_31_32_0.jpg,welt,1
Regierung Arneberg (Wehr.),168 546,1908_08_14_93_0.jpg,wehr,1
Regierung Arneberg (Wehr.),ZK. 52 823,1908_03_19_67_0.jpg,wehr,1
Regierung Arneberg (Wehr.),169970/169970 a,1878_02_17_17_0.jpg,wehr,1
Regierung Arneberg (Welt.),460 553,1930_08_20_49_0.jpg,welt,1
Regierung Arnsherg (Meßkirch),460 382,1900_01_29_14_0.jpg,meßkirch,1
Regierung Arnsherg (Wehr.),169 972/169972,1878_02_17_14_0.jpg,wehr,1
Regierung Arnsherg (Wehr.),166 261,1910_09_22_102_0.jpg,wehr,1
Regierung Arnsherg (Wehr.),51 835 'a,1909_02_12_23_0.jpg,wehr,1
Regierung Arnsherg (Welt),462 493,1901_12_12_66_0.jpg,welt,1
Regierung Arnsherg (Welt.),461 009,1912_12_07_31_0.jpg,welt,1
Regierung Arnsherg (Welt.),53.001,1928_01_14_54_0.jpg,welt,1
Regierung Arnsherg (Welt.),52 412 b,1938_08_30_28_0.jpg,welt,1
Regierung Arnsherg (Welt.),28 816,1897_12_06_1_0.jpg,welt,1
Regierung Arnsherg (Welt.),460 881,1887_06_12_3_0.jpg,welt,1
Regierung Arnsherg (Welt.),460 925,1887_04_06_12_0.jpg,welt,1
Regierung Arnshorn (Mölln),53 720 a,1922_01_23_10_0.jpg,mölln,1
Regierung Arnstberg (Welt.),460 897a,1909_09_25_130_0.jpg,welt,1
Regierung Arnstorf (Welf.),28 624 b,1898_09_30_80_0.jpg,arnstorf,1
Regierung Arnswald (Wehr.),161520,1900_08_27_121_0.jpg,wehr,1
Regierung Arnswald (Wehr.),53 870,1893_04_08_51_0.jpg,wehr,1
Regierung Arnswald (Wehr.),161 385,1924_10_24_102_0.jpg,wehr,1
Regierung Arnswald (Wehr.),24 636,1898_11_23_92_0.jpg,wehr,1
Regierung Arnswald (Weimar),59 932/59 932 a,1926_10_04_30_0.jpg,weimar,1
Regierung Arnswald (Welt.),165 288 a,1901_01_09_106_0.jpg,welt,1
Regierung Arnswalda (Weimar),54804,1879_10_29_11_0.jpg,weimar,1
Regierung Arnswalde (Wehr.),461.658.a,1884_08_14_32_0.jpg,wehr,1
Regierung Arnswalde (Wehr.),462 652,1922_01_18_51_0.jpg,wehr,1
Regierung Arnswalde (Wehr.),161 259 a,1920_06_22_119_0.jpg,wehr,1
Regierung Arnswalde (Wehr.),461 668,1873_10_25_9_0.jpg,wehr,1
Regierung Arnswalde (Wehr.),H 98 K 161 208 a,1915_04_18_12_0.jpg,wehr,1
Regierung Arnswalde (Wehr.),462 803,1932_03_18_20_0.jpg,wehr,1
Regierung Arnswalde (Wehr.),161 839,1924_12_24_11_0.jpg,wehr,1
Regierung Arnswalde (Wehr.),168 638,1888_03_04_37_0.jpg,wehr,1
Regierung Arnswalde (Wehr.),59 731,1914_01_29_26_0.jpg,wehr,1
Regierung Arnswalde (Wehr.),56 583,1935_08_06_27_0.jpg,wehr,1
Regierung Arnswalde (Wehr.),59 705,1896_09_18_85_0.jpg,wehr,1
Regierung Arnswalde (Welt.),461 661 f,1920_01_05_160_0.jpg,welt,1
Regierung Arnswerg (Wehr.),59.886/59886 b,1926_10_04_33_0.jpg,wehr,1
Regierung Arnswerg (Wehr.),460 905,1899_04_12_99_0.jpg,wehr,1
Regierung Arnswerg (Welt),52 557 a,1927_01_08_33_0.jpg,welt,1
Regierung Arnswerg (Welt.),52 174,1874_09_22_10_0.jpg,welt,1
Regierung Arnswerg (Welt.),54720/b,1921_01_15_178_0.jpg,welt,1
Regierung Arnswerg (Welt.),452.474,1912_08_23_54_0.jpg,welt,1
Regierung Arnswerg (Welt.),24 922b,1915_04_28_104_0.jpg,welt,1
Regierung Arnswerg (Welt.),E 92 K 53 191a,1924_05_24_39_0.jpg,welt,1
Regierung Arnswerg (Welt.),415/169 299,1911_05_11_130_0.jpg,welt,1
Regierung Arnswerg (Welt.),P 54 K 161 782,1902_05_05_137_0.jpg,welt,1
Regierung Augsburg (Welf.),629 757 d,1920_07_17_97_0.jpg,augsburg,1
Regierung Bamberg,161 284,1903_09_23_80_0.jpg,bamberg,1
Regierung Bamberg,52 729 b,1900_05_01_29_0.jpg,bamberg,1
Regierung Bamberg,461 073,1921_05_16_77_0.jpg,bamberg,1
Regierung Bamberg,56 135 c,1912_09_08_29_0.jpg,bamberg,1
Regierung Bamberg,460 292,1924_01_30_8_0.jpg,bamberg,1
Regierung Bamberg,161 578 b,1924_07_21_91_0.jpg,bamberg,1
Regierung Bamberg,29 832 b,1923_12_22_24_0.jpg,bamberg,1
Regierung Bamberg,52 369 a,1887_07_07_62_0.jpg,bamberg,1
Regierung Bamberg,460 359,1899_02_27_100_0.jpg,bamberg,1
Regierung Bamberg,165 180 b,1899_11_25_11_0.jpg,bamberg,1
Regierung Bamberg,460 958,1892_01_27_63_0.jpg,bamberg,1
Regierung Bamberg,161 998 a,1901_02_23_80_0.jpg,bamberg,1
Regierung Bamberg,161056,1910_06_25_42_0.jpg,bamberg,1
Regierung Bamberg,460 361/460 361 b,1931_12_13_7_0.jpg,bamberg,1
Regierung Bamberg (Bef.),27 769 b,1934_03_17_15_0.jpg,bamberg,1
Regierung Bamberg (DE),167.895,1927_08_21_4_0.jpg,bamberg,1
Regierung Bamberg (Def.),23230,1927_01_29_70_0.jpg,bamberg,1
Regierung Bamberg (Deutschland),163 049,1929_06_06_78_0.jpg,bamberg,1
Regierung Bamberg (Dienststelle),28 975 a-c,1901_08_04_58_0.jpg,bamberg,1
Regierung Bamberg (M 187.),59 680,1897_07_11_89_0.jpg,bamberg,1
Regierung Bamberg (M-81),52 644,1889_12_28_25_0.jpg,bamberg,1
Regierung Bamberg (M.I.),162 067,1926_02_21_17_0.jpg,bamberg,1
Regierung Bamberg (M.M.),167.876,1922_12_22_121_0.jpg,bamberg,1
Regierung Bamberg (M.O.),169 553 e,1926_04_29_3_0.jpg,bamberg,1
Regierung Bamberg (Meß.),460 378,1920_08_01_149_0.jpg,bamberg,1
Regierung Bamberg (Meß.),165 200,1925_01_21_69_0.jpg,bamberg,1
Regierung Bamberg (Meßl.),163 036 a,1894_07_26_65_0.jpg,bamberg,1
Regierung Bamberg (Mf.),167.900,1932_07_10_52_0.jpg,bamberg,1
Regierung Bamberg (Mf.),460 384,1940_07_17_17_0.jpg,bamberg,1
Regierung Bamberg (Mf.),169934/169934 b,1913_04_16_61_0.jpg,bamberg,1
Regierung Bamberg (MfP),25 683,1896_07_21_85_0.jpg,bamberg,1
Regierung Bamberg (MfRf.),56 693 a,1903_04_21_40_0.jpg,bamberg,1
Regierung Bamberg (MfV),432363/432363,1905_11_15_55_0.jpg,bamberg,1
Regierung Bamberg (MfV),165 228,1870_08_20_4_0.jpg,bamberg,1
Regierung Bamberg (MfV),58.358 b,1904_09_10_36_0.jpg,bamberg,1
Regierung Bamberg (MfV),169 433,1901_08_08_24_0.jpg,bamberg,1
Regierung Bamberg (Moß),169554,1892_01_26_46_0.jpg,bamberg,1
Regierung Bamberg (Mrz.),B 203 26652,1910_11_09_12_0.jpg,bamberg,1
Regierung Bamberg (Präf.),460 382/460 382 c,1925_08_05_60_0.jpg,bamberg,1
Regierung Bamberg (Waff.),59 900,1920_09_22_63_0.jpg,bamberg,1
Regierung Bamberg (Waff.),460 827 b,1928_11_10_33_0.jpg,bamberg,1
Regierung Bamberg (Waff.),161 724 a,1926_04_13_56_0.jpg,bamberg,1
Regierung Bamberg (Waff.),26 744,1893_12_11_26_0.jpg,bamberg,1
Regierung Bamberg (Waff.),461 656 a,1929_07_01_42_0.jpg,bamberg,1
Regierung Bamberg (Waff.),54 428 d,1925_03_28_75_0.jpg,bamberg,1
Regierung Bamberg (Welf.),163 870 b,1933_12_04_5_0.jpg,bamberg,1
Regierung Bamberg (Welf.),51 393,1900_08_13_18_0.jpg,bamberg,1
Regierung Bamberg (Welf.),460 717 f,1941_03_06_3_0.jpg,bamberg,1
Regierung Bamberg (Welf.),29 005 b,1941_02_22_17_0.jpg,bamberg,1
Regierung Bamberg (Welf.),52 283,1908_03_11_28_0.jpg,bamberg,1
Regierung Bamberg (Welf.),161 082 a,1911_12_23_1_0.jpg,bamberg,1
Regierung Bamberg (Welf.),165 130,1925_04_18_71_0.jpg,bamberg,1
Regierung Bamberg (Welf.),29 797 c,1930_10_24_20_0.jpg,bamberg,1
Regierung Bamberg (Welf.),59 890/59 890 a,1909_01_29_38_0.jpg,bamberg,1
Regierung Bamberg (Welt.),460 437,1928_06_16_81_0.jpg,"bamberg, welt",2
Regierung Bamberg (Welt.),460 845,1896_09_23_97_0.jpg,"bamberg, welt",2
Regierung Bamberg (Welt.),F 99 K 161 090,1898_08_09_26_0.jpg,"bamberg, welt",2
Regierung Bamberg (Welt.),460 903 b,1931_12_29_41_0.jpg,"bamberg, welt",2
Regierung Bamberg (Weltf.),439 689 H.,1934_05_25_31_0.jpg,bamberg,1
Regierung Bamberg (Weltf.),165 247,1896_07_13_78_0.jpg,bamberg,1
Regierung Bamberg (Weltf.),166 797,1906_02_06_46_0.jpg,bamberg,1
Regierung Bamberg (Weltf.),53 804,1898_02_15_71_0.jpg,bamberg,1
Regierung Bamberg (Weltf.),S 262 K,1931_11_26_35_0.jpg,bamberg,1
Regierung Bamberg (Westf.),55 743,1926_01_23_41_0.jpg,bamberg,1
Regierung Bamberg (Westf.),28 842 E/1 d,1931_03_23_51_0.jpg,bamberg,1
Regierung Bamberg (Wf.),161 702 a,1921_07_26_14_0.jpg,bamberg,1
Regierung Bamberg (Wf.),460 717,1941_03_06_4_0.jpg,bamberg,1
Regierung Bamberg (Wf.),163 912,1883_08_19_11_0.jpg,bamberg,1
Regierung Bamberg (Wüff.),ZK. 159 278,1922_09_02_15_0.jpg,bamberg,1
Regierung Bamberg (Würt.),169 527,1922_08_09_84_0.jpg,bamberg,1
Regierung Bamberg (Würt.),690440,1912_04_27_35_0.jpg,bamberg,1
Regierung Bamberg (Würt.),55 347 b,1945_04_26_12_0.jpg,bamberg,1
Regierung Bamberg (Würt.),167 363 b,1905_11_10_124_0.jpg,bamberg,1
Regierung Bamberg (Würt.),460 892 b,1923_06_12_65_0.jpg,bamberg,1
Regierung Bamberg (Würt.),461 652,1911_11_29_11_0.jpg,bamberg,1
Regierung Bamberg (Würt.),441 / 164 987,1914_08_03_101_0.jpg,bamberg,1
Regierung Bamberg (Würt.),460 358,1937_11_11_20_0.jpg,bamberg,1
Regierung Bamberg (Würt.),460 887 c,1925_02_26_25_0.jpg,bamberg,1
Regierung Bamberg (Würt.),51 688 e,1930_12_09_45_0.jpg,bamberg,1
Regierung Bamberg (Württ.),460 847 a,1903_09_04_45_0.jpg,bamberg,1
Regierung Bamberg (Württ.),460 523,1922_09_30_40_0.jpg,bamberg,1
Regierung Bamberg (Württ.),K 190 K,1912_01_06_58_0.jpg,bamberg,1
Regierung Bamberg (Württ.),460 701 a,1881_02_14_6_0.jpg,bamberg,1
Regierung Bamberg (Württ.),460 900,1895_07_09_42_0.jpg,bamberg,1
Regierung Bamberg (Württ.),29 797 b,1927_10_06_10_0.jpg,bamberg,1
Regierung Bamberg (Württ.),166 757 b,1925_01_20_55_0.jpg,bamberg,1
Regierung Bamberg (Württ.),53 682 a,1898_06_06_20_0.jpg,bamberg,1
Regierung Bamberg (Württ.),461 370,1913_01_05_58_0.jpg,bamberg,1
Regierung Bamberg (Württ.),460 281,1930_01_31_54_0.jpg,bamberg,1
Regierung Bamberg (Württ.),460 826 a,1909_09_25_124_0.jpg,bamberg,1
Regierung Bonn,ZK. 169 174a,1892_09_24_7_0.jpg,bonn,1
Regierung Bonn (BZK),162 012 a,1943_05_04_9_0.jpg,bonn,1
Regierung Bonn (M.81),162 006,1927_03_19_67_0.jpg,bonn,1
Regierung Brügge (Mfl.),462 189,1938_02_02_36_0.jpg,brügge,1
Regierung Brünn (BdS.),S 247 K 161 153,1928_02_17_68_0.jpg,brünn,1
Regierung Brünn (Böhmen),169 570,1889_02_03_76_0.jpg,brünn,1
Regierung Brünn (M.B.),169973/169973 b,1875_02_16_13_0.jpg,brünn,1
Regierung Brünn (Meßl.),55 349,1914_02_10_168_0.jpg,brünn,1
Regierung Brünn (Mf.),169 982/169982 a,1905_07_13_44_0.jpg,brünn,1
Regierung Brünn (Mf.),161 28*2,1899_12_21_5_0.jpg,brünn,1
Regierung Brünn (Mähren),52 723,1906_04_30_77_0.jpg,"brünn, mähren",2
Regierung Brünn (Wehr.),52 623,1898_08_12_42_0.jpg,"brünn, wehr",2
Regierung Brünn (Wesf.),25 584,1896_08_09_45_0.jpg,brünn,1
Regierung Brünn (m.w.),C 27 K 161 248 a,1921_08_20_73_0.jpg,brünn,1
Regierung Brüssel (Wied.),52 064 g,1888_01_28_33_0.jpg,wied,1
Regierung Dresden (Welf.),52 344,1882_07_15_34_0.jpg,dresden,1
Regierung Dresden (Württ.),56 608 a,1911_03_13_71_0.jpg,dresden,1
Regierung F. von Wang (Welf.),50/10 N 82 K 163138729,1904_06_26_8_0.jpg,wang,1
Regierung Finanzabteilung (Welt.),160 348a,1921_07_28_97_0.jpg,welt,1
Regierung Flensburg,53 763 b,1914_06_30_80_0.jpg,flensburg,1
Regierung Flensburg (Def.),161 251,1896_10_01_92_0.jpg,flensburg,1
Regierung Flensburg (Def.),57.049 d,1909_04_14_66_0.jpg,flensburg,1
Regierung Flensburg (Weltf.),29 935,1906_03_20_64_0.jpg,flensburg,1
Regierung Flensburg (Westf.),460 639 f,1918_07_03_33_0.jpg,flensburg,1
Regierung Flensburg (Westf.),52 026 a,1901_05_01_94_0.jpg,flensburg,1
Regierung Frankfurt,59 927,1916_03_20_64_0.jpg,frankfurt,1
Regierung Frankfurt,S 583 Kartei-Nr. 52 916,1912_05_29_77_0.jpg,frankfurt,1
Regierung Frankfurt,59 854/59 854 c,1915_01_25_83_0.jpg,frankfurt,1
Regierung Frankfurt,167 355,1924_09_28_58_0.jpg,frankfurt,1
Regierung Frankfurt,461 081,1944_09_14_3_0.jpg,frankfurt,1
Regierung Frankfurt,59 925/59 925 a,1897_01_15_134_0.jpg,frankfurt,1
Regierung Frankfurt,162 050 a,1888_12_08_6_0.jpg,frankfurt,1
Regierung Frankfurt,ZK. 165 209 a,1929_03_10_65_0.jpg,frankfurt,1
Regierung Frankfurt,56 664 d,1929_09_24_64_0.jpg,frankfurt,1
Regierung Frankfurt,160 909,1896_02_20_52_0.jpg,frankfurt,1
Regierung Frankfurt,165 353 a,1904_10_25_25_0.jpg,frankfurt,1
Regierung Frankfurt (2.11.),163 148 a,1920_05_06_111_0.jpg,frankfurt,1
Regierung Frankfurt (20. Off.),161 600,1931_01_01_50_0.jpg,frankfurt,1
"Regierung Frankfurt (35,81)",54745,1886_01_11_30_0.jpg,frankfurt,1
Regierung Frankfurt (Deff.),58 263,1930_03_17_14_0.jpg,frankfurt,1
Regierung Frankfurt (Deft.),53 765 b,1899_03_19_24_0.jpg,frankfurt,1
Regierung Frankfurt (Hess.),59 898/59 898 c,1912_06_19_32_0.jpg,frankfurt,1
Regierung Frankfurt (M),55 767,1907_08_27_56_0.jpg,frankfurt,1
Regierung Frankfurt (M),59 876/59 876 b,1901_07_18_58_0.jpg,frankfurt,1
Regierung Frankfurt (M),462 120/a,1913_02_03_68_0.jpg,frankfurt,1
Regierung Frankfurt (M.),57 726b,1923_06_23_123_0.jpg,frankfurt,1
Regierung Frankfurt (M.),169 534,1885_04_06_41_0.jpg,frankfurt,1
Regierung Frankfurt (M.),ZK. 165-211,1925_12_17_48_0.jpg,frankfurt,1
Regierung Frankfurt (M.),55 797,1902_08_21_12_0.jpg,frankfurt,1
Regierung Frankfurt (M.),460 333/460 333a,1909_06_04_77_0.jpg,frankfurt,1
Regierung Frankfurt (MFF),460 379,1891_08_29_32_0.jpg,frankfurt,1
Regierung Frankfurt (Main),B 49 23 542,1903_08_28_11_0.jpg,frankfurt,1
Regierung Frankfurt (Main),161 240,1900_03_18_18_0.jpg,frankfurt,1
Regierung Frankfurt (Main),460 365,1920_12_06_5_0.jpg,frankfurt,1
Regierung Frankfurt (Main),169 447,1926_02_19_24_0.jpg,frankfurt,1
Regierung Frankfurt (Main),50 628/50 628 c,1938_07_08_18_0.jpg,frankfurt,1
Regierung Frankfurt (Main),160 665,1932_07_19_14_0.jpg,frankfurt,1
Regierung Frankfurt (Main),460 372,1923_02_09_30_0.jpg,frankfurt,1
Regierung Frankfurt (Main),58 A06 d,1911_10_11_60_0.jpg,frankfurt,1
Regierung Frankfurt (Main),58 406 e,1896_08_14_4_0.jpg,frankfurt,1
Regierung Frankfurt (Main),462 256a,1901_11_15_115_0.jpg,frankfurt,1
Regierung Frankfurt (Main),168 746,1910_07_08_41_0.jpg,frankfurt,1
Regierung Frankfurt (Main),460 858,1930_03_08_41_0.jpg,frankfurt,1
Regierung Frankfurt (Melf.),160 988,1926_12_28_49_0.jpg,frankfurt,1
Regierung Frankfurt (Mf.),58 262,1875_03_07_9_0.jpg,frankfurt,1
Regierung Frankfurt (Mf.),169982/169982 b,1918_08_10_32_0.jpg,frankfurt,1
Regierung Frankfurt (Mf.),161 862,1891_11_24_51_0.jpg,frankfurt,1
Regierung Frankfurt (Mf.),608 110 a,1914_01_06_23_0.jpg,frankfurt,1
Regierung Frankfurt (Mief.),50/7 K 112 K,1928_05_20_32_0.jpg,frankfurt,1
Regierung Frankfurt (O.D.),162 053 a,1913_01_13_117_0.jpg,frankfurt,1
Regierung Frankfurt (O.M.),55 347 c,1905_07_05_100_0.jpg,frankfurt,1
Regierung Frankfurt (Oder),161 036 a,1903_08_09_53_0.jpg,frankfurt,1
Regierung Frankfurt (Oder),686 495,1900_11_04_40_0.jpg,frankfurt,1
Regierung Frankfurt (Oder),160 914 a,1922_02_10_67_0.jpg,frankfurt,1
Regierung Frankfurt (Oder),50/7 H 81 K,1921_03_30_38_0.jpg,frankfurt,1
Regierung Frankfurt (Oder),161 51,1912_04_01_100_0.jpg,frankfurt,1
Regierung Frankfurt (Oder),161 455 b,1915_12_03_40_0.jpg,frankfurt,1
Regierung Frankfurt (Oder),167 390,1932_03_28_5_0.jpg,frankfurt,1
Regierung Frankfurt (Oder),53 690,1882_02_02_34_0.jpg,frankfurt,1
Regierung Frankfurt (Oder),24 335 0,1929_09_10_32_0.jpg,frankfurt,1
Regierung Frankfurt (Oder),50/7 V 12 K 161 010,1925_06_04_89_0.jpg,frankfurt,1
Regierung Frankfurt (Oder),28 747,1906_10_27_63_0.jpg,frankfurt,1
Regierung Frankfurt (Oder),57 463,1901_07_24_69_0.jpg,frankfurt,1
Regierung Frankfurt (Oder),55 346 d,1910_09_22_103_0.jpg,frankfurt,1
Regierung Frankfurt (Oder),439 6499,1910_09_09_11_0.jpg,frankfurt,1
Regierung Frankfurt (Oder),161494 a,1913_06_24_78_0.jpg,frankfurt,1
Regierung Frankfurt (Oder),161 148,1919_12_01_7_0.jpg,frankfurt,1
Regierung Frankfurt (Oder),52 385,1902_07_17_80_0.jpg,frankfurt,1
Regierung Frankfurt (Oder),56 036 a,1902_04_08_65_0.jpg,frankfurt,1
Regierung Frankfurt (Oelzt.),163 015,1923_12_25_141_0.jpg,frankfurt,1
Regierung Frankfurt (R.B.),161 892,1891_06_06_39_0.jpg,frankfurt,1
Regierung Frankfurt (RZ),162 019,1928_08_13_36_0.jpg,frankfurt,1
Regierung Frankfurt (W),165 189 d,1914_11_09_53_0.jpg,frankfurt,1
Regierung Frankfurt (W.),M 120 K 161 931 a,1913_04_15_118_0.jpg,frankfurt,1
Regierung Frankfurt (W2ff.),169984/169984 a,1905_07_13_48_0.jpg,frankfurt,1
Regierung Frankfurt (Wchf.),161 223 a,1915_04_18_11_0.jpg,frankfurt,1
Regierung Frankfurt (Weff.),607 363,1923_12_14_89_0.jpg,frankfurt,1
Regierung Frankfurt (Weff.),161 417 a,1901_04_10_10_0.jpg,frankfurt,1
Regierung Frankfurt (Welf.),161 728 a,1922_09_22_103_0.jpg,frankfurt,1
Regierung Frankfurt (Welf.),56 917,1891_05_10_62_0.jpg,frankfurt,1
Regierung Frankfurt (Welf.),L 163 K 161 812 a,1908_04_25_117_0.jpg,frankfurt,1
Regierung Frankfurt (Welf.),50/7 M 63 K,1928_12_18_47_0.jpg,frankfurt,1
Regierung Frankfurt (Welf.),53 797,1928_03_23_41_0.jpg,frankfurt,1
Regierung Frankfurt (Welf.),S 416 K 163 169 a,1885_10_21_29_0.jpg,frankfurt,1
Regierung Frankfurt (Welf.),59 897/59 897 b,1901_07_18_59_0.jpg,frankfurt,1
Regierung Frankfurt (Welf.),169 488 c,1901_05_05_82_0.jpg,frankfurt,1
Regierung Frankfurt (Welf.),439 622 b,1910_10_16_23_0.jpg,frankfurt,1
Regierung Frankfurt (Welf.),160 369,1902_07_05_83_0.jpg,frankfurt,1
Regierung Frankfurt (Welf.),250276,1931_01_01_51_0.jpg,frankfurt,1
Regierung Frankfurt (Welt.),169 450 c,1908_03_08_145_0.jpg,"frankfurt, welt",2
Regierung Frankfurt (Welt.),Z 44 K 163 209 c,1923_04_04_137_0.jpg,"frankfurt, welt",2
Regierung Frankfurt (Weltf.),50/7 K 118 K,1922_02_10_66_0.jpg,frankfurt,1
Regierung Frankfurt (Weltf.),ZK: 165 245 a,1921_06_14_108_0.jpg,frankfurt,1
Regierung Frankfurt (Weltf.),163 198,1946_05_09_5_0.jpg,frankfurt,1
Regierung Frankfurt (Weltf.),59 904/59 904 a,1908_10_29_29_0.jpg,frankfurt,1
Regierung Frankfurt (Weltf.),58 645,1915_01_16_4_0.jpg,frankfurt,1
Regierung Frankfurt (Weltf.),53-848,1926_03_23_42_0.jpg,frankfurt,1
Regierung Frankfurt (Weltf.),58 304,1893_06_20_49_0.jpg,frankfurt,1
Regierung Frankfurt (Weltf.),169687,1919_04_17_4_0.jpg,frankfurt,1
Regierung Frankfurt (Werra),163.407,1906_12_23_48_0.jpg,frankfurt,1
Regierung Frankfurt (Wesf.),59 898/59 898 d,1906_04_16_36_0.jpg,frankfurt,1
Regierung Frankfurt (West),51 896 b,1939_11_13_12_0.jpg,frankfurt,1
Regierung Frankfurt (West),161 UL,1921_11_15_4_0.jpg,frankfurt,1
Regierung Frankfurt (West),59 897/59 897 c,1912_06_19_31_0.jpg,frankfurt,1
Regierung Frankfurt (West),460 639 e,1914_05_13_46_0.jpg,frankfurt,1
Regierung Frankfurt (West),163 262 a,1906_10_08_112_0.jpg,frankfurt,1
Regierung Frankfurt (West),163 261 a,1906_10_08_111_0.jpg,frankfurt,1
Regierung Frankfurt (Westf.),166 773,1933_03_16_34_0.jpg,frankfurt,1
Regierung Frankfurt (Westf.),161 647 a,1922_11_02_70_0.jpg,frankfurt,1
Regierung Frankfurt (Westf.),461 937,1920_02_02_111_0.jpg,frankfurt,1
Regierung Frankfurt (Westf.),161 025 d,1926_03_04_37_0.jpg,frankfurt,1
Regierung Frankfurt (Westf.),52 288 a,1893_12_17_77_0.jpg,frankfurt,1
Regierung Frankfurt (Westf.),160 902 a,1923_07_15_111_0.jpg,frankfurt,1
Regierung Frankfurt (Westf.),168 718,1914_10_10_172_0.jpg,frankfurt,1
Regierung Frankfurt (Westf.),165 173,1925_02_01_8_0.jpg,frankfurt,1
Regierung Frankfurt (Westf.),ZK 55 085,1910_04_06_22_0.jpg,frankfurt,1
Regierung Frankfurt (Westf.),59.290 a,1913_12_21_81_0.jpg,frankfurt,1
Regierung Frankfurt (Westf.),161 945,1913_08_18_51_0.jpg,frankfurt,1
Regierung Frankfurt (Westf.),169 243,1909_01_25_129_0.jpg,frankfurt,1
Regierung Frankfurt (Wf.),27002,1900_11_21_64_0.jpg,frankfurt,1
Regierung Frankfurt (Wf.),59 977/59 977 a,1922_02_04_11_0.jpg,frankfurt,1
Regierung Frankfurt (Wf.),161 705,1918_11_30_15_0.jpg,frankfurt,1
Regierung Frankfurt (Wf.),460 297/460 297b,1938_09_27_31_0.jpg,frankfurt,1
Regierung Frankfurt (Wf.),58 332,1889_12_23_32_0.jpg,frankfurt,1
Regierung Frankfurt (Wf.),S 241 K 161 125 a,1911_04_08_98_0.jpg,frankfurt,1
Regierung Frankfurt (Wf.),55 001,1906_10_31_73_0.jpg,frankfurt,1
Regierung Frankfurt (Wf.),461 355,1901_02_10_3_0.jpg,frankfurt,1
Regierung Frankfurt (Wf.),161 668,1898_11_11_12_0.jpg,frankfurt,1
Regierung Frankfurt (Wf.),169 488 a,1898_03_04_59_0.jpg,frankfurt,1
Regierung Frankfurt (Wf.),461 661 c,1913_08_11_80_0.jpg,frankfurt,1
Regierung Frankfurt (Wf.),24 325 b,1931_02_16_31_0.jpg,frankfurt,1
Regierung Frankfurt (Wf.),50 380/50 380,1931_04_03_23_0.jpg,frankfurt,1
Regierung Frankfurt (Würt.),57 167,1918_09_23_2_0.jpg,frankfurt,1
Regierung Frankfurt (Würt.),461 610,1908_05_04_12_0.jpg,frankfurt,1
Regierung Frankfurt (Würt.),56 627,1899_05_20_24_0.jpg,frankfurt,1
Regierung Frankfurt (Würt.),161 975 a,1899_07_04_44_0.jpg,frankfurt,1
Regierung Frankfurt (Würt.),462 024/a,1886_03_19_46_0.jpg,frankfurt,1
Regierung Frankfurt (Würt.),460 362/460 362b,1931_12_13_8_0.jpg,frankfurt,1
Regierung Frankfurt (m.),165 230,1937_03_15_55_0.jpg,frankfurt,1
Regierung Frankfurt am Main,161 234,1929_09_05_51_0.jpg,frankfurt,1
Regierung Freiberg,160 328,1897_04_13_37_0.jpg,freiberg,1
Regierung Freiberg (Staatsarchiv),460 853 a,1911_09_06_67_0.jpg,freiberg,1
Regierung Fürstenberg (Meckl.),169910/169910,1914_08_24_46_0.jpg,fürstenberg,1
Regierung Fürstenberg (Meff.),29 195,1899_06_10_15_0.jpg,fürstenberg,1
Regierung Fürstenberg (Welf.),59 834,1905_01_12_75_0.jpg,fürstenberg,1
Regierung Fürstenberg (Westf.),51 990 a,1885_07_06_45_0.jpg,fürstenberg,1
Regierung Fürth (Welf.),59 874/59 874 a,1911_10_01_71_0.jpg,fürth,1
Regierung Fürth (Welf.),G 86 K 161 087,1899_07_01_31_0.jpg,fürth,1
Regierung Fürth (Welf.),53 382 a,1930_12_09_36_0.jpg,fürth,1
Regierung Fürth (Würt.),59 071,1922_01_29_15_0.jpg,fürth,1
Regierung Fürth (Würt.),160 979,1923_12_19_79_0.jpg,fürth,1
Regierung Fürth (Würt.),59 855/59 855 c,1936_01_16_17_0.jpg,fürth,1
Regierung Fürth (Würt.),160 912 a,1896_02_20_55_0.jpg,fürth,1
Regierung Fürth (Würt.),460 733,1917_08_12_23_0.jpg,fürth,1
Regierung Hagen (West),53 840,1915_05_06_19_0.jpg,hagen,1
Regierung Hagen (Westf.),25 537 d,1908_10_17_81_0.jpg,hagen,1
Regierung Hagen (Westf.),25 498 a,1910_08_14_38_0.jpg,hagen,1
Regierung Henneberg,163 902,1915_05_08_47_0.jpg,henneberg,1
Regierung Hensberg (Welt.),163 880c,1912_12_04_99_0.jpg,welt,1
Regierung Herne (Welf.),54 343 d,1936_04_28_22_0.jpg,herne,1
Regierung Hersberg (Wehr.),59 898/59 898 e,1910_05_16_110_0.jpg,wehr,1
Regierung Hinsberg (Wehr.),462 488,1906_09_09_118_0.jpg,wehr,1
Regierung Hirschberg,165979,1885_02_10_44_0.jpg,hirschberg,1
Regierung Hirschberg (Weltf.),460 776,1903_06_14_47_0.jpg,hirschberg,1
Regierung Hirschberg (Weltf.),167 364 a,1914_08_30_72_0.jpg,hirschberg,1
Regierung Jülich (Rhein.),52 625 a,1884_03_15_52_0.jpg,jülich,1
Regierung Jülich (Welt.),28 383a,1901_03_11_94_0.jpg,"jülich, welt",2
Regierung P. von Wang (Weltf.),58.406.9,1906_01_20_67_0.jpg,wang,1
Regierung Paderborn (Westf.),56 639 a,1911_06_16_99_0.jpg,paderborn,1
Regierung Pansberg (Würzburg),163 051 b,1912_04_05_135_0.jpg,würzburg,1
Regierung Penigora (Würzburg),163 404,1906_12_23_46_0.jpg,würzburg,1
Regierung Penzberg (Mf.),161 988,1888_05_22_7_0.jpg,penzberg,1
Regierung Penzberg (Mf.),460 220/460 220a,1907_06_07_30_0.jpg,penzberg,1
Regierung Penzberg (Weltf.),56 672 b,1911_08_09_59_0.jpg,penzberg,1
Regierung Pforzheim (MfSt.),56 644 a,1929_07_03_20_0.jpg,pforzheim,1
Regierung Pirmasens,26 734,1908_09_19_36_0.jpg,pirmasens,1
Regierung Pirmasens,28147,1910_02_22_97_0.jpg,pirmasens,1
Regierung Pirmasens (Westf.),169 470 b,1895_02_05_85_0.jpg,pirmasens,1
Regierung Pirmasens (Würt.),555 / 165 072,1922_02_22_86_0.jpg,pirmasens,1
Regierung Pirmasens (Württ.),53 264,1909_12_10_69_0.jpg,pirmasens,1
Regierung Pommern,50 628/50 628 b,1933_01_16_32_0.jpg,pommern,1
Regierung Pommern,58 412,1912_09_17_55_0.jpg,pommern,1
Regierung Pommern,161 892 e,1915_01_01_110_0.jpg,pommern,1
Regierung Pommern,161 168,1926_06_11_83_0.jpg,pommern,1
Regierung Pommern,437 128 c,1893_07_20_31_0.jpg,pommern,1
Regierung Pommern,52 631 b,1905_10_02_118_0.jpg,pommern,1
Regierung Pommern,R 213 K 163147,1910_05_24_14_0.jpg,pommern,1
Regierung Pommern (B 21),52 436,1927_03_27_88_0.jpg,pommern,1
Regierung Pommern (M.VI.A.),G 9 K 437 128 e,1897_07_26_9_0.jpg,pommern,1
Regierung Pommern (MPL),161 963,1895_08_11_28_0.jpg,pommern,1
Regierung Pommern (Meckl.),167 053 a,1894_12_20_106_0.jpg,pommern,1
Regierung Pommern (Meß.),169 608 c,1911_01_13_84_0.jpg,pommern,1
Regierung Pommern (Meßl.),163 407,1910_07_08_36_0.jpg,pommern,1
Regierung Pommern (Meßst.),295 856 c,1914_01_03_71_0.jpg,pommern,1
Regierung Pommern (Welf.),160 545,1894_11_30_53_0.jpg,pommern,1
Regierung Pommern (Welf.),55 491 b,1911_04_13_34_0.jpg,pommern,1
Regierung Pommern (Welf.),163.397.6,1887_07_15_23_0.jpg,pommern,1
Regierung Pommern (Welf.),30 263,1904_09_20_12_0.jpg,pommern,1
Regierung Pommern (Welt.),52 687,1929_02_16_35_0.jpg,"pommern, welt",2
Regierung Pommern (Westf.),163-936-a,1898_05_10_63_0.jpg,pommern,1
Regierung Pommern (Wohl.),57 195,1898_12_29_91_0.jpg,pommern,1
Regierung Pommern (m.O.),461 064,1903_06_26_108_0.jpg,pommern,1
Regierung Pommern (m.O.),461 343,1914_04_06_77_0.jpg,pommern,1
Regierung Pommersfelden,26240,1920_09_25_33_0.jpg,pommersfelden,1
Regierung Pommersfelden,59.150 o,1892_08_07_50_0.jpg,pommersfelden,1
Regierung Pommersfelden (Württ.),161 979 a,1904_06_25_17_0.jpg,pommersfelden,1
Regierung Potsdam,52 271,1904_07_12_5_0.jpg,potsdam,1
Regierung Potsdam (Deff.),51 319 c,1929_01_12_3_0.jpg,potsdam,1
Regierung Prenzlau,55 344 a,1884_01_18_18_0.jpg,prenzlau,1
Regierung Prenzlau,621 226 b),1926_06_25_99_0.jpg,prenzlau,1
Regierung Prenzlau (R.O.D.),161 789 a,1908_04_04_53_0.jpg,prenzlau,1
Regierung Prenzlau (W.R.),56 608,1911_03_13_72_0.jpg,prenzlau,1
Regierung Prenzlau (Welf.),167 363 a,1914_08_30_71_0.jpg,prenzlau,1
Regierung Prenzlau (Welf.),27 798 b,1937_05_27_43_0.jpg,prenzlau,1
Regierung Prenzlau (Weltf.),28 915a,1888_09_10_13_0.jpg,prenzlau,1
Regierung Prenzlau (Westf.),166 766 a,1914_09_09_27_0.jpg,prenzlau,1
Regierung Prenzlau (Wff.),165 362 a,1922_07_06_80_0.jpg,prenzlau,1
Regierung Preußberg (Wehr),166 791 b,1913_01_20_42_0.jpg,wehr,1
Regierung Prnsberg (Welt.),163.962,1926_03_26_48_0.jpg,welt,1
Regierung Prähserg (Staats.),50/7 K 123 K 161.063 a,1903_08_09_55_0.jpg,staats,1
Regierung Präs.berg (Welf.),439 408,1900_05_01_30_0.jpg,berg,1
Regierung Präsident (MfH) Hagen,25 083,1889_04_24_43_0.jpg,hagen,1
Regierung Prötzel (SK),K207 K 162 018,1934_11_16_15_0.jpg,prötzel,1
Regierung Prüm (Möll),166 253,1910_06_21_50_0.jpg,prüm,1
Regierung Remshalden,462 081,1897_05_09_23_0.jpg,remshalden,1
Regierung Rendsburg,168 989,1904_01_06_53_0.jpg,rendsburg,1
Regierung Rendsburg (Bdl.),600 452 a,1903_11_13_127_0.jpg,rendsburg,1
Regierung Rendsburg (Dith.),462 006-b,1900_07_27_9_0.jpg,rendsburg,1
Regierung Rendsburg (Meckl.),630 115,1915_01_30_46_0.jpg,rendsburg,1
Regierung Rendsburg (Meckl.),163 924,1889_07_17_12_0.jpg,rendsburg,1
Regierung Rendsburg (Meckl.),462 163,1924_10_30_47_0.jpg,rendsburg,1
Regierung Rendsburg (MfV),27 297 c,1935_07_26_2_0.jpg,rendsburg,1
Regierung Rendsburg (Weffels),54 195 e,1912_06_03_89_0.jpg,rendsburg,1
Regierung Rendsburg (Wehr.),59 519,1875_08_05_8_0.jpg,"rendsburg, wehr",2
Regierung Rendsburg (Welf.),462 147,1915_04_26_89_0.jpg,rendsburg,1
Regierung Rendsburg (Welf.),462 409,1899_11_06_87_0.jpg,rendsburg,1
Regierung Rendsburg (Welf.),163 915,1910_08_27_83_0.jpg,rendsburg,1
Regierung Rendsburg (Welf.),167 028 a,1910_09_01_94_0.jpg,rendsburg,1
Regierung Rendsburg (West),165 383,1896_10_03_76_0.jpg,rendsburg,1
Regierung Rendsburg (Westf.),52 897,1921_06_07_83_0.jpg,rendsburg,1
Regierung Rendsburg (Westf.),165125,1923_12_09_57_0.jpg,rendsburg,1
Regierung Rendsburg (Westf.),462 045/a,1901_03_22_70_0.jpg,rendsburg,1
Regierung Rendsburg (Westf.),54 195 h,1919_09_28_77_0.jpg,rendsburg,1
Regierung Rheinberg (WcAF.),50/7 K 239 Kartei-Nr. 163 341,1920_04_03_83_0.jpg,rheinberg,1
Regierung Rheinberg (Weltf.),460 987,1926_12_31_68_0.jpg,rheinberg,1
Regierung Rheinberg (Westf.),169 488,1898_03_04_60_0.jpg,rheinberg,1
Regierung Rheinberg (Wlf.),460 851,1909_12_05_95_0.jpg,rheinberg,1
Regierung Ronsberg (Weltf.),163 898,1927_01_20_42_0.jpg,ronsberg,1
Regierung Rostock (Meckl.),167 415 a,1916_06_15_18_0.jpg,rostock,1
Regierung Rostock (Meckl.),163.942,1882_02_04_23_0.jpg,rostock,1
Regierung Rostock (Welt.),58 322,1931_12_11_5_0.jpg,"rostock, welt",2
Regierung Rostock (Wff.),30299a,1920_02_16_154_0.jpg,rostock,1
Regierung Rüsselsheim,161 098 a,1904_05_06_90_0.jpg,rüsselsheim,1
Regierung Rüsselsheim (Wf.),460 371,1897_04_13_26_0.jpg,rüsselsheim,1
Regierung Rüsselsheim (Wf.),K 452 Kartei-Nr. 52 984,1897_06_13_53_0.jpg,rüsselsheim,1
Regierung Rüsselsheim (Wf.),28 164b,1940_11_11_10_0.jpg,rüsselsheim,1
Regierung Rüthen (Wf.),59 381 d,1942_01_14_17_0.jpg,rüthen,1
"Regierung, Ansbach (Welf.)",53 793,1925_08_12_3_0.jpg,ansbach,1
Regierung-Fürstenberg (Welf.),50/7 B 340,1905_12_20_31_0.jpg,fürstenberg,1
Regierung-Potsdam,52 121,1910_10_28_110_0.jpg,potsdam,1
Regierungs Jülich (Weltf.),29 014,1909_01_23_76_0.jpg,jülich,1
"Regierungs-Bezirksamt für Wiedergutmachung und verwaltete Vermögen, Kempten",54040,1925_07_16_16_0.jpg,kempten,1
Regierungsamt Amberg (Wehr.),54841,1904_01_09_28_0.jpg,"amberg, wehr",2
Regierungsamt Amberg (Westf.),54833,1908_04_06_6_0.jpg,amberg,1
Regierungsamt Amberg (Württ.),26 605,1898_06_10_60_0.jpg,amberg,1
Regierungsamt Ansbach,163 001,1903_02_17_78_0.jpg,ansbach,1
Regierungsamt Ansbach,160 983 b,1928_11_10_30_0.jpg,ansbach,1
Regierungsamt Ansbach,57 793 c,1925_02_26_23_0.jpg,ansbach,1
Regierungsamt Ansbach,166 765 b,1913_03_06_72_0.jpg,ansbach,1
Regierungsamt Ansbach,274 / 165 000,1902_03_07_58_0.jpg,ansbach,1
Regierungsamt Ansbach (Meß.),55 793,1897_07_01_73_0.jpg,ansbach,1
Regierungsamt Ansbach (Meßl.),161649 a,1909_12_06_85_0.jpg,ansbach,1
Regierungsamt Ansbach (Meßst.),Z.K. 461 451,1944_05_21_1_0.jpg,ansbach,1
Regierungsamt Ansbach (Meßst.),Z.K. 461 451,1944_05_21_Neu_1_0.jpg,ansbach,1
Regierungsamt Ansbach (Meßst.),35 660,1890_06_02_3_0.jpg,ansbach,1
Regierungsamt Ansbach (Meßst.),163 689,1898_11_12_85_0.jpg,ansbach,1
Regierungsamt Ansbach (Mf.),460 892 c,1925_02_26_29_0.jpg,ansbach,1
Regierungsamt Ansbach (MfS),L 163929,1897_02_14_7_0.jpg,ansbach,1
Regierungsamt Ansbach (MfV),169 679,1915_02_02_119_0.jpg,ansbach,1
Regierungsamt Ansbach (MfV),51740 b,1932_08_16_51_0.jpg,ansbach,1
Regierungsamt Ansbach (Stadt.),161 187,1921_07_18_32_0.jpg,ansbach,1
Regierungsamt Ansbach (Weff.),153.866.a,1890_08_24_19_0.jpg,ansbach,1
Regierungsamt Ansbach (Weff.),59 965/59 965 a,1895_04_04_62_0.jpg,ansbach,1
Regierungsamt Ansbach (Wehr.),169910/169910 a,1904_12_20_60_0.jpg,"ansbach, wehr",2
Regierungsamt Ansbach (WehrL),59.298 a,1909_12_12_162_0.jpg,ansbach,1
Regierungsamt Ansbach (Wehrm.),165 291,1902_12_09_66_0.jpg,ansbach,1
Regierungsamt Ansbach (Welf.),50 744,1903_10_20_37_0.jpg,ansbach,1
Regierungsamt Ansbach (Welf.),462524,1922_08_26_13_0.jpg,ansbach,1
Regierungsamt Ansbach (Welf.),461 675,1905_03_03_4_0.jpg,ansbach,1
Regierungsamt Ansbach (Welf.),51 851 b,1937_03_26_35_0.jpg,ansbach,1
Regierungsamt Ansbach (Welf.),167.868,1927_04_15_7_0.jpg,ansbach,1
Regierungsamt Ansbach (West),460 911,1903_12_20_63_0.jpg,ansbach,1
Regierungsamt Ansbach (West),462 035/a,1917_04_14_26_0.jpg,ansbach,1
Regierungsamt Ansbach (Westf.),52 278 a,1913_08_03_9_0.jpg,ansbach,1
Regierungsamt Ansbach (Würt.),27 815,1884_03_23_38_0.jpg,ansbach,1
Regierungsamt Ansbach (Würt.),462 250,1922_09_30_80_0.jpg,ansbach,1
Regierungsamt Ansbach (Würt.),182 K 163 257,1908_04_20_152_0.jpg,ansbach,1
Regierungsamt Ansbach (Würt.),165 358,1910_06_25_46_0.jpg,ansbach,1
Regierungsamt Ansbach (Würt.),59.091,1879_06_10_1_0.jpg,ansbach,1
Regierungsamt Ansbach (Würt.),460 288,1902_07_14_106_0.jpg,ansbach,1
Regierungsamt Ansbach (Württ.),56 651,1894_03_17_24_0.jpg,ansbach,1
Regierungsamt Ansbach (Württ.),56 915,1921_02_01_37_0.jpg,ansbach,1
Regierungsamt Ansbach (Württ.),562/165 077a,1920_07_19_122_0.jpg,ansbach,1
Regierungsamt Ansbach (Württ.),461359,1912_11_24_102_0.jpg,ansbach,1
Regierungsamt Ansbach (Württ.),462 239b,1912_02_10_17_0.jpg,ansbach,1
Regierungsamt Ansbach (Württ.),163 105,1926_06_12_27_0.jpg,ansbach,1
Regierungsamt Ansbach (Württ.),462 015,1926_05_01_23_0.jpg,ansbach,1
Regierungsamt Ansbach (Württ.),53 732 b,1905_04_24_64_0.jpg,ansbach,1
Regierungsamt Ansbach (Württ.),167.872 a,1882_02_02_36_0.jpg,ansbach,1
Regierungsamt Ansbach (Württ.),50/7 N 80 K 163 347,1923_07_15_113_0.jpg,ansbach,1
Regierungsamt Ansbach (Württ.),166 273a,1923_12_14_43_0.jpg,ansbach,1
Regierungsamt Ansbach (Württ.),462 017 / a,1911_07_24_54_0.jpg,ansbach,1
Regierungsamt Ansbach (Württ.),161 757,1936_03_31_17_0.jpg,ansbach,1
Regierungsamt Ansbach (Württ.),S 417 Kartei-Nr. 52 585,1883_02_03_24_0.jpg,ansbach,1
Regierungsamt Ansbach (Württ.),1693079,1895_11_02_2_0.jpg,ansbach,1
Regierungsamt Ansbach (Württ.),L 185 K 163 065,1947_04_20_1_0.jpg,ansbach,1
Regierungsamt Ansbach (Württ.),461139,1899_07_30_38_0.jpg,ansbach,1
Regierungsamt Ansbach (Württ.),G 85 K 161 088,1899_07_01_29_0.jpg,ansbach,1
Regierungsamt Ansbach (Württ.),56 673 b,1904_11_05_30_0.jpg,ansbach,1
Regierungsamt Ansbach (Württ.),58 255,1925_10_18_30_0.jpg,ansbach,1
Regierungsamt Ansbach (Württ.),163 251 a,1907_06_14_41_0.jpg,ansbach,1
Regierungsamt Ansbach (Württ.),168.571 / F 17,1898_11_05_24_0.jpg,ansbach,1
Regierungsamt Ansbach (Württ.),53 095 a,1898_07_17_34_0.jpg,ansbach,1
Regierungsamt Ansbach (Württ.),462 519,1910_06_28_36_0.jpg,ansbach,1
Regierungsamt Ansbach (Württ.),59 755,1913_05_02_66_0.jpg,ansbach,1
Regierungsamt Ansbach (Württ.),59.150 b,1913_06_16_103_0.jpg,ansbach,1
Regierungsamt Ansbach (Württ.),50068 a,1943_08_07_3_0.jpg,ansbach,1
Regierungsamt Ansbach (Württ.),161 391,1909_10_29_2_0.jpg,ansbach,1
Regierungsamt Ansbach (Württ.),161 717 a,1909_07_18_60_0.jpg,ansbach,1
Regierungsamt Ansbach (Württemberg),161 677 b,1926_06_12_29_0.jpg,ansbach,1
Regierungsamt Arnaberg (Meißen),160 659,1924_07_31_60_0.jpg,meißen,1
Regierungsamt Arnsherg (Meißen),460 701 1,1932_07_31_18_0.jpg,meißen,1
Regierungsamt Arnsherg (Wehr.),56 825,1907_01_22_6_0.jpg,wehr,1
Regierungsamt Arnswald (Meißen),29 099,1891_12_23_53_0.jpg,meißen,1
Regierungsamt Arnswald (Meißen),53 714,1924_09_08_76_0.jpg,meißen,1
Regierungsamt Arnswald (Wehr.),30 140,1905_04_25_140_0.jpg,wehr,1
Regierungsamt Arnswald (Wehr.),461 316,1919_06_01_9_0.jpg,wehr,1
Regierungsamt Arnswalde (Wehr.),R 207 53 130,1916_03_14_66_0.jpg,wehr,1
Regierungsamt Arnswalde (Wehr.),609 045 b,1920_07_19_86_0.jpg,wehr,1
Regierungsamt Arnswalde (Wehr.),166 775,1911_11_02_31_0.jpg,wehr,1
Regierungsamt Arnswalde (Wehr.),161 833 c,1890_03_27_56_0.jpg,wehr,1
Regierungsamt Arnswalde (Wehr.),169 472,1899_03_26_77_0.jpg,wehr,1
Regierungsamt Arnswalde (Wehr.),161 734 a,1906_01_01_202_0.jpg,wehr,1
Regierungsamt Arnswalde (Wehr.),169 234 c,1917_03_12_33_0.jpg,wehr,1
Regierungsamt Arnswalde (Wehr.),169 235 c,1917_03_12_34_0.jpg,wehr,1
Regierungsamt Arnswalde (Weimar),A 48 K 161 183,1898_02_14_1_0.jpg,weimar,1
Regierungsamt Arnswalde (Welt.),Z 39 K 161 865 a,1912_04_12_182_0.jpg,welt,1
Regierungsamt Arnswalde (Welt.),52 558,1927_01_08_32_0.jpg,welt,1
Regierungsamt Bamberg,460 357,1913_01_01_26_0.jpg,bamberg,1
Regierungsamt Bamberg (MeF.),460 908 a,1906_10_29_63_0.jpg,bamberg,1
Regierungsamt Bamberg (MfV),25 033 a,1884_06_23_11_0.jpg,bamberg,1
Regierungsamt Bamberg (Ortst.),H 96 K 161 195,1927_03_12_30_0.jpg,bamberg,1
Regierungsamt Bamberg (Staatsarchiv),59 751,1906_09_11_38_0.jpg,bamberg,1
Regierungsamt Bamberg (Westf.),29 797a,1910_02_16_132_0.jpg,bamberg,1
Regierungsamt Bamberg (Württ.),165 345 a,1926_01_12_81_0.jpg,bamberg,1
Regierungsamt Bamberg (Württ.),H 72 K 160 947 a,1896_08_01_43_0.jpg,bamberg,1
Regierungsamt Bamberg (Württ.),59905,1913_10_27_16_0.jpg,bamberg,1
Regierungsamt Brünn (MfV),460 277,1921_03_20_52_0.jpg,brünn,1
Regierungsamt Brünn (Mähren),162 055,1894_11_28_1_0.jpg,"brünn, mähren",2
Regierungsamt Fürstenberg,56 232 b,1938_07_28_27_0.jpg,fürstenberg,1
Regierungsamt Fürstenberg,460 903 h,1932_05_31_43_0.jpg,fürstenberg,1
Regierungsamt Fürstenberg (MeF),462.238b,1913_05_09_90_0.jpg,fürstenberg,1
Regierungsamt Fürstenberg (Welff.),28 371,1898_09_20_56_0.jpg,fürstenberg,1
Regierungsamt Fürstenberg (Westf.),69 477,1910_11_13_11_0.jpg,fürstenberg,1
Regierungsamt Fürstenberg (Westf.),460 580/a,1913_10_23_59_0.jpg,fürstenberg,1
Regierungsamt Fürstenberg (Württ.),23738,1918_08_15_32_0.jpg,fürstenberg,1
Regierungsamt Fürstenberg (Württ.),542 / 220 113a,1897_01_18_54_0.jpg,fürstenberg,1
Regierungsamt Fürth (Bay.),55 773,1892_06_13_12_0.jpg,fürth,1
Regierungsamt Fürth (MfV),460 793 b,1919_05_01_154_0.jpg,fürth,1
Regierungsamt Fürth (Württ.),460 793,1884_05_20_2_0.jpg,fürth,1
Regierungsamt Fürth (Württ.),167 391,1906_02_02_15_0.jpg,fürth,1
Regierungsamt Königsberg (Dr.),161 124,1911_04_08_97_0.jpg,königsberg,1
Regierungsamt Königsberg (M.),162 031,1892_11_05_59_0.jpg,königsberg,1
Regierungsamt Königsberg (West),460 546 / b,1928_06_19_30_0.jpg,königsberg,1
Regierungsamt Mosbach (20.07.19),460 419 / d,1908_05_20_49_0.jpg,mosbach,1
Regierungsamt Posen (Welt.),B 249 K 163 243,1892_06_24_2_0.jpg,welt,1
Regierungsamt Rendsburg (Westf.),167.863,1889_03_29_39_0.jpg,rendsburg,1
Regierungsamt Rosenberg (Wuppertal),460 569/b,1905_07_18_67_0.jpg,"rosenberg, wuppertal",2
Regierungsbezirk (Wehr.),K 411 Kartei-Nr. 52 618,1901_06_20_54_0.jpg,wehr,1
Regierungsbezirk (Weimar),H 252 Kartei-Nr. 52 772,1908_02_19_29_0.jpg,weimar,1
Regierungsbezirk (Weimar),56 595,1923_05_27_49_0.jpg,weimar,1
Regierungsbezirk Altenkirchen Westerw.,"Grundliste a xxx, Nr. 99",1899_02_15_19_0.jpg,altenkirchen,1
Regierungsbezirk Ansbach,165 963,1924_03_24_61_0.jpg,ansbach,1
Regierungsbezirk Ansbach (Meß.),26.402,1903_03_13_26_0.jpg,ansbach,1
Regierungsbezirk Ansbach (Welf.),26 755,1900_06_06_60_0.jpg,ansbach,1
Regierungsbezirk Ansbach (Württ.),ZK 462 303 a,1900_02_12_60_0.jpg,ansbach,1
Regierungsbezirk Ansbach (Württ.),167.872,1882_02_02_37_0.jpg,ansbach,1
Regierungsbezirk Ansbach (Württ.),163 346,1914_09_12_134_0.jpg,ansbach,1
Regierungsbezirk Ansbach (Württ.),53.416,1904_04_24_52_0.jpg,ansbach,1
Regierungsbezirk Arnabera (Wehr.),460 887 b,1923_06_12_60_0.jpg,wehr,1
Regierungsbezirk Arnobera (Wehr.),55 790 a,1914_10_02_34_0.jpg,wehr,1
Regierungsbezirk Arnsherg (Meßkirch),59 762,1909_10_30_104_0.jpg,meßkirch,1
Regierungsbezirk Arnswalde (Wehr.),462-761,1927_12_16_6_0.jpg,wehr,1
Regierungsbezirk Augsburg,V 16 K 161 190,1926_03_26_131_0.jpg,augsburg,1
Regierungsbezirk Augsburg,165649,1883_01_31_39_0.jpg,augsburg,1
Regierungsbezirk Bamberg,103413,1925_05_31_42_0.jpg,bamberg,1
Regierungsbezirk Bamberg (1949),54816,1906_01_27_1_0.jpg,bamberg,1
Regierungsbezirk Bamberg (m. f.),161539,1920_04_21_18_0.jpg,bamberg,1
Regierungsbezirk Bamberg für Wiedergutmachung und verwaltete Vermögens,107447,1925_03_02_65_0.jpg,bamberg,1
Regierungsbezirk Bamberg für Wiedergutmachung und verwaltete Vermögensgegenstände,61204,1926_12_02_13_0.jpg,bamberg,1
Regierungsbezirk Borna (MOELL),160 574,1908_02_23_101_0.jpg,borna,1
Regierungsbezirk Brünn (Mf.),52 251,1922_06_05_106_0.jpg,brünn,1
Regierungsbezirk Frankfurt,40 703,1905_11_01_37_0.jpg,frankfurt,1
Regierungsbezirk Frankfurt,60494,1923_12_28_16_0.jpg,frankfurt,1
Regierungsbezirk Frankfurt (Main),L 104 K Nr. 161 180,1912_03_24_76_0.jpg,frankfurt,1
Regierungsbezirk Fürth,70.550,1917_05_03_60_0.jpg,fürth,1
Regierungsbezirk Fürth (Weff.),614 718,1908_05_06_65_0.jpg,fürth,1
Regierungsbezirk Hamm,61238,1918_09_01_46_0.jpg,hamm,1
Regierungsbezirk Hensberg (Welt.),169 629,1904_09_02_95_0.jpg,welt,1
Regierungsbezirk Hirschberg (Weff.),460 793 a,1884_05_20_1_0.jpg,hirschberg,1
Regierungsbezirk Hirschberg (Weiß.),59 985/59 985 a,1904_10_09_53_0.jpg,hirschberg,1
Regierungsbezirk Homburg (Württ.),23 605 'd,1897_12_03_26_0.jpg,homburg,1
Regierungsbezirk Jena (Weimar),59 949/59 949 a,1921_11_23_34_0.jpg,"jena, weimar",2
Regierungsbezirk Kärnten für Wiedergutmachung und verwaltete Vermögen Koblentz,69944,1929_11_10_10_0.jpg,koblentz,1
Regierungsbezirk Königsberg,15398,1932_10_27_31_0.jpg,königsberg,1
Regierungsbezirk Königsberg,106 656,1895_03_19_48_0.jpg,königsberg,1
Regierungsbezirk Königsberg,107 422,1907_09_14_90_0.jpg,königsberg,1
Regierungsbezirk Königsberg,102620,1902_02_19_37_0.jpg,königsberg,1
Regierungsbezirk Königsberg (Weiß.),B 122 461 310,1912_09_29_8_0.jpg,königsberg,1
Regierungsbezirk Königsberg für Wiedergutmachung und verwaltete Vermögen,45 637,1899_05_03_63_0.jpg,königsberg,1
Regierungsbezirk Königsberg und verwaltete Vermögen,63 093,1928_11_13_41_0.jpg,königsberg,1
Regierungsbezirk Meiningen,107 696,1885_07_07_20_0.jpg,meiningen,1
Regierungsbezirk Meiningen für Wiedergutmachung und verwaltete Vermögens,12 726,1875_01_20_4_0.jpg,meiningen,1
Regierungsbezirk Neubrandenburg,40 714,1897_04_28_40_0.jpg,neubrandenburg,1
Regierungsbezirk Neuburg,48 095,1898_09_28_21_0.jpg,neuburg,1
Regierungsbezirk Neusadte a.d. Wieser,46 750,1937_09_16_17_0.jpg,wieser,1
Regierungsbezirk Neuss,42 163,1906_08_31_72_0.jpg,neuss,1
Regierungsbezirk Neuss für Wiedergutmachung und verwaltete Vermögen Neuss a.d. Weinstr.,47 185,1924_05_22_50_0.jpg,neuss,1
Regierungsbezirk Nürnberg,42 705,1933_11_17_37_0.jpg,nürnberg,1
Regierungsbezirk Nürnberg,44 661,1891_04_10_20_0.jpg,nürnberg,1
Regierungsbezirk Nürnberg,40 829,1908_06_19_37_0.jpg,nürnberg,1
Regierungsbezirk Nürnberg,40 934,1928_03_04_10_0.jpg,nürnberg,1
Regierungsbezirk Nürnberg,48 910,1889_03_25_49_0.jpg,nürnberg,1
Regierungsbezirk Nürnberg,45 462,1889_07_29_29_0.jpg,nürnberg,1
Regierungsbezirk Nürnberg,44 143,1889_02_02_20_0.jpg,nürnberg,1
Regierungsbezirk Nürnberg,48 723,1881_04_26_1_0.jpg,nürnberg,1
Regierungsbezirk Nürnberg,48 821,1924_02_16_103_0.jpg,nürnberg,1
Regierungsbezirk Nürnberg,40 280,1924_06_29_77_0.jpg,nürnberg,1
Regierungsbezirk Nürnberg,48.141,1883_07_14_29_0.jpg,nürnberg,1
Regierungsbezirk Nürnberg,42 991,1890_12_21_1_0.jpg,nürnberg,1
Regierungsbezirk Nürnberg,49 137,1888_07_02_9_0.jpg,nürnberg,1
Regierungsbezirk Nürnberg,43 151,1888_01_16_5_0.jpg,nürnberg,1
Regierungsbezirk Nürnberg,42 683,1899_03_05_102_0.jpg,nürnberg,1
Regierungsbezirk Nürnberg,48 587,1904_05_22_28_0.jpg,nürnberg,1
Regierungsbezirk Nürnberg,48 133,1904_09_10_106_0.jpg,nürnberg,1
Regierungsbezirk Nürnberg,43.773,1901_03_24_45_0.jpg,nürnberg,1
Regierungsbezirk Nürnberg,40 929,1898_03_01_38_0.jpg,nürnberg,1
Regierungsbezirk Nürnberg,40 590,1879_07_25_15_0.jpg,nürnberg,1
"Regierungsbezirk Nürnberg für Wiedergutmachung und verwaistes Vermögen, Nürnberg a. d. Weinstrasse",46 313,1891_03_16_70_0.jpg,nürnberg,1
Regierungsbezirk Nürnberg für Wiedergutmachung und verwaltete Vermögen,48 983,1894_10_03_19_0.jpg,nürnberg,1
Regierungsbezirk Nürnberg für Wiedergutmachung und verwaltete Vermögen,46.286,1882_05_20_16_0.jpg,nürnberg,1
Regierungsbezirk Nürnberg für Wiedergutmachung und verwaltete Vermögen,40 313,1882_05_08_3_0.jpg,nürnberg,1
Regierungsbezirk Nürnberg für Wiedergutmachung und verwaltete Vermögen,Grundlisten-Nr. 742,1890_08_26_32_0.jpg,nürnberg,1
Regierungsbezirk Nürnberg für Wiedergutmachung und verwaltete Vermögen,43.062,1895_07_05_53_0.jpg,nürnberg,1
Regierungsbezirk Nürnberg für Wiedergutmachung und verwaltete Vermögen,44 502,1886_07_02_37_0.jpg,nürnberg,1
Regierungsbezirk Nürnberg für Wiedergutmachung und verwaltete Vermögen,45 958,1886_05_15_95_0.jpg,nürnberg,1
Regierungsbezirk Nürnberg für Wiedergutmachung und verwaltete Vermögen Nürnberg a. d. Weinstrasse,116 690,1878_09_25_25_0.jpg,nürnberg,1
Regierungsbezirk Nürnberg für Wiedergutmachung und verwaltete Vermögen Nürnberg a. d. Weinstraße,49 100,1896_05_07_62_0.jpg,nürnberg,1
Regierungsbezirk Nürnberg für Wiedergutmachung und verwaltete Vermögen Nürnberg a. d. Weser,47980,1914_04_18_85_0.jpg,nürnberg,1
Regierungsbezirk Nürnberg für Wiedergutmachung und verwaltete Vermögen Nürnberg a. d. Wiesstr.,44 163,1897_10_27_11_0.jpg,nürnberg,1
Regierungsbezirk Nürnberg für Wiedergutmachung und verwaltete Vermögensangelegenheiten,112 684,1890_09_26_52_0.jpg,nürnberg,1
"Regierungsbezirk Nürnberg für Wiedergutmachung und verwaltete Vermögensnachlässe, Nürnberg a.d. Weinstraße",117 488,1915_09_30_68_0.jpg,nürnberg,1
Regierungsbezirk Nürnberg für Wiedergutmachung und verwaltete Vermögenswerte,45386,1911_11_11_36_0.jpg,nürnberg,1
"Regierungsbezirk Nürnberg, Br. Wiedergutmachung und verwaltete Vermögen, Nürnberg, a.d. Weinstraße",43 924,1908_01_26_106_0.jpg,nürnberg,1
Regierungsbezirk Potsdam,54780,1892_03_14_35_0.jpg,potsdam,1
Regierungsbezirk Potsdam (Westf.),165 384 b,1921_02_03_120_0.jpg,potsdam,1
Regierungsbezirk Potsdam (Westf.),460 566,1887_01_07_31_0.jpg,potsdam,1
Regierungsbezirk Potsdam (Westf.),167 400 a,1895_06_24_10_0.jpg,potsdam,1
Regierungsbezirk Potsdam (Westf.),27 958,1901_02_01_43_0.jpg,potsdam,1
Regierungsbezirk Rendsburg (Westf.),460 503/ b,1894_10_28_46_0.jpg,rendsburg,1
Regierungsbezirk Rendsburg (Württ.),167 052 a,1888_06_15_67_0.jpg,rendsburg,1
Regierungsbezirk Rensburg (Wehr.),166 791,1922_07_18_115_0.jpg,wehr,1
Regierungsbezirk Rheinsberg,40 135,1897_10_03_21_0.jpg,rheinsberg,1
Regierungsbezirk Salzburg,41 579,1905_01_03_24_0.jpg,salzburg,1
Regierungsbezirk Salzburg für Wiedergutmachung,104415,1893_08_16_43_0.jpg,salzburg,1
Regierungsbezirk Samland für Wiedergutmachung und verwaltete Vermögen Königsberg,62607,1896_04_13_63_0.jpg,königsberg,1
"Regierungsbezirk Wiedergutmachung und verwaltete Vermögen, Nürnberg",45 087,1918_11_09_38_0.jpg,nürnberg,1
Regierungsbezirk Würzburg,60439,1900_09_30_22_0.jpg,würzburg,1
Regierungsbezirk Würzburg,117 328,1934_01_17_34_0.jpg,würzburg,1
Regierungsbezirk Würzburg,52 464,1918_12_26_79_0.jpg,würzburg,1
Regierungsbezirk Würzburg,45 649,1923_11_09_32_0.jpg,würzburg,1
Regierungsbezirk Würzburg,41 639,1887_11_11_40_0.jpg,würzburg,1
Regierungsbezirk Würzburg,41 735,1895_07_09_61_0.jpg,würzburg,1
Regierungsbezirk Würzburg,112 782,1940_08_13_8_0.jpg,würzburg,1
Regierungsbezirk Würzburg,41 873,1880_06_16_19_0.jpg,würzburg,1
Regierungsbezirk Würzburg,107 616,1914_04_21_8_0.jpg,würzburg,1
Regierungsbezirk Würzburg,40 349,1904_04_03_59_0.jpg,würzburg,1
Regierungsbezirk Würzburg,54777/b,1907_08_11_55_0.jpg,würzburg,1
Regierungsbezirk Würzburg,49 042,1907_08_05_3_0.jpg,würzburg,1
Regierungsbezirk Würzburg für Wiedergutmachung und Verwaltung des Härtefonds,103235,1930_05_28_35_0.jpg,würzburg,1
Regierungsbezirk Würzburg für Wiedergutmachung und verwaltete Vermögen,44 613,1887_11_25_4_0.jpg,würzburg,1
Regierungsbezirk Würzburg für Wiedergutmachung und verwaltete Vermögen M inz,102927,1924_04_26_73_0.jpg,würzburg,1
Regierungsbezirk Würzburg und verwalteter Kreis Korb,69132,1925_08_25_145_0.jpg,"korb, würzburg",2
"Regierungsbezirk Würzburg, für Wiedergutmachung und verwaltete Vermögen",66884,1880_03_21_8_0.jpg,würzburg,1
"Regierungsbezirk Würzburg, für Wiedergutmachung verwaltete Vermögen",48 572,1888_09_27_17_0.jpg,würzburg,1
Regierungsbezirk für Wiedergutmachung und Vermögensentschädigung Nürnberg a. d. Weinstr.,46 127,1910_05_15_308_0.jpg,nürnberg,1
Regierungsbezirk für Wiedergutmachung und Vermögensverwaltung Neusäß a. d. Weser,40 274,1900_01_02_75_0.jpg,neusäß,1
Regierungsbezirk für Wiedergutmachung und verwaltete Vermögen Neuss a. d. Weinstrasse,115770,1924_05_17_66_0.jpg,neuss,1
Regierungsbezirk für Wiedergutmachung und verwaltete Vermögen Neusäß a. d. Ammer,47 324,1894_08_13_50_0.jpg,neusäß,1
Regierungsbezirk für Wiedergutmachung und verwaltete Vermögen Nürnberg a. d. Weinstr.,40 799,1893_09_18_54_0.jpg,nürnberg,1
Regierungsbezirk für Wiedergutmachung und verwaltete Vermögen Nürnberg a. d. Weinstr.,43 233,1882_05_06_11_0.jpg,nürnberg,1
Regierungsbezirk für Wiedergutmachung und verwaltete Vermögen Nürnberg a. d. Weinstr.,42 009,1923_07_05_86_0.jpg,nürnberg,1
Regierungsbezirk für Wiedergutmachung und verwaltete Vermögen Nürnberg a. d. Weinstr.,112 447,1898_10_01_25_0.jpg,nürnberg,1
Regierungsbezirk für Wiedergutmachung und verwaltete Vermögen Nürnberg a. d. Weser,47 984,1874_03_20_7_0.jpg,nürnberg,1
Regierungsbezirk für Wiedergutmachung und verwaltete Vermögen Nürnberg a. d. Weser,44 984,1901_08_06_24_0.jpg,nürnberg,1
Regierungsbezirk für Wiedergutmachung und verwaltete Vermögen Nürnberg a. d. Weserstraße,114 439,1900_05_06_100_0.jpg,nürnberg,1
Regierungsbezirk für Wiedergutmachung und verwaltete Vermögen Nürnberg und Würzburg,48 985,1920_10_29_24_0.jpg,"nürnberg, würzburg",2
Regierungsbezirk für Wiedergutmachung und verwaltete Vermögen Nürnberg und Würzburg,45 593,1891_11_06_11_0.jpg,"nürnberg, würzburg",2
"Regierungsbezirk für Wiedergutmachung und verwaltete Vermögen, Neusäß, Deutschland",41 013,1902_02_10_129_0.jpg,neusäß,1
"Regierungsbezirk für Wiedergutmachung und verwaltete Vermögen, Nürnberg a. d. Weinstr.",110 315,1911_05_01_22_0.jpg,nürnberg,1
"Regierungsbezirk für Wiedergutmachung und verwaltete Vermögen, Nürnberg a. d. Weinstraße",42 142,1879_06_30_7_0.jpg,nürnberg,1
"Regierungsbezirk für Wiedergutmachung und verwaltete Vermögen, Nürnberg a.d. Weinstr.",46 896,1878_07_16_10_0.jpg,nürnberg,1
"Regierungsbezirk für Wiedergutmachung und verwaltete Vermögen, Nürnberg a.d. Weinstr.",49 361,1904_01_20_103_0.jpg,nürnberg,1
"Regierungsbezirk für Wiedergutmachung und verwaltete Vermögen, Nürnberg, Weinstr.",45 849,1910_01_18_24_0.jpg,nürnberg,1
"Regierungsbezirk für Wiedergutmachung und verwaltete Vermögen, Traun",30573,1929_12_30_3_0.jpg,traun,1
Regierungsbezirk für Wiedergutmachung und verwaltete Vermögensnachlässe in Nürnberg a. d. Weinstr.,43 522,1931_09_22_2_0.jpg,nürnberg,1
"Regierungsbezirk für Wiedergutmachung und verwaltete Vermögensnachlässe, Nürnberg a.d. Weinstr.",43 283,1931_04_14_29_0.jpg,nürnberg,1
Regierungsbezirk für Wiedergutmachung und verwaltungsamt d. Weimar,49 057,1900_03_07_90_0.jpg,weimar,1
Regierungsbezirk für Wiedergutmachung und vollständige Vermögensentschädigung Neusäß d. W.,45 637,1899_05_03_62_0.jpg,neusäß,1
Regierungsbezirk-amt für Wiedergutmachung und verwaltete Vermögen Nürnberg a.d. Weinstr.,114 755,1893_06_10_53_0.jpg,nürnberg,1
Regierungsbezirkamt für Wiedergutmachung und kontrollierte Vermögen Altenkirchen Westerw.,"Grundliste a, xxx* Nr. 78",1900_12_29_77_0.jpg,altenkirchen,1
Regierungsbezirkamt für Wiedergutmachung und kontrollierte Vermögen Altenkirchen Westerwald,72,1905_08_22_15_0.jpg,altenkirchen,1
Regierungsbezirkamt für Wiedergutmachung und kontrollierte Vermögen Altenkirchen/Westerw.,45,1903_11_07_26_0.jpg,altenkirchen,1
Regierungsbezirkamt für Wiedergutmachung und verwaltete Vermögen Netstädte a.d. Wutach,112 406,1913_07_03_36_0.jpg,wutach,1
Regierungsbezirkamt für Wiedergutmachung und verwaltete Vermögen Nürnberg a. d. Weinstraße,195 719,1909_03_13_6_0.jpg,nürnberg,1
Regierungsbezirkamt für Wiedergutmachung und verwaltete Vermögen Nürnberg a.d. Weinstr.,48 764,1894_03_02_35_0.jpg,nürnberg,1
Regierungsbezirkamt für Wiedergutmachung und verwaltete Vermögen Nürnberg a.d. Weinstr.,43 950,1899_03_19_93_0.jpg,nürnberg,1
Regierungsbezirkamt für Wiedergutmachung und verwaltete Vermögen Nürnberg und Wien,42 779,1916_09_07_50_0.jpg,nürnberg,1
"Regierungsbezirkamt für Wiedergutmachung und verwaltete Vermögen, Nürnberg a. d. Weinstr.",110 506,1926_08_08_93_0.jpg,nürnberg,1
"Regierungsbezirkamt für Wiedergutmachung und verwaltete Vermögen, Nürnberg a. d. Weinstraße",115775,1921_11_17_77_0.jpg,nürnberg,1
Regierungsbezirks-Amt für Wiedergutmachung und Kontrolle der Vermögensverwaltung Bad Kreuznach,326,1879_03_01_27_0.jpg,bad kreuznach,1
Regierungsbezirks-Amt für Wiedergutmachung und Kontrollvermögen Bad Kreuznach,209,1886_02_13_29_0.jpg,bad kreuznach,1
Regierungsbezirks-Amt für Wiedergutmachung und kontrollierte Vermögen Pirmasens,a 366,1911_06_03_3_0.jpg,pirmasens,1
Regierungsbezirks-Amt für Wiedergutmachung und kontrollierte Vermögen Pirmasens,361,1895_10_18_59_0.jpg,pirmasens,1
Regierungsbezirks-Amt für Wiedergutmachung und kontrollierte Vermögen Pirmasens,a 260,1896_04_04_106_0.jpg,pirmasens,1
Regierungsbezirks-Amt für Wiedergutmachung und kontrollierte Vermögen Pirmasens,a 385,1904_11_05_79_0.jpg,pirmasens,1
Regierungsbezirks-Amt für Wiedergutmachung und kontrollierte Vermögensverwaltung Bad Kreuznach,330,1873_01_19_3_0.jpg,bad kreuznach,1
Regierungsbezirksamt Mittelbach,103031,1929_12_27_33_0.jpg,mittelbach,1
Regierungsbezirksamt Wiedergutmachung und verwaltete Vermögen Neusäß und Weinsberg,40 249,1873_12_17_1_0.jpg,"neusäß, weinsberg",2
"Regierungsbezirksamt Wiedergutmachung, verwaltete Vermögen, Nürnberg a. d. Weinstr.",49 269,1877_07_17_15_0.jpg,nürnberg,1
Regierungsbezirksamt Würzburg,48 112,1880_10_13_21_0.jpg,würzburg,1
"Regierungsbezirksamt für Verwaltungsgeschäfte und Nachkriegsvermögensangelegenheiten, Regierungsbezirk Weimar",45 545,1877_02_27_1_0.jpg,weimar,1
Regierungsbezirksamt für Wiedergutmachung Völklingen,68620,1932_08_21_16_0.jpg,völklingen,1
Regierungsbezirksamt für Wiedergutmachung und Verfolgtenhilfe Meiningen,102345,1923_09_16_46_0.jpg,meiningen,1
"Regierungsbezirksamt für Wiedergutmachung und Verfolgtenhilfe, Hausdorfer Straße, D. Weinsberg",41 837,1895_11_20_44_0.jpg,weinsberg,1
Regierungsbezirksamt für Wiedergutmachung und Vermögensfragen Nürnberg,40 855,1900_10_15_157_0.jpg,nürnberg,1
Regierungsbezirksamt für Wiedergutmachung und Vermögensverwaltung Meiningen,100594,1922_04_27_41_0.jpg,meiningen,1
Regierungsbezirksamt für Wiedergutmachung und Vermögensverwaltung Nürnberg a. d. Welsstr.,43 739,1929_07_14_23_0.jpg,nürnberg,1
Regierungsbezirksamt für Wiedergutmachung und Vermögensverwaltung Nürnberg o.d. Weimar,48 790,1890_07_07_29_0.jpg,"nürnberg, weimar",2
"Regierungsbezirksamt für Wiedergutmachung und Vermögensverwaltung, Nürnberg, Weinstr.",40 264,1931_01_06_7_0.jpg,nürnberg,1
Regierungsbezirksamt für Wiedergutmachung und Verwaltung Nürnberg,111 226,1908_08_05_13_0.jpg,nürnberg,1
Regierungsbezirksamt für Wiedergutmachung und Verwaltung a.d. Weinstr. Nürnberg,115 317,1921_03_16_62_0.jpg,nürnberg,1
Regierungsbezirksamt für Wiedergutmachung und kontrollierte Vermögen Altenkirchen 'Westerw.,63,1893_07_23_62_0.jpg,altenkirchen,1
Regierungsbezirksamt für Wiedergutmachung und kontrollierte Vermögen Altenkirchen Westerw.,"Grundliste a, xxxxx Nr. 84",1892_10_22_36_0.jpg,altenkirchen,1
Regierungsbezirksamt für Wiedergutmachung und kontrollierte Vermögen Altenkirchen Westerw.,61,1896_12_15_74_0.jpg,altenkirchen,1
Regierungsbezirksamt für Wiedergutmachung und kontrollierte Vermögen Birkenfeld,72,1905_06_25_48_0.jpg,birkenfeld,1
Regierungsbezirksamt für Wiedergutmachung und kontrollierte Vermögen Pirmasens,a 236,1930_08_16_41_0.jpg,pirmasens,1
"Regierungsbezirksamt für Wiedergutmachung und kontrollierte Vermögen, Altenkirchen, Westerw.","a, kxx* Nr. 10",1878_02_01_15_0.jpg,altenkirchen,1
Regierungsbezirksamt für Wiedergutmachung und kontrolliertes Vermögen Birkenfeld,73,1906_09_14_55_0.jpg,birkenfeld,1
Regierungsbezirksamt für Wiedergutmachung und soziale Versorgung Nürnberg und Würzburg,48 971,1935_04_19_9_0.jpg,"nürnberg, würzburg",2
Regierungsbezirksamt für Wiedergutmachung und versäumte Vermögensentschädigung Neusäß q.d. Weimar,46 028,1899_12_02_11_0.jpg,"neusäß, weimar",2
Regierungsbezirksamt für Wiedergutmachung und verw. Stelle Vermögen Neusiedl ad Weinstr.,46 304,1917_12_10_60_0.jpg,stelle,1
Regierungsbezirksamt für Wiedergutmachung und verwaltete Vermögen Ansbach a. d. Wesstr.,48 986,1877_10_16_8_0.jpg,ansbach,1
Regierungsbezirksamt für Wiedergutmachung und verwaltete Vermögen Mannheim,16241,1895_02_23_37_0.jpg,mannheim,1
Regierungsbezirksamt für Wiedergutmachung und verwaltete Vermögen Mannheim,BV 105 287,1898_01_25_63_0.jpg,mannheim,1
Regierungsbezirksamt für Wiedergutmachung und verwaltete Vermögen Meiningen,102560,1923_02_18_57_0.jpg,meiningen,1
Regierungsbezirksamt für Wiedergutmachung und verwaltete Vermögen Meiningen,107311,1897_09_20_4_0.jpg,meiningen,1
Regierungsbezirksamt für Wiedergutmachung und verwaltete Vermögen Meiningen,106636,1887_08_11_7_0.jpg,meiningen,1
Regierungsbezirksamt für Wiedergutmachung und verwaltete Vermögen Meiningen,101964,1887_12_11_9_0.jpg,meiningen,1
Regierungsbezirksamt für Wiedergutmachung und verwaltete Vermögen Meiningen,106198,1910_09_17_5_0.jpg,meiningen,1
Regierungsbezirksamt für Wiedergutmachung und verwaltete Vermögen Meißner,17832,1882_11_22_24_0.jpg,meißner,1
Regierungsbezirksamt für Wiedergutmachung und verwaltete Vermögen Neubrandenburg,40 846,1895_11_21_1_0.jpg,neubrandenburg,1
"Regierungsbezirksamt für Wiedergutmachung und verwaltete Vermögen Neubrandenburg, Weinstr.",48 747,1875_12_06_2_0.jpg,neubrandenburg,1
Regierungsbezirksamt für Wiedergutmachung und verwaltete Vermögen Neudorf a. d. Weinstr.,47 695,1878_06_30_9_0.jpg,neudorf,1
Regierungsbezirksamt für Wiedergutmachung und verwaltete Vermögen Neusadt a.d. Weinsberg,41 773,1883_10_16_7_0.jpg,weinsberg,1
Regierungsbezirksamt für Wiedergutmachung und verwaltete Vermögen Neusadt a.d. Weinsberg,115 649,1907_05_27_96_0.jpg,weinsberg,1
Regierungsbezirksamt für Wiedergutmachung und verwaltete Vermögen Neusidler d. Weinsberg,48 020,1922_07_29_90_0.jpg,weinsberg,1
Regierungsbezirksamt für Wiedergutmachung und verwaltete Vermögen Neusäß a. d. Weinstr.,42 167,1931_03_18_30_0.jpg,neusäß,1
Regierungsbezirksamt für Wiedergutmachung und verwaltete Vermögen Neusäß a. d. Würm,41 464,1883_11_09_2_0.jpg,neusäß,1
Regierungsbezirksamt für Wiedergutmachung und verwaltete Vermögen Neusäß a.F. Würzburg,41 910,1876_02_05_6_0.jpg,"neusäß, würzburg",2
Regierungsbezirksamt für Wiedergutmachung und verwaltete Vermögen Neusäß o.d. Weinsr.,46.147,1892_10_13_2_0.jpg,neusäß,1
Regierungsbezirksamt für Wiedergutmachung und verwaltete Vermögen Neusäß und Weinsberg,40 983,1909_02_17_98_0.jpg,"neusäß, weinsberg",2
Regierungsbezirksamt für Wiedergutmachung und verwaltete Vermögen Nürnberg,47 328,1920_04_10_187_0.jpg,nürnberg,1
Regierungsbezirksamt für Wiedergutmachung und verwaltete Vermögen Nürnberg,115 321,1891_07_14_31_0.jpg,nürnberg,1
Regierungsbezirksamt für Wiedergutmachung und verwaltete Vermögen Nürnberg,110 896,1882_02_01_18_0.jpg,nürnberg,1
Regierungsbezirksamt für Wiedergutmachung und verwaltete Vermögen Nürnberg,40 540,1936_04_11_18_0.jpg,nürnberg,1
Regierungsbezirksamt für Wiedergutmachung und verwaltete Vermögen Nürnberg,42 652,1890_07_10_51_0.jpg,nürnberg,1
Regierungsbezirksamt für Wiedergutmachung und verwaltete Vermögen Nürnberg,44 506,1880_10_08_22_0.jpg,nürnberg,1
Regierungsbezirksamt für Wiedergutmachung und verwaltete Vermögen Nürnberg,41 854,1899_04_16_89_0.jpg,nürnberg,1
Regierungsbezirksamt für Wiedergutmachung und verwaltete Vermögen Nürnberg,111 050,1896_11_20_85_0.jpg,nürnberg,1
Regierungsbezirksamt für Wiedergutmachung und verwaltete Vermögen Nürnberg,49 301,1910_06_15_105_0.jpg,nürnberg,1
Regierungsbezirksamt für Wiedergutmachung und verwaltete Vermögen Nürnberg a. d. Veißnöß,115577,1910_09_06_41_0.jpg,nürnberg,1
Regierungsbezirksamt für Wiedergutmachung und verwaltete Vermögen Nürnberg a. d. W.,45 009,1917_03_11_27_0.jpg,nürnberg,1
Regierungsbezirksamt für Wiedergutmachung und verwaltete Vermögen Nürnberg a. d. Weinstr.,114 066,1884_10_31_16_0.jpg,nürnberg,1
Regierungsbezirksamt für Wiedergutmachung und verwaltete Vermögen Nürnberg a. d. Weinstr.,45 898,1900_06_10_19_0.jpg,nürnberg,1
Regierungsbezirksamt für Wiedergutmachung und verwaltete Vermögen Nürnberg a. d. Weinstr.,113 536,1900_09_07_38_0.jpg,nürnberg,1
Regierungsbezirksamt für Wiedergutmachung und verwaltete Vermögen Nürnberg a. d. Weinstr.,49 140,1894_04_24_77_0.jpg,nürnberg,1
Regierungsbezirksamt für Wiedergutmachung und verwaltete Vermögen Nürnberg a. d. Weinstr.,43 745,1920_11_18_46_0.jpg,nürnberg,1
Regierungsbezirksamt für Wiedergutmachung und verwaltete Vermögen Nürnberg a. d. Weinstr.,117 606,1920_10_03_82_0.jpg,nürnberg,1
Regierungsbezirksamt für Wiedergutmachung und verwaltete Vermögen Nürnberg a. d. Weinstr.,48 416,1920_09_15_146_0.jpg,nürnberg,1
Regierungsbezirksamt für Wiedergutmachung und verwaltete Vermögen Nürnberg a. d. Weinstr.,114 641,1891_04_21_64_0.jpg,nürnberg,1
Regierungsbezirksamt für Wiedergutmachung und verwaltete Vermögen Nürnberg a. d. Weinstr.,44 794,1912_03_17_30_0.jpg,nürnberg,1
Regierungsbezirksamt für Wiedergutmachung und verwaltete Vermögen Nürnberg a. d. Weinstr.,117 508,1908_08_09_69_0.jpg,nürnberg,1
Regierungsbezirksamt für Wiedergutmachung und verwaltete Vermögen Nürnberg a. d. Weinstr.,113 605,1893_03_29_52_0.jpg,nürnberg,1
Regierungsbezirksamt für Wiedergutmachung und verwaltete Vermögen Nürnberg a. d. Weinstr.,48 955,1893_03_17_27_0.jpg,nürnberg,1
Regierungsbezirksamt für Wiedergutmachung und verwaltete Vermögen Nürnberg a. d. Weinstr.,116 742,1893_03_29_14_0.jpg,nürnberg,1
Regierungsbezirksamt für Wiedergutmachung und verwaltete Vermögen Nürnberg a. d. Weinstr.,46 615,1905_03_28_80_0.jpg,nürnberg,1
Regierungsbezirksamt für Wiedergutmachung und verwaltete Vermögen Nürnberg a. d. Weinstr.,42 387,1889_06_17_25_0.jpg,nürnberg,1
Regierungsbezirksamt für Wiedergutmachung und verwaltete Vermögen Nürnberg a. d. Weinstr.,117 512,1885_10_05_44_0.jpg,nürnberg,1
Regierungsbezirksamt für Wiedergutmachung und verwaltete Vermögen Nürnberg a. d. Weinstr.,43 938,1944_10_28_10_0.jpg,nürnberg,1
Regierungsbezirksamt für Wiedergutmachung und verwaltete Vermögen Nürnberg a. d. Weinstr.,111 682,1911_06_30_102_0.jpg,nürnberg,1
Regierungsbezirksamt für Wiedergutmachung und verwaltete Vermögen Nürnberg a. d. Weinstr.,111 333,1897_06_23_45_0.jpg,nürnberg,1
Regierungsbezirksamt für Wiedergutmachung und verwaltete Vermögen Nürnberg a. d. Weinstr.,48 298,1883_08_29_5_0.jpg,nürnberg,1
Regierungsbezirksamt für Wiedergutmachung und verwaltete Vermögen Nürnberg a. d. Weinstr.,44 231,1890_10_17_7_0.jpg,nürnberg,1
Regierungsbezirksamt für Wiedergutmachung und verwaltete Vermögen Nürnberg a. d. Weinstr.,110 696,1890_01_10_28_0.jpg,nürnberg,1
Regierungsbezirksamt für Wiedergutmachung und verwaltete Vermögen Nürnberg a. d. Weinstr.,43 743,1890_08_26_33_0.jpg,nürnberg,1
Regierungsbezirksamt für Wiedergutmachung und verwaltete Vermögen Nürnberg a. d. Weinstr.,49 317,1887_02_10_47_0.jpg,nürnberg,1
Regierungsbezirksamt für Wiedergutmachung und verwaltete Vermögen Nürnberg a. d. Weinstr.,44 581,1895_10_29_35_0.jpg,nürnberg,1
Regierungsbezirksamt für Wiedergutmachung und verwaltete Vermögen Nürnberg a. d. Weinstr.,43 502,1880_12_19_3_0.jpg,nürnberg,1
Regierungsbezirksamt für Wiedergutmachung und verwaltete Vermögen Nürnberg a. d. Weinstr.,42 908,1888_12_19_10_0.jpg,nürnberg,1
Regierungsbezirksamt für Wiedergutmachung und verwaltete Vermögen Nürnberg a. d. Weinstr.,113 564,1888_08_29_22_0.jpg,nürnberg,1
Regierungsbezirksamt für Wiedergutmachung und verwaltete Vermögen Nürnberg a. d. Weinstr.,46 947,1888_02_18_43_0.jpg,nürnberg,1
Regierungsbezirksamt für Wiedergutmachung und verwaltete Vermögen Nürnberg a. d. Weinstr.,40 957,1899_12_27_83_0.jpg,nürnberg,1
Regierungsbezirksamt für Wiedergutmachung und verwaltete Vermögen Nürnberg a. d. Weinstr.,44 903,1899_09_25_49_0.jpg,nürnberg,1
Regierungsbezirksamt für Wiedergutmachung und verwaltete Vermögen Nürnberg a. d. Weinstr.,49 830,1886_11_11_29_0.jpg,nürnberg,1
Regierungsbezirksamt für Wiedergutmachung und verwaltete Vermögen Nürnberg a. d. Weinstr.,44 665,1886_12_14_13_0.jpg,nürnberg,1
Regierungsbezirksamt für Wiedergutmachung und verwaltete Vermögen Nürnberg a. d. Weinstr.,44 745,1886_08_04_35_0.jpg,nürnberg,1
Regierungsbezirksamt für Wiedergutmachung und verwaltete Vermögen Nürnberg a. d. Weinstr.,40 562,1914_07_07_51_0.jpg,nürnberg,1
Regierungsbezirksamt für Wiedergutmachung und verwaltete Vermögen Nürnberg a. d. Weinstr.,112 697,1892_10_01_67_0.jpg,nürnberg,1
Regierungsbezirksamt für Wiedergutmachung und verwaltete Vermögen Nürnberg a. d. Weinstr.,49 962,1904_12_24_122_0.jpg,nürnberg,1
Regierungsbezirksamt für Wiedergutmachung und verwaltete Vermögen Nürnberg a. d. Weinstr.,114 825,1907_01_06_37_0.jpg,nürnberg,1
Regierungsbezirksamt für Wiedergutmachung und verwaltete Vermögen Nürnberg a. d. Weinstr.,113 603,1901_02_03_68_0.jpg,nürnberg,1
Regierungsbezirksamt für Wiedergutmachung und verwaltete Vermögen Nürnberg a. d. Weinstr.,40 428,1901_08_21_95_0.jpg,nürnberg,1
Regierungsbezirksamt für Wiedergutmachung und verwaltete Vermögen Nürnberg a. d. Weinstr.,111 947,1919_11_01_50_0.jpg,nürnberg,1
Regierungsbezirksamt für Wiedergutmachung und verwaltete Vermögen Nürnberg a. d. Weinstrasse,115 526,1884_05_18_8_0.jpg,nürnberg,1
Regierungsbezirksamt für Wiedergutmachung und verwaltete Vermögen Nürnberg a. d. Weinstrasse,115 368,1920_04_29_62_0.jpg,nürnberg,1
Regierungsbezirksamt für Wiedergutmachung und verwaltete Vermögen Nürnberg a. d. Weinstrasse,196 028,1923_08_06_22_0.jpg,nürnberg,1
Regierungsbezirksamt für Wiedergutmachung und verwaltete Vermögen Nürnberg a. d. Weinstraße,116 377,1921_05_16_57_0.jpg,nürnberg,1
Regierungsbezirksamt für Wiedergutmachung und verwaltete Vermögen Nürnberg a. d. Weinstraße,117 828,1918_03_31_37_0.jpg,nürnberg,1
Regierungsbezirksamt für Wiedergutmachung und verwaltete Vermögen Nürnberg a. d. Weinstraße,114 250,1912_08_24_33_0.jpg,nürnberg,1
Regierungsbezirksamt für Wiedergutmachung und verwaltete Vermögen Nürnberg a. d. Weinstraße,48 713,1893_05_17_8_0.jpg,nürnberg,1
Regierungsbezirksamt für Wiedergutmachung und verwaltete Vermögen Nürnberg a. d. Weinstraße,46 653,1905_04_10_79_0.jpg,nürnberg,1
Regierungsbezirksamt für Wiedergutmachung und verwaltete Vermögen Nürnberg a. d. Weinstraße,48 325,1878_12_23_7_0.jpg,nürnberg,1
Regierungsbezirksamt für Wiedergutmachung und verwaltete Vermögen Nürnberg a. d. Weinstraße,114 436,1936_05_14_36_0.jpg,nürnberg,1
Regierungsbezirksamt für Wiedergutmachung und verwaltete Vermögen Nürnberg a. d. Weinstraße,116 144,1914_10_10_108_0.jpg,nürnberg,1
Regierungsbezirksamt für Wiedergutmachung und verwaltete Vermögen Nürnberg a. d. Weinstraße,41 468,1914_04_01_9_0.jpg,nürnberg,1
Regierungsbezirksamt für Wiedergutmachung und verwaltete Vermögen Nürnberg a. d. Weinstraße,48 860,1906_03_20_51_0.jpg,nürnberg,1
Regierungsbezirksamt für Wiedergutmachung und verwaltete Vermögen Nürnberg a. d. Weißstr.,112 314,1894_09_19_15_0.jpg,nürnberg,1
Regierungsbezirksamt für Wiedergutmachung und verwaltete Vermögen Nürnberg a.d. Weinstr.,43 746,1920_11_18_47_0.jpg,nürnberg,1
Regierungsbezirksamt für Wiedergutmachung und verwaltete Vermögen Nürnberg a.d. Weinstr.,44 795,1918_01_19_53_0.jpg,nürnberg,1
Regierungsbezirksamt für Wiedergutmachung und verwaltete Vermögen Nürnberg a.d. Weinstr.,40 197,1881_04_01_21_0.jpg,nürnberg,1
Regierungsbezirksamt für Wiedergutmachung und verwaltete Vermögen Nürnberg a.d. Weinstr.,49 123,1897_01_26_8_0.jpg,nürnberg,1
Regierungsbezirksamt für Wiedergutmachung und verwaltete Vermögen Nürnberg a.d. Weinstr.,40 620,1890_03_20_47_0.jpg,nürnberg,1
Regierungsbezirksamt für Wiedergutmachung und verwaltete Vermögen Nürnberg a.d. Weinstr.,44 755,1929_10_03_66_0.jpg,nürnberg,1
Regierungsbezirksamt für Wiedergutmachung und verwaltete Vermögen Nürnberg a.d. Weinstr.,44 868,1892_02_11_3_0.jpg,nürnberg,1
Regierungsbezirksamt für Wiedergutmachung und verwaltete Vermögen Nürnberg a.d. Weinstr.,114 335,1927_01_19_16_0.jpg,nürnberg,1
Regierungsbezirksamt für Wiedergutmachung und verwaltete Vermögen Nürnberg a.d. Weinstr.,44 552,1907_04_05_106_0.jpg,nürnberg,1
Regierungsbezirksamt für Wiedergutmachung und verwaltete Vermögen Nürnberg a.d. Weinstr.,49 804,1906_07_09_96_0.jpg,nürnberg,1
Regierungsbezirksamt für Wiedergutmachung und verwaltete Vermögen Nürnberg a.d. Weinstr.,111 598,1919_06_17_59_0.jpg,nürnberg,1
Regierungsbezirksamt für Wiedergutmachung und verwaltete Vermögen Nürnberg a.d. Weinstr.,43 818,1917_10_12_41_0.jpg,nürnberg,1
Regierungsbezirksamt für Wiedergutmachung und verwaltete Vermögen Nürnberg a.d. Weinstr.,114 738,1917_03_28_60_0.jpg,nürnberg,1
Regierungsbezirksamt für Wiedergutmachung und verwaltete Vermögen Nürnberg und Würzburg,41 241,1929_07_21_50_0.jpg,"nürnberg, würzburg",2
Regierungsbezirksamt für Wiedergutmachung und verwaltete Vermögen Nürnberg und Würzburg,49 107,1906_05_28_45_0.jpg,"nürnberg, würzburg",2
Regierungsbezirksamt für Wiedergutmachung und verwaltete Vermögen und Koblentz,62830,1888_05_10_25_0.jpg,koblentz,1
"Regierungsbezirksamt für Wiedergutmachung und verwaltete Vermögen, Kassubranch a.d. Weißwasser",45 223,1896_01_15_49_0.jpg,weißwasser,1
"Regierungsbezirksamt für Wiedergutmachung und verwaltete Vermögen, Nauheim a. d. Weinstr.",40 400,1894_11_24_2_0.jpg,nauheim,1
"Regierungsbezirksamt für Wiedergutmachung und verwaltete Vermögen, Nauheim a. d. Weinstraße",116 658,1901_05_24_41_0.jpg,nauheim,1
"Regierungsbezirksamt für Wiedergutmachung und verwaltete Vermögen, Neubrandenburg, Weimarstr.",111 765,1933_08_08_3_0.jpg,neubrandenburg,1
"Regierungsbezirksamt für Wiedergutmachung und verwaltete Vermögen, Neussalden und Weinsberg",45 836,1883_06_02_15_0.jpg,weinsberg,1
"Regierungsbezirksamt für Wiedergutmachung und verwaltete Vermögen, Nürnberg",42 216,1875_10_21_15_0.jpg,nürnberg,1
"Regierungsbezirksamt für Wiedergutmachung und verwaltete Vermögen, Nürnberg",45 238,1900_07_27_5_0.jpg,nürnberg,1
"Regierungsbezirksamt für Wiedergutmachung und verwaltete Vermögen, Nürnberg",48 511,1907_12_31_25_0.jpg,nürnberg,1
"Regierungsbezirksamt für Wiedergutmachung und verwaltete Vermögen, Nürnberg a. d. Weinstr.",110 925,1884_10_06_43_0.jpg,nürnberg,1
"Regierungsbezirksamt für Wiedergutmachung und verwaltete Vermögen, Nürnberg a. d. Weinstr.",111 161,1933_01_28_19_0.jpg,nürnberg,1
"Regierungsbezirksamt für Wiedergutmachung und verwaltete Vermögen, Nürnberg a. d. Weinstr.",116 937,1903_08_23_94_0.jpg,nürnberg,1
"Regierungsbezirksamt für Wiedergutmachung und verwaltete Vermögen, Nürnberg a. d. Weinstr.",112 721,1903_06_03_3_0.jpg,nürnberg,1
"Regierungsbezirksamt für Wiedergutmachung und verwaltete Vermögen, Nürnberg a. d. Weinstr.",46 950,1900_06_06_99_0.jpg,nürnberg,1
"Regierungsbezirksamt für Wiedergutmachung und verwaltete Vermögen, Nürnberg a. d. Weinstr.",111 205,1894_06_23_70_0.jpg,nürnberg,1
"Regierungsbezirksamt für Wiedergutmachung und verwaltete Vermögen, Nürnberg a. d. Weinstr.",40 833,1908_02_24_63_0.jpg,nürnberg,1
"Regierungsbezirksamt für Wiedergutmachung und verwaltete Vermögen, Nürnberg a. d. Weinstr.",46 503,1915_04_29_35_0.jpg,nürnberg,1
"Regierungsbezirksamt für Wiedergutmachung und verwaltete Vermögen, Nürnberg a. d. Weinstr.",44 512,1893_11_25_1_0.jpg,nürnberg,1
"Regierungsbezirksamt für Wiedergutmachung und verwaltete Vermögen, Nürnberg a. d. Weinstr.",46 828,1905_08_31_39_0.jpg,nürnberg,1
"Regierungsbezirksamt für Wiedergutmachung und verwaltete Vermögen, Nürnberg a. d. Weinstr.",111 809,1905_04_04_76_0.jpg,nürnberg,1
"Regierungsbezirksamt für Wiedergutmachung und verwaltete Vermögen, Nürnberg a. d. Weinstr.",44 647,1924_08_24_5_0.jpg,nürnberg,1
"Regierungsbezirksamt für Wiedergutmachung und verwaltete Vermögen, Nürnberg a. d. Weinstr.",112 579,1885_05_26_17_0.jpg,nürnberg,1
"Regierungsbezirksamt für Wiedergutmachung und verwaltete Vermögen, Nürnberg a. d. Weinstr.",42 012,1885_09_10_17_0.jpg,nürnberg,1
"Regierungsbezirksamt für Wiedergutmachung und verwaltete Vermögen, Nürnberg a. d. Weinstr.",42 944,1895_04_26_75_0.jpg,nürnberg,1
"Regierungsbezirksamt für Wiedergutmachung und verwaltete Vermögen, Nürnberg a. d. Weinstr.",49 329,1895_01_08_21_0.jpg,nürnberg,1
"Regierungsbezirksamt für Wiedergutmachung und verwaltete Vermögen, Nürnberg a. d. Weinstr.",40 583,1872_06_26_6_0.jpg,nürnberg,1
"Regierungsbezirksamt für Wiedergutmachung und verwaltete Vermögen, Nürnberg a. d. Weinstr.",45 215,1929_06_10_26_0.jpg,nürnberg,1
"Regierungsbezirksamt für Wiedergutmachung und verwaltete Vermögen, Nürnberg a. d. Weinstr.",47 840,1892_10_15_9_0.jpg,nürnberg,1
"Regierungsbezirksamt für Wiedergutmachung und verwaltete Vermögen, Nürnberg a. d. Weinstr.",49 115,1896_10_22_20_0.jpg,nürnberg,1
"Regierungsbezirksamt für Wiedergutmachung und verwaltete Vermögen, Nürnberg a. d. Weinstr.",43 496,1904_12_08_81_0.jpg,nürnberg,1
"Regierungsbezirksamt für Wiedergutmachung und verwaltete Vermögen, Nürnberg a. d. Weinstr.",110 509,1904_11_29_102_0.jpg,nürnberg,1
"Regierungsbezirksamt für Wiedergutmachung und verwaltete Vermögen, Nürnberg a. d. Weinstr.",40 611,1904_09_26_48_0.jpg,nürnberg,1
"Regierungsbezirksamt für Wiedergutmachung und verwaltete Vermögen, Nürnberg a. d. Weinstr.",49 324,1901_09_22_12_0.jpg,nürnberg,1
"Regierungsbezirksamt für Wiedergutmachung und verwaltete Vermögen, Nürnberg a. d. Weinstr.",112 087,1913_09_28_25_0.jpg,nürnberg,1
"Regierungsbezirksamt für Wiedergutmachung und verwaltete Vermögen, Nürnberg a. d. Weinstr.",44 135,1913_03_19_45_0.jpg,nürnberg,1
"Regierungsbezirksamt für Wiedergutmachung und verwaltete Vermögen, Nürnberg a. d. Weinstr.",111 270,1909_02_18_103_0.jpg,nürnberg,1
"Regierungsbezirksamt für Wiedergutmachung und verwaltete Vermögen, Nürnberg a. d. Weinstr.",110 923,1917_04_18_74_0.jpg,nürnberg,1
"Regierungsbezirksamt für Wiedergutmachung und verwaltete Vermögen, Nürnberg a. d. Weinstrasse",117 671,1923_12_25_3_0.jpg,nürnberg,1
"Regierungsbezirksamt für Wiedergutmachung und verwaltete Vermögen, Nürnberg a. d. Weinstraße",116 708,1900_08_23_98_0.jpg,nürnberg,1
"Regierungsbezirksamt für Wiedergutmachung und verwaltete Vermögen, Nürnberg a. d. Weinstraße",116 169,1921_04_08_91_0.jpg,nürnberg,1
"Regierungsbezirksamt für Wiedergutmachung und verwaltete Vermögen, Nürnberg a. d. Weinstraße",117 857,1912_09_12_146_0.jpg,nürnberg,1
"Regierungsbezirksamt für Wiedergutmachung und verwaltete Vermögen, Nürnberg a. d. Weinstraße",117 321,1914_09_21_72_0.jpg,nürnberg,1
"Regierungsbezirksamt für Wiedergutmachung und verwaltete Vermögen, Nürnberg a. d. Weinstraße",44 710,1892_06_08_42_0.jpg,nürnberg,1
"Regierungsbezirksamt für Wiedergutmachung und verwaltete Vermögen, Nürnberg a. d. Weinstraße",48 333,1896_03_07_32_0.jpg,nürnberg,1
"Regierungsbezirksamt für Wiedergutmachung und verwaltete Vermögen, Nürnberg a. d. Weinstraße",115950,1927_03_07_34_0.jpg,nürnberg,1
"Regierungsbezirksamt für Wiedergutmachung und verwaltete Vermögen, Nürnberg a. d. Weinstraße",111 922,1906_04_21_116_0.jpg,nürnberg,1
"Regierungsbezirksamt für Wiedergutmachung und verwaltete Vermögen, Nürnberg a. d. Weinstraße",46 247,1906_06_22_26_0.jpg,nürnberg,1
"Regierungsbezirksamt für Wiedergutmachung und verwaltete Vermögen, Nürnberg a. d. Weinstraße",114 413,1898_01_18_66_0.jpg,nürnberg,1
"Regierungsbezirksamt für Wiedergutmachung und verwaltete Vermögen, Nürnberg a. d. Weinstraße",49 302,1910_06_15_106_0.jpg,nürnberg,1
"Regierungsbezirksamt für Wiedergutmachung und verwaltete Vermögen, Nürnberg a. d. Weinstraße",41 364,1919_11_25_13_0.jpg,nürnberg,1
"Regierungsbezirksamt für Wiedergutmachung und verwaltete Vermögen, Nürnberg a. d. Weinstraße",40 098,1879_09_14_10_0.jpg,nürnberg,1
"Regierungsbezirksamt für Wiedergutmachung und verwaltete Vermögen, Nürnberg a. d. Weinstraße",B.V.,1879_04_05_31_0.jpg,nürnberg,1
"Regierungsbezirksamt für Wiedergutmachung und verwaltete Vermögen, Nürnberg a. d. Weser",49 293,1905_01_23_29_0.jpg,nürnberg,1
"Regierungsbezirksamt für Wiedergutmachung und verwaltete Vermögen, Nürnberg a. d. Weser",40 078,1877_07_15_1_0.jpg,nürnberg,1
"Regierungsbezirksamt für Wiedergutmachung und verwaltete Vermögen, Nürnberg a.D. Weinstr.",113 049,1898_11_21_56_0.jpg,nürnberg,1
"Regierungsbezirksamt für Wiedergutmachung und verwaltete Vermögen, Nürnberg a.d. Donau",115 266,1932_07_09_5_0.jpg,nürnberg,1
"Regierungsbezirksamt für Wiedergutmachung und verwaltete Vermögen, Nürnberg a.d. Weinstr.",44 699,1903_08_24_35_0.jpg,nürnberg,1
"Regierungsbezirksamt für Wiedergutmachung und verwaltete Vermögen, Nürnberg a.d. Weinstr.",49 929,1900_10_05_31_0.jpg,nürnberg,1
"Regierungsbezirksamt für Wiedergutmachung und verwaltete Vermögen, Nürnberg a.d. Weinstr.",41 979,1894_04_20_55_0.jpg,nürnberg,1
"Regierungsbezirksamt für Wiedergutmachung und verwaltete Vermögen, Nürnberg a.d. Weinstr.",44 332,1894_08_13_45_0.jpg,nürnberg,1
"Regierungsbezirksamt für Wiedergutmachung und verwaltete Vermögen, Nürnberg a.d. Weinstr.",49 167,1920_05_29_34_0.jpg,nürnberg,1
"Regierungsbezirksamt für Wiedergutmachung und verwaltete Vermögen, Nürnberg a.d. Weinstr.",43 563,1915_03_09_6_0.jpg,nürnberg,1
"Regierungsbezirksamt für Wiedergutmachung und verwaltete Vermögen, Nürnberg a.d. Weinstr.",110 929,1928_01_16_3_0.jpg,nürnberg,1
"Regierungsbezirksamt für Wiedergutmachung und verwaltete Vermögen, Nürnberg a.d. Weinstr.",46 895,1893_02_11_83_0.jpg,nürnberg,1
"Regierungsbezirksamt für Wiedergutmachung und verwaltete Vermögen, Nürnberg a.d. Weinstr.",44 105,1878_10_03_17_0.jpg,nürnberg,1
"Regierungsbezirksamt für Wiedergutmachung und verwaltete Vermögen, Nürnberg a.d. Weinstr.",49 097,1897_07_16_82_0.jpg,nürnberg,1
"Regierungsbezirksamt für Wiedergutmachung und verwaltete Vermögen, Nürnberg a.d. Weinstr.",47 525,1899_03_12_18_0.jpg,nürnberg,1
"Regierungsbezirksamt für Wiedergutmachung und verwaltete Vermögen, Nürnberg a.d. Weinstr.",44 588,1886_12_04_1_0.jpg,nürnberg,1
"Regierungsbezirksamt für Wiedergutmachung und verwaltete Vermögen, Nürnberg a.d. Weinstr.",43 223,1892_08_16_39_0.jpg,nürnberg,1
"Regierungsbezirksamt für Wiedergutmachung und verwaltete Vermögen, Nürnberg a.d. Weinstr.",41 559,1904_09_03_95_0.jpg,nürnberg,1
"Regierungsbezirksamt für Wiedergutmachung und verwaltete Vermögen, Nürnberg a.d. Weinstr.",49 068,1906_11_03_89_0.jpg,nürnberg,1
"Regierungsbezirksamt für Wiedergutmachung und verwaltete Vermögen, Nürnberg a.d. Weinstr.",42 555,1876_05_28_16_0.jpg,nürnberg,1
"Regierungsbezirksamt für Wiedergutmachung und verwaltete Vermögen, Nürnberg a.d. Weinstraße",110 163,1924_08_24_72_0.jpg,nürnberg,1
"Regierungsbezirksamt für Wiedergutmachung und verwaltete Vermögen, Nürnberg a.d. Wernstr.",46 932,1911_09_29_70_0.jpg,nürnberg,1
"Regierungsbezirksamt für Wiedergutmachung und verwaltete Vermögen, Nürnberg am d. Weinstr.",117 331,1900_08_31_81_0.jpg,nürnberg,1
"Regierungsbezirksamt für Wiedergutmachung und verwaltete Vermögen, Nürnberg, d. Weinstr.",48 721,1895_05_15_28_0.jpg,nürnberg,1
Regierungsbezirksamt für Wiedergutmachung und verwaltete Vermögens Neusiedel a.d. Wernigerode,46 506,1880_07_16_4_0.jpg,wernigerode,1
Regierungsbezirksamt für Wiedergutmachung und verwaltete Vermögensbläuste d. Weinsberg,48 757,1880_01_16_18_0.jpg,weinsberg,1
Regierungsbezirksamt für Wiedergutmachung und verwaltete Vermögensgegenstände a. d. Weinstadt,117 754,1914_11_14_63_0.jpg,weinstadt,1
Regierungsbezirksamt für Wiedergutmachung und verwaltete Vermögenshauptstadt a.D. Weimar,110331,1929_01_05_12_0.jpg,weimar,1
Regierungsbezirksamt für Wiedergutmachung und verwaltete Vermögensnachlässe a. d. Weinsberg,48 343,1920_09_15_144_0.jpg,weinsberg,1
Regierungsbezirksamt für Wiedergutmachung und verwaltete Vermögensnachlässe a. d. Weinsberg,116 368,1909_07_06_27_0.jpg,weinsberg,1
Regierungsbezirksamt für Wiedergutmachung und verwaltete Vermögensnachlässe in Nürnberg,49 240,1900_07_15_146_0.jpg,nürnberg,1
"Regierungsbezirksamt für Wiedergutmachung und verwaltete Vermögensnachlässe, Nürnberg a. d. Weinstr.",49 677,1889_03_26_6_0.jpg,nürnberg,1
"Regierungsbezirksamt für Wiedergutmachung und verwaltete Vermögensnachlässe, Nürnberg a. d. Weinstr.",111 538,1896_06_05_78_0.jpg,nürnberg,1
"Regierungsbezirksamt für Wiedergutmachung und verwaltete Vermögensnachlässe, Nürnberg a.d. Weinstr.",49 169,1897_12_11_51_0.jpg,nürnberg,1
"Regierungsbezirksamt für Wiedergutmachung und verwaltete Vermögensnachlässe, Nürnberg a.d. Weinstraße",117 487,1916_03_18_88_0.jpg,nürnberg,1
Regierungsbezirksamt für Wiedergutmachung und verwaltete Vermögensnachweise: Weinsberg,112 507,1904_03_26_13_0.jpg,weinsberg,1
Regierungsbezirksamt für Wiedergutmachung und verwaltete Vermögenswerte Nürnberg,40 701,1936_01_10_12_0.jpg,nürnberg,1
Regierungsbezirksamt für Wiedergutmachung und verwaltete Vermögenswerte Nürnberg,40 308,1902_12_24_70_0.jpg,nürnberg,1
"Regierungsbezirksamt für Wiedergutmachung und verwaltete Vermögenswiedergutmachung, Neubrandenburg a. d. Werra",44 802,1925_09_25_39_0.jpg,neubrandenburg,1
"Regierungsbezirksamt für Wiedergutmachung und verwalteter Vermögen, Neuried a.d. Weinstr.",42 637,1923_02_04_63_0.jpg,neuried,1
Regierungsbezirksamt für Wiedergutmachung und verwaltetes Vermögen Neudietendorf a. d. Weinstraße,114 221,1920_04_27_94_0.jpg,neudietendorf,1
"Regierungsbezirksamt für Wiedergutmachung und verwaltetes Vermögen, Nürnberg",44 636,1916_09_15_35_0.jpg,nürnberg,1
"Regierungsbezirksamt für Wiedergutmachung und verwaltetes Vermögen, Nürnberg a.d. Weinstraße",44.818,1909_05_16_108_0.jpg,nürnberg,1
Regierungsbezirksamt für Wiedergutmachung und verwaltico Vermögen Koblentz,80860,1891_11_04_18_0.jpg,koblentz,1
Regierungsbezirksamt für Wiedergutmachung und verwaltiq Vermögen Koblentz,66764,1926_04_04_1_0.jpg,koblentz,1
Regierungsbezirksamt für Wiedergutmachung und verwaltungsVormögen Koblentz,84144,1933_08_21_39_0.jpg,koblentz,1
Regierungsbezirksamt für Wiedergutmachung und verwaltungsrechtliche Angelegen Koblentz,62715,1939_08_20_23_0.jpg,koblentz,1
Regierungsbezirksamt für Wiedergutmachung und verwesste Vermögen Nürnberg a. d. Weinstr.,40 755,1913_01_10_114_0.jpg,nürnberg,1
"Regierungsbezirksamt für Wiedergutmachung verwaltete Vermögensnachlässe, Nürnberg a. d. Weinstr.",44 608,1908_11_29_7_0.jpg,nürnberg,1
"Regierungsbezirksamti für Wiedergutmachung und verwaltete Vermögen, Nürnberg a. d. Weinstr.",46 871,1888_12_20_30_0.jpg,nürnberg,1
Regierungsbezirkscami für Wiedergutmachung und verwalteto Vermögen Koblentz,67078,1921_02_14_125_0.jpg,koblentz,1
"Regierungsbezirkshauptmannschaft für Wiedergutmachung und verwaltete Vermögen, Nürnberg a. d. Weinstraße",43 938,1907_02_06_82_0.jpg,nürnberg,1
Regierungsbezirkskammer für Wiedergutmachung und verwaiste Vermögen Nürnberg und Weimar,47 391,1928_12_08_37_0.jpg,"nürnberg, weimar",2
Regierungsbezirkskammer für Wiedergutmachung und verwaltete Vermögen Mannheim,108 029,1928_11_10_69_0.jpg,mannheim,1
Regierungsbezirkskammer für Wiedergutmachung und verwaltete Vermögen Nürnberg a. d. Weinstr.,47 740,1920_01_25_61_0.jpg,nürnberg,1
"Regierungsbezirkskammer für Wiedergutmachung und verwaltete Vermögen, Nürnberg a. d. Weinstr.",43 375,1900_06_24_77_0.jpg,nürnberg,1
"Regierungsbezirkskammer für Wiedergutmachung und verwaltete Vermögen, Nürnberg a.d. Weinstr.",44 749,1896_07_02_53_0.jpg,nürnberg,1
"Regierungsbezirkskammer für Wiedergutmachung und verwaltete Vermögen, Nürnberg a.d. Weinstr.",49 121,1909_04_14_95_0.jpg,nürnberg,1
Regierungsbezirkskammer für Wiedergutmachung und verwaltete Vermögensnachlässe Nürnberg a. D. Weißbach,117 302,1889_11_19_30_0.jpg,"nürnberg, weißbach",2
"Regierungsbezirkskommission für Wiedergutmachung und verwaltete Vermögen, Nürnberg a. d. Weinstraße",45 129,1930_04_09_9_0.jpg,nürnberg,1
Regierungsbezirkskommission für Wiedergutmachung und verwaltete Vermögens Neusäß a.d. Weser,42 002,1926_01_04_71_0.jpg,neusäß,1
Regierungsbezirksoffice für Wiedergutmachung und verwaltete Vermögen Nürnberg a. d. Weinstr.,42 633,1915_10_05_52_0.jpg,nürnberg,1
"Regierungsbezirksoffice für Wiedergutmachung und verwaltete Vermögen, Nürnberg a. d. Weinstraße",44 835,1929_01_18_76_0.jpg,nürnberg,1
Regierungspräsident Amberg,52037,1892_04_15_48_0.jpg,amberg,1
Regierungspräsident Amberg,26 641 b,1935_11_03_26_0.jpg,amberg,1
Regierungspräsident Amberg,23 692,1896_05_03_18_0.jpg,amberg,1
Regierungspräsident Amberg,534056,1927_06_19_38_0.jpg,amberg,1
Regierungspräsident Amberg,ZK 169 728/1864,1902_06_05_73_0.jpg,amberg,1
Regierungspräsident Amberg,25.061,1909_10_07_47_0.jpg,amberg,1
Regierungspräsident Ansbach,462 829,1884_06_17_7_0.jpg,ansbach,1
Regierungspräsident Ansbach,169 754/1893,1920_02_09_31_0.jpg,ansbach,1
Regierungspräsident Ansbach,26 895,1905_06_03_99_0.jpg,ansbach,1
Regierungspräsident Ansbach,462588,1914_08_12_104_0.jpg,ansbach,1
Regierungspräsident Ansbach,C 21 M 160 884,1901_05_21_20_0.jpg,ansbach,1
Regierungspräsident Ansbach,462830,1910_06_10_69_0.jpg,ansbach,1
Regierungspräsident Ansbach,30084 c,1919_08_29_17_0.jpg,ansbach,1
Regierungspräsidial Amtsberg,461 683,1922_06_19_9_0.jpg,amtsberg,1
Regierungspräsidien Amberg,461 682,1922_06_19_8_0.jpg,amberg,1
"Regierungspräsidion, Amberg",53.2349,1911_11_30_48_0.jpg,amberg,1
Regierungspräsidium (Meißen),165 231 a,1910_10_15_59_0.jpg,meißen,1
Regierungspräsidium (Miesbach),53223,1927_06_01_69_0.jpg,miesbach,1
Regierungspräsidium (Wehr.),A 52 K 161 229 a,1912_10_25_61_0.jpg,wehr,1
Regierungspräsidium (Wehr.),165 340 b,1889_06_21_8_0.jpg,wehr,1
Regierungspräsidium (Wehr.),15 169,1911_06_02_47_0.jpg,wehr,1
Regierungspräsidium (Weimar),53 875,1911_07_04_100_0.jpg,weimar,1
Regierungspräsidium (Würzburg),V 17 K 161 285,1908_04_28_143_0.jpg,würzburg,1
Regierungspräsidium (Würzburg),462 033,1944_10_29_6_0.jpg,würzburg,1
Regierungspräsidium Amberg,462.556,1916_02_13_76_0.jpg,amberg,1
Regierungspräsidium Amberg,163 992 a,1908_08_14_79_0.jpg,amberg,1
Regierungspräsidium Amberg,163 991 a,1908_08_14_78_0.jpg,amberg,1
Regierungspräsidium Amberg,57.164,1911_06_25_62_0.jpg,amberg,1
Regierungspräsidium Amberg,25 581,1910_03_19_76_0.jpg,amberg,1
Regierungspräsidium Amberg,53.2348,1930_09_18_22_0.jpg,amberg,1
Regierungspräsidium Ansbach,83.170,1891_08_01_56_0.jpg,ansbach,1
Regierungspräsidium Ansbach,53.24 Fa/1,1907_10_24_22_0.jpg,ansbach,1
Regierungspräsidium Ansbach (Welf.),163.884 c,1921_02_06_105_0.jpg,ansbach,1
Regierungspräsidium Ansbach (Württ.),161199 a,1916_02_25_68_0.jpg,ansbach,1
Regierungspräsidium Ansbach (Würzburg),169.581,1914_04_07_43_0.jpg,"ansbach, würzburg",2
Regierungspräsidium Bamberg (R.M.),162 000 a,1922_01_29_82_0.jpg,bamberg,1
Regierungspräsidium Flensburg,59 987 b,1908_02_06_115_0.jpg,flensburg,1
Regierungspräsidium Frankfurt (Oder),57 460,1908_03_22_139_0.jpg,frankfurt,1
Regierungspräsidium Fulda (Württ.),59 915/59 915 c,1927_08_13_39_0.jpg,fulda,1
Regierungspräsidium Fürth,66902,1912_10_13_15_0.jpg,fürth,1
Regierungspräsidium Fürth,112 709,1905_03_26_22_0.jpg,fürth,1
Regierungspräsidium Fürth,169 266,1906_05_17_11_0.jpg,fürth,1
Regierungspräsidium Fürth,461 916,1931_09_28_50_0.jpg,fürth,1
Regierungspräsidium Fürth (10b),460 943,1894_08_09_25_0.jpg,fürth,1
Regierungspräsidium Fürth (Bay.),461 305,1897_08_10_47_0.jpg,fürth,1
Regierungspräsidium Fürth (Welf.),161 748 a,1889_11_17_34_0.jpg,fürth,1
Regierungspräsidium Fürth (Wüff.),460 521,1912_03_13_23_0.jpg,fürth,1
Regierungspräsidium Fürth (Würt.),27 094 a,1923_06_05_64_0.jpg,fürth,1
Regierungspräsidium Fürth (Würt.),59 888/59 888 a,1897_01_06_71_0.jpg,fürth,1
Regierungspräsidium Fürth (Württ.),53 828 b,1897_05_03_87_0.jpg,fürth,1
Regierungspräsidium Fürth (Württ.),161.756.a,1910_08_06_26_0.jpg,fürth,1
Regierungspräsidium Fürth (Württ.),56.890.b,1909_05_19_78_0.jpg,fürth,1
Regierungspräsidium Pfullingen (Württ.),462 107/ a,1885_09_22_29_0.jpg,pfullingen,1
Regierungspräsidium Pirmasens,ZK 26 383,1912_04_13_8_0.jpg,pirmasens,1
Regierungspräsidium Potsdam,51 227 b,1892_10_31_37_0.jpg,potsdam,1
Regierungspräsidium Potsdam (Meckl.),52 559 a,1906_11_18_109_0.jpg,potsdam,1
Regierungspräsidium Potsdam (WRF),26284,1900_10_15_82_0.jpg,potsdam,1
Regierungspräsidium Prensbereich (Wehr.),52 53 529 c,1912_01_28_75_0.jpg,wehr,1
Regierungspräsidium Prensborg (Wehr.),165 315,1893_12_23_36_0.jpg,wehr,1
Regierungspräsidium Prenzlau,54775/e,1908_06_13_78_0.jpg,prenzlau,1
Regional Ansbach (Melfi),163 414,1907_09_11_16_0.jpg,ansbach,1
Regional Ansbach (Weiß),50 188,1913_06_12_5_0.jpg,ansbach,1
Regional Ansbach (West),169 301,1932_05_10_20_0.jpg,ansbach,1
Regional Ansbach (West),161 885,1910_05_05_168_0.jpg,ansbach,1
Regional Ansbach (Würt.),165 278 a,1875_05_11_6_0.jpg,ansbach,1
Regional Ansbach (Würt.),53 162,1912_05_06_127_0.jpg,ansbach,1
Regional Ansbach (Würt.),52529a,1912_02_21_127_0.jpg,ansbach,1
Regional Ansbach (Württ.),50/7 K 122 K,1901_12_15_73_0.jpg,ansbach,1
Regional Office Nürnberg,122784/IX/3257,1882_11_06_26_0.jpg,nürnberg,1
Regional Prüfungsstelle (Wuppertal),160 033/160 033 b,1910_11_12_2_0.jpg,wuppertal,1
Regionalamt Fürstenberg (Meckl.),59 915/59915 b,1913_04_16_57_0.jpg,fürstenberg,1
Regionalamt Fürstenfeldbruck,ZK 58 697 C,1921_11_29_24_0.jpg,fürstenfeldbruck,1
"Regionalbeirat für Wiedergutmachung und verwaltete Vermögen, Nürnberg a. d. Weinstr.",44 117,1920_10_04_59_0.jpg,nürnberg,1
"Regionalbezirksamt für Wiedergutmachung und verwaltete Vermögen, Neubrandenburg",41 350,1896_02_21_79_0.jpg,neubrandenburg,1
Regionalsozialamt für Wiedergutmachung und verfolgte Verwaltung Neumarkt in der Oberpfalz,48 161,1910_06_22_88_0.jpg,neumarkt,1
Regionalstelle für West und verwaltbare Verwaltungsbezirke Neusiedel a.d.Wald,47 167,1902_06_26_28_0.jpg,wald,1
"Regionalverwaltungsamt für Wiedergutmachung und kontrollierte Vermögen, Bad Kreuznach",250,1875_09_21_12_0.jpg,bad kreuznach,1
Regionalverwaltungsamt für Wiedergutmachung und verwaltete Vermögen Nürnberg a. d. Weinstraße,110 521,1928_07_11_87_0.jpg,nürnberg,1
Regionalverwaltungsamt für Wiedergutmachung und verwaltete Vermögen Nürnberg a. d. Weinstraße,49 645,1899_01_04_45_0.jpg,nürnberg,1
"Regionalverwaltungsamt für Wiedergutmachung und verwaltete Vermögen, Nürnberg a. d. Weinstr.",44 122,1905_06_30_65_0.jpg,nürnberg,1
Regionalverwaltungsamt für Wiedergutmachung und verwaltete Vermögenswiederbeschaffung Neusäß c. d. Weinstrasse,115 535,1923_03_07_17_0.jpg,neusäß,1
Regionalverwaltungsbehörde für Wiedergutmachung (und Verwaltung o.d. Weinsberg),42 406,1902_12_19_50_0.jpg,weinsberg,1
Regionalverwaltungsbehörde für Wiedergutmachung und Vermögensverwaltung Nürnberg a. d. Weinstraße,111 686,1896_10_22_83_0.jpg,nürnberg,1
"Regionalverwaltungsbehörde für Wiedergutmachung und Vermögensverwaltung, Nürnberg d. Weinstr.",44 184,1905_03_26_59_0.jpg,nürnberg,1
Regionalverwaltungsbehörde für Wiedergutmachung und verwaltete Nachlässe Nordalb und Waldeck,42 003,1905_12_20_89_0.jpg,waldeck,1
Regionalverwaltungsbehörde für Wiedergutmachung und verwaltete Vermögen Nürnberg,48 837,1897_06_26_6_0.jpg,nürnberg,1
"Regionalverwaltungsbehörde für Wiedergutmachung und verwaltete Vermögen, Nürnberg a. d. Weinstraße",40.135,1919_12_05_38_0.jpg,nürnberg,1
Regionalverwaltungsbehörde für Wiedergutmachung und verwaltliche Vermögensangelegenheiten Meiningen,13549,1931_02_19_36_0.jpg,meiningen,1
"Regionalverwaltungsbehörde für Wiedergutmachung und verwaltliche Vermögensangelegenheiten, Nürnberg a. d. Weinstr.",111 163,1887_03_06_20_0.jpg,nürnberg,1
Regionalverwaltungsbehörde für Wiedergutmachung und verwaltungsrechtliche Aufgaben Neusäß,41 992,1906_03_17_99_0.jpg,neusäß,1
Regionalverwaltungsbezirk für Wiedergutmachung und Volksentschädigung Nürnberg,41 olo,1944_08_04_1_0.jpg,nürnberg,1
Regionalverwaltungsgericht Frankfurt am Main,66993,1914_05_01_109_0.jpg,frankfurt,1
Regionalverwaltungsgericht für Wiedergutmachung und verwaltete Vermögen Mannheim,101186,1909_05_14_89_0.jpg,mannheim,1
Regionalverwaltungsgericht für Wiedergutmachung und verwaltete Vermögen Nürnberg,44 408,1922_01_11_27_0.jpg,nürnberg,1
Regionalverwaltungspräsidium in Dortmund,64 315 0,1913_04_26_54_0.jpg,dortmund,1
Registerbezirksamt für Wiedergutmachung und verwaltete Vermögen Nürnberg a. d. Wein,44 112,1903_01_27_61_0.jpg,nürnberg,1
Reichsentschädigungsbehörde für die im Deutschen Reich verfolgten Juden,101327,1902_06_03_60_0.jpg,reich,1
Reisverwaltung - Amt für Wiedergutmachung - Höxter/Weser,31 985,1895_03_31_51_0.jpg,höxter,1
Reparatur Amtsberg (Wupp.),A 65 K 161 797 b,1918_09_22_3_0.jpg,amtsberg,1
Reparierungsamt Ankershagen (Meißen),52 727 a,1890_02_21_47_0.jpg,"ankershagen, meißen",2
"Reparierungsbehörde für Wiedergutmachung und verwaltete Vermögen, Nürnberg a.d. Weser",48 402,1912_08_24_63_0.jpg,nürnberg,1
Reparierungsstelle Bochum,54 343,1928_01_12_49_0.jpg,bochum,1
Restitutionsamt (Wied.),161170a,1908_01_29_43_0.jpg,wied,1
"Rey Frieda Ruth (geb. Ehrmann) (8.10.33) Kuhlmann Jnge, geb. Ehrmann (14.12.35) Ehrmann Doris Renate (31.3.1937)",EK 5086,1926_10_09_86_0.jpg,rey,1
Rey. Dr. Linnros,445 861,1892_06_15_40_0.jpg,rey,1
Rey. Prof. Wunnicke,441 628,1880_06_06_1_0.jpg,rey,1
Rey.-Br. Anst.,33 537,1910_09_08_50_0.jpg,rey,1
"Rhein. Landesverwaltungsamt, Abt. IV, Heidelberg",517.825,1924_03_18_68_0.jpg,heidelberg,1
Rinteln,6541 H,1900_09_23_53_0.jpg,rinteln,1
Rinteln,6545,1895_06_01_29_0.jpg,rinteln,1
Rinteln,R. 3626,1899_07_14_119_0.jpg,rinteln,1
Rinteln,R 6546 8k.,1914_07_27_97_0.jpg,rinteln,1
Rinteln,3623,1898_11_05_90_0.jpg,rinteln,1
Roggenburg,41 890,1883_03_26_2_0.jpg,roggenburg,1
Roggenburg,30653,1913_01_24_48_0.jpg,roggenburg,1
Roggenstein,115 437,1913_10_10_184_0.jpg,roggenstein,1
"Rosenberg, Schule - geb. 48.99",311204,1904_12_31_87_0.jpg,rosenberg,1
Rosenheim,48 646,1894_09_14_46_0.jpg,rosenheim,1
Rosenheim Landesbeauftragte für die wiedergutmachung,42 051,1896_12_19_1_0.jpg,rosenheim,1
Rosenthal,28190,1889_10_05_47_0.jpg,rosenthal,1
Rostock,W502-1453,1939_09_16_13_0.jpg,rostock,1
Rostock,W5027-140-3V,1933_01_23_17_0.jpg,rostock,1
Rostock,VV 5099-82-BV313,1900_02_17_2_0.jpg,rostock,1
Rostock,VW.5027-11-BV.314,1922_06_12_100_0.jpg,rostock,1
Rostock,W 5027-75-BV 451,1922_04_11_64_0.jpg,rostock,1
Rostock,W502F-144-BV 331,1921_11_04_82_0.jpg,rostock,1
Rostock,BV 441,1921_11_28_92_0.jpg,rostock,1
Rostock,W-5099-102-BV-313,1920_09_15_107_0.jpg,rostock,1
Rostock,IV 5098-742-BV 331,1918_04_07_68_0.jpg,rostock,1
Rostock,VV 5099-152-BV 331,1912_03_20_86_0.jpg,rostock,1
Rostock,W. 5099-106-BV. 313,1908_03_10_65_0.jpg,rostock,1
Rostock,VV 5099 - 108 - BV 451,1915_03_29_24_0.jpg,rostock,1
Rostock,5099-125,1928_09_16_45_0.jpg,rostock,1
Rostock,W 5027-MN-331,1923_04_15_158_0.jpg,rostock,1
Rostock,VV 5099-148-BV 441,1923_04_01_122_0.jpg,rostock,1
Rostock,VV 5099-146-BV 441,1923_09_28_83_0.jpg,rostock,1
Rostock,WV5089-160-8V,1911_04_29_52_0.jpg,rostock,1
Rostock,VV 5027-65-BV 451,1936_02_27_67_0.jpg,rostock,1
Rostock,LV 5027-151-24 333,1936_02_09_20_0.jpg,rostock,1
Rostock,W5099-165-3V 332,1914_02_12_75_0.jpg,rostock,1
Rostock,IV 5099-164-BV 332,1914_09_02_71_0.jpg,rostock,1
Rostock,W 5099-131-BV 451,1914_07_11_26_0.jpg,rostock,1
Rostock,W 5099 - 132 - BV 451,1914_05_25_146_0.jpg,rostock,1
Rostock,WV 5027-15-3-BV 333,1937_05_20_16_0.jpg,rostock,1
Rostock,VV 5099-40 BV 313,1937_09_28_31_0.jpg,rostock,1
Rostock,34 333,1937_11_13_34_0.jpg,rostock,1
Rostock,W 5027-48-BV 451,1929_07_05_51_0.jpg,rostock,1
Rostock,VV 5027-125,1935_01_18_16_0.jpg,rostock,1
Rostock,VV.5099.-147.-BV,1927_10_05_36_0.jpg,rostock,1
Rostock,VV 5099-126-BV 451,1927_01_18_24_0.jpg,rostock,1
Rostock,WV 5099-157-81,1925_08_29_54_0.jpg,rostock,1
Rostock,135-04330,1925_03_05_13_0.jpg,rostock,1
Rostock,VV 5027 - 128 - BV 441,1925_10_11_38_0.jpg,rostock,1
Rostock,W5024-743-3V 331,1925_07_05_20_0.jpg,rostock,1
Rostock,BK 373,1919_09_03_71_0.jpg,rostock,1
Rostock,W 5099-109-BV313,1919_10_05_153_0.jpg,rostock,1
Rostock,W 5099-161- BV 331,1919_09_21_118_0.jpg,rostock,1
Rostock,W 5039-159-8V331,1919_05_30_12_0.jpg,rostock,1
Rostock,5027-68-BV.451,1919_02_13_28_0.jpg,rostock,1
Rostock,W 5023-146-331,1930_12_10_38_0.jpg,rostock,1
Rostock,VV 5027 - 82 BV 451,1930_06_30_8_0.jpg,rostock,1
Rostock,VV 5027 - 81 Az: BV 451,1931_05_18_33_0.jpg,rostock,1
Rostock,,1917_06_11_17_0.jpg,rostock,1
Rostock Bundesvermögensabteilung,VV 5027-126-BV,1928_07_29_74_0.jpg,rostock,1
"Rostock, BV-Abteilung",VLS027-BU/122,1916_01_22_48_0.jpg,rostock,1
Roth,603 699,1912_10_23_8_0.jpg,roth,1
Roth,767 873,1924_04_09_54_0.jpg,roth,1
SFH Magdeburg,ES 21 346,1928_07_21_48_0.jpg,magdeburg,1
SPRiNGE,SP 418,1901_11_05_96_0.jpg,springe,1
STADT BONN,20387,1899_10_12_69_0.jpg,bonn,1
STADT BONN,348 825,1930_08_29_38_0.jpg,bonn,1
Sachsenburg Bezirksamt für Wiedergutmachung,711 692,1919_04_20_74_0.jpg,sachsenburg,1
Sachsenhausen,810 353,1927_01_01_173_0.jpg,sachsenhausen,1
Salzgitter,,1894_09_08_49_0.jpg,salzgitter,1
Salzgitter,,1890_05_13_29_0.jpg,salzgitter,1
Salzgitter,,1895_07_17_26_0.jpg,salzgitter,1
Sannenbergestr. 12 Wuppertal-Barmen,250.943,1882_05_25_10_0.jpg,wuppertal,1
Schutz Landesentschädigungsamt,74.402/VII/16744,1880_06_19_10_0.jpg,schutz,1
Schwabach,28897/1V/1309,1900_03_23_29_0.jpg,schwabach,1
Schwabach,71580/VII/13580,1920_12_15_156_0.jpg,schwabach,1
Schwabach,28782/111/5408,1881_02_15_7_0.jpg,schwabach,1
Schwabach,28947/IV/1359,1899_07_24_73_0.jpg,schwabach,1
Schwabach,ES/A 5748(0),1914_04_27_52_0.jpg,schwabach,1
Schwabach,13.072/II/1270,1925_05_16_55_0.jpg,schwabach,1
Schwabach,A.Z. 113477/12958,1930_08_08_67_0.jpg,schwabach,1
Schwabach,16.666/II/1890,1909_05_15_44_0.jpg,schwabach,1
Schwarzbach,47 148/VII/9349,1904_04_01_85_0.jpg,schwarzbach,1
Schwarzbach,36.566/VI/7938,1925_08_07_97_0.jpg,schwarzbach,1
Schwarzenberg,34.436/T/8467,1901_09_07_1_0.jpg,schwarzenberg,1
Schweinfurt,IV 5099-335-BV 430,1927_12_15_140_0.jpg,schweinfurt,1
Schweinfurt IRO Resettlement Office,121473/VIII/4767,1915_02_02_77_0.jpg,schweinfurt,1
Schwerin,47.854/VII/1955,1924_03_01_159_0.jpg,schwerin,1
Schwerin,197 399,1923_11_18_86_0.jpg,schwerin,1
Schwerin,4417,1899_04_02_58_0.jpg,schwerin,1
Schwerin,13.092/II/1290,1914_09_06_87_0.jpg,schwerin,1
Schwerin,81.723/VII/23423,1914_08_10_8_0.jpg,schwerin,1
Schwerin,72790/VII/14992,1925_12_02_49_0.jpg,schwerin,1
Schwerin,270 613,1906_04_15_77_0.jpg,schwerin,1
Schwerin,175 943,1913_03_13_56_0.jpg,schwerin,1
Schwerin,32.665/II/4872,1919_04_10_22_0.jpg,schwerin,1
Schwerin,54219/4219,1917_05_02_79_0.jpg,schwerin,1
Schwerin Bayerisches Landesamt für Verfolgte,54140/MI/4140,1910_05_12_7_0.jpg,schwerin,1
Schwerin Landesentschädigungsamt,62.935/VI/10821,1894_04_15_91_0.jpg,schwerin,1
Schwerin Landesentschädigungsamt,34.745/I/8792,1912_04_07_74_0.jpg,schwerin,1
Schwerin Landesentschädigungsamt,25.511/VII/6320,1926_11_17_74_0.jpg,schwerin,1
Schwerin Landesentschädigungsamt,54257/MI/4257,1913_10_20_88_0.jpg,schwerin,1
Schwerin Landesentschädigungsamt,16.650/TT/1872,1917_12_28_74_0.jpg,schwerin,1
Schöffengericht Eschwege,578,1932_06_09_22_0.jpg,eschwege,1
Schöft Bonn,348 241 a u. b,1901_02_01_92_0.jpg,bonn,1
"Sebaldus Verlag GmbH, Nürnberg, Luitpoldstr. 5",44320/III/6738,1880_08_20_21_0.jpg,nürnberg,1
Seeburg,219800,1920_02_28_151_0.jpg,seeburg,1
Seeburg,329160,1924_06_18_70_0.jpg,seeburg,1
Seeburg,30678,1927_07_12_58_0.jpg,seeburg,1
Seeburg,351640,1925_04_03_98_0.jpg,seeburg,1
Seeburg,807 251,1907_11_22_12_0.jpg,seeburg,1
Seeburg,351176,1910_01_17_94_0.jpg,seeburg,1
Soest,59.130 e),1933_07_10_43_0.jpg,soest,1
Soest,462.391 h,1894_12_24_61_0.jpg,soest,1
Soest,424.642 d,1921_09_30_17_0.jpg,soest,1
Soest,424.642 b,1912_05_22_105_0.jpg,soest,1
Soest,59.264,1912_10_20_93_0.jpg,soest,1
Soest,4405,1928_04_04_38_0.jpg,soest,1
Soest,424.642,1881_04_16_8_0.jpg,soest,1
Soest,29.754,1885_03_09_8_0.jpg,soest,1
Soest,462.391,1887_07_26_24_0.jpg,soest,1
Soest,462.391,1864_01_19_1_0.jpg,soest,1
Soest,59.107,1899_02_26_32_0.jpg,soest,1
Soest,29.720,1899_08_25_82_0.jpg,soest,1
Soest,59.166,1892_06_14_26_0.jpg,soest,1
Soest,59.167,1892_11_01_33_0.jpg,soest,1
Soest,462.458 a,1892_02_15_59_0.jpg,soest,1
Soest,462.390,1904_05_05_163_0.jpg,soest,1
Soest,169.382 d),1927_07_09_44_0.jpg,soest,1
Soest,59.258,1927_04_30_41_0.jpg,soest,1
Soest,59.259,1925_10_24_45_0.jpg,soest,1
Soest,169.382 c,1925_12_07_21_0.jpg,soest,1
Soest,462.391 1,1898_02_22_89_0.jpg,soest,1
Soest,59.232,1913_09_22_31_0.jpg,soest,1
Soest,131 723,1930_05_14_26_0.jpg,soest,1
Soltau,,1894_12_23_62_0.jpg,soltau,1
"Sondervermögens-u. Baubehörde, Regierungsbezirk Nürnberg",44 761,1894_10_09_15_0.jpg,nürnberg,1
Sozialgericht Dortmund,53.907/M/3907,1919_09_24_92_0.jpg,dortmund,1
Springe,Bayrische Kartei,1900_04_01_70_0.jpg,springe,1
Springe,Springe,1893_08_16_65_0.jpg,springe,1
Springe,SP. 6192 St.,1895_10_31_82_0.jpg,springe,1
Sprung,4502 L,1887_02_08_27_0.jpg,sprung,1
Sprung,4600 F,1906_12_22_19_0.jpg,sprung,1
St. Frankfurt Ausgl. Amt,49316 /21/J/DP/wei.,1921_03_16_135_0.jpg,frankfurt,1
Staatsamt L.G. Frankfurt/Main,27604/VI/5115,1906_06_14_74_0.jpg,frankfurt,1
Staatsamt W.L.G. Frankfurt/Main,86950/Mi/11724,1905_05_07_52_0.jpg,frankfurt,1
Staatsanw. L. G. Frankfurt/Main,70664/VII/12863,1904_04_15_82_0.jpg,frankfurt,1
Staatsanw. L.G. Frankfurt / Main,BEG 25021,1892_12_26_24_0.jpg,frankfurt,1
Staatsanw. L.G. Frankfurt/Main,51145/11/1145,1907_12_25_69_0.jpg,frankfurt,1
Staatsanwalt Frankfurt,30359,1915_01_27_47_0.jpg,frankfurt,1
Staatsanwalt Frankfurt,30360,1907_07_07_49_0.jpg,frankfurt,1
Staatsanwalt Frankfurt,45003/VII/6479,1909_07_15_30_0.jpg,frankfurt,1
Staatsanwalt L.G. Frankfurt/Main,51244/51/2144,1903_05_25_48_0.jpg,frankfurt,1
Staatsanwalt L.G. Frankfurt/Main,53020/11/3020,1894_01_10_32_0.jpg,frankfurt,1
Staatsanwalt L.G. Frankfurt/Main,15981/VII/570,1896_06_23_68_0.jpg,frankfurt,1
Staatsanwalt LG Frankfurt,47 832/VII/10033,1921_03_21_179_0.jpg,frankfurt,1
Staatsanwaltschaft Frankfurt,53520/MI/3520,1918_09_01_25_0.jpg,frankfurt,1
Staatsanwaltschaft Hamm,505 963,1920_12_14_110_0.jpg,hamm,1
Staatsanwaltschaft Hamm,St.H. 816/530 L,1890_01_06_24_0.jpg,hamm,1
Staatsanwaltschaft Hamm,St.H. 403 4,1895_11_18_96_0.jpg,hamm,1
Staatsanwaltschaft Hamm,St.H. 807 R,1879_08_24_29_0.jpg,hamm,1
Staatsanwaltschaft L.G. Lübeck,3242/VI/595,1905_05_06_64_0.jpg,lübeck,1
Staatssanw. Dortmund,70220/VI/12419,1918_05_11_20_0.jpg,dortmund,1
Staatsschule Frankfurt,VI A/6 - 01442 - V 19/68,1912_09_15_190_0.jpg,frankfurt,1
"Staatsschutz, Sozialamt, LG. Würzburg",87322/VI/8535,1919_10_16_85_0.jpg,würzburg,1
Stadt Bochum,348 756,1919_12_24_60_0.jpg,bochum,1
Stadt Bochum,16773/II/2000,1909_02_05_59_0.jpg,bochum,1
Stadt Bonn,425-628 a,1884_03_02_36_0.jpg,bonn,1
Stadt Bonn,70 955,1884_01_07_22_0.jpg,bonn,1
Stadt Bonn,434 271 a,1916_03_01_135_0.jpg,bonn,1
Stadt Bonn,628 287,1900_01_28_67_0.jpg,bonn,1
Stadt Bonn,600 795,1900_01_10_100_0.jpg,bonn,1
Stadt Bonn,618 380 b,1900_04_06_53_0.jpg,bonn,1
Stadt Bonn,433 229,1900_10_29_82_0.jpg,bonn,1
Stadt Bonn,348.055,1900_10_12_2_0.jpg,bonn,1
Stadt Bonn,348 627,1922_05_11_98_0.jpg,bonn,1
Stadt Bonn,348 241,1920_09_30_74_0.jpg,bonn,1
Stadt Bonn,769 220,1918_06_30_50_0.jpg,bonn,1
Stadt Bonn,348 033,1918_03_09_73_0.jpg,bonn,1
Stadt Bonn,348 633 b,1918_07_20_66_0.jpg,bonn,1
Stadt Bonn,348 570,1918_05_01_85_0.jpg,bonn,1
Stadt Bonn,348 435,1891_07_07_29_0.jpg,bonn,1
Stadt Bonn,348 579 b,1941_01_31_4_0.jpg,bonn,1
Stadt Bonn,82 706 c,1908_07_26_49_0.jpg,bonn,1
Stadt Bonn,437 905 a - c,1908_07_01_83_0.jpg,bonn,1
Stadt Bonn,348 430 a u. b,1908_06_13_83_0.jpg,bonn,1
Stadt Bonn,348 579 a,1915_10_23_43_0.jpg,bonn,1
Stadt Bonn,348 472,1915_05_31_44_0.jpg,bonn,1
Stadt Bonn,348 484,1915_09_29_39_0.jpg,bonn,1
Stadt Bonn,348 836 c,1915_09_06_65_0.jpg,bonn,1
Stadt Bonn,348 348 a-c,1915_11_02_48_0.jpg,bonn,1
Stadt Bonn,348 511 b,1915_11_02_47_0.jpg,bonn,1
Stadt Bonn,348 773,1928_01_18_6_0.jpg,bonn,1
Stadt Bonn,348 701,1928_02_23_14_0.jpg,bonn,1
Stadt Bonn,20198b,1893_02_03_11_0.jpg,bonn,1
Stadt Bonn,82 705,1893_02_03_34_0.jpg,bonn,1
Stadt Bonn,348 653,1893_10_05_17_0.jpg,bonn,1
Stadt Bonn,435 674,1889_11_20_44_0.jpg,bonn,1
Stadt Bonn,348 466,1932_02_20_51_0.jpg,bonn,1
Stadt Bonn,20 369,1863_07_16_1_0.jpg,bonn,1
Stadt Bonn,348 535,1924_01_22_34_0.jpg,bonn,1
Stadt Bonn,348 354,1924_03_02_43_0.jpg,bonn,1
Stadt Bonn,348 457,1923_03_23_150_0.jpg,bonn,1
Stadt Bonn,348 529,1885_02_06_38_0.jpg,bonn,1
Stadt Bonn,348 530,1911_05_18_13_0.jpg,bonn,1
Stadt Bonn,348 579 c,1953_03_04_1_0.jpg,bonn,1
Stadt Bonn,348 180,1897_03_23_59_0.jpg,bonn,1
Stadt Bonn,348 504,1897_04_03_33_0.jpg,bonn,1
Stadt Bonn,437 905,1883_12_16_32_0.jpg,bonn,1
Stadt Bonn,348.295,1890_02_13_5_0.jpg,bonn,1
Stadt Bonn,348 707,1890_06_18_23_0.jpg,bonn,1
Stadt Bonn,348 508 a,1890_01_01_36_0.jpg,bonn,1
Stadt Bonn,428 079 b,1887_08_13_8_0.jpg,bonn,1
Stadt Bonn,348 430 d,1895_12_14_13_0.jpg,bonn,1
Stadt Bonn,348 526 a,1895_10_25_75_0.jpg,bonn,1
Stadt Bonn,614 154,1895_12_14_16_0.jpg,bonn,1
Stadt Bonn,348 525 a,1895_10_25_74_0.jpg,bonn,1
Stadt Bonn,20 514,1895_05_06_57_0.jpg,bonn,1
Stadt Bonn,20 613,1895_05_07_79_0.jpg,bonn,1
Stadt Bonn,348 849,1895_01_15_52_0.jpg,bonn,1
Stadt Bonn,20 309 a,1940_04_10_18_0.jpg,bonn,1
Stadt Bonn,348 495,1880_03_26_9_0.jpg,bonn,1
Stadt Bonn,348 451 a.u. b,1888_11_02_18_0.jpg,bonn,1
Stadt Bonn,358 454 c,1914_07_15_59_0.jpg,bonn,1
Stadt Bonn,348 581,1929_02_11_10_0.jpg,bonn,1
Stadt Bonn,348 439,1892_11_20_47_0.jpg,bonn,1
Stadt Bonn,348 512,1892_04_08_16_0.jpg,bonn,1
Stadt Bonn,348 546,1892_10_08_13_0.jpg,bonn,1
Stadt Bonn,348 172,1896_10_03_56_0.jpg,bonn,1
Stadt Bonn,348.225,1904_02_03_34_0.jpg,bonn,1
Stadt Bonn,348 508 e,1927_07_20_4_0.jpg,bonn,1
Stadt Bonn,348 854,1906_01_07_24_0.jpg,bonn,1
Stadt Bonn,20 591,1906_03_02_128_0.jpg,bonn,1
Stadt Bonn,612 123,1906_04_07_52_0.jpg,bonn,1
Stadt Bonn,348 629,1901_06_15_61_0.jpg,bonn,1
Stadt Bonn,348 338,1901_03_22_54_0.jpg,bonn,1
Stadt Bonn,20 569,1901_12_23_76_0.jpg,bonn,1
Stadt Bonn,609 955,1898_07_13_76_0.jpg,bonn,1
Stadt Bonn,358 454 a,1898_05_04_62_0.jpg,bonn,1
Stadt Bonn,358 455 a,1898_05_04_61_0.jpg,bonn,1
Stadt Bonn,348 506,1910_11_03_70_0.jpg,bonn,1
Stadt Bonn,615 738,1910_06_10_104_0.jpg,bonn,1
Stadt Bonn,348 511,1919_12_24_62_0.jpg,bonn,1
Stadt Bonn,348 348 a-c,1919_12_24_61_0.jpg,bonn,1
Stadt Bonn,348 482,1919_01_20_67_0.jpg,bonn,1
Stadt Bonn,348 561,1902_10_15_82_0.jpg,bonn,1
Stadt Bonn,618 380 c,1902_05_31_61_0.jpg,bonn,1
Stadt Bonn,348 697,1931_03_04_27_0.jpg,bonn,1
Stadt Bonn,348 706,1909_03_26_57_0.jpg,bonn,1
Stadt Bonn,610 134 b,1949_05_27_2_0.jpg,bonn,1
Stadt Bonn,348 579 c,1949_05_12_2_0.jpg,bonn,1
Stadt Bonn Amt für Wiedergutmachung,716 627,1903_10_30_97_0.jpg,bonn,1
Stadt Bonn Amt für Wiedergutmachung,348 516,1903_09_22_62_0.jpg,bonn,1
Stadt Bonn Amt für Wiedergutmachung,348 809,1903_01_27_5_0.jpg,bonn,1
Stadt Bonn Amt für Wiedergutmachung,20 487,1891_06_03_37_0.jpg,bonn,1
Stadt Bonn Amt für Wiedergutmachung,348 606,1912_08_06_118_0.jpg,bonn,1
Stadt Bonn Amt für Wiedergutmachung,348 567 a,1915_05_29_53_0.jpg,bonn,1
Stadt Bonn Amt für Wiedergutmachung,348 566 a,1915_05_29_52_0.jpg,bonn,1
Stadt Bonn Amt für Wiedergutmachung,348 788,1878_08_01_27_0.jpg,bonn,1
Stadt Bonn Amt für Wiedergutmachung,348 567 b,1911_08_05_87_0.jpg,bonn,1
Stadt Bonn Amt für Wiedergutmachung,348/824,1911_10_20_101_0.jpg,bonn,1
Stadt Bonn Amt für Wiedergutmachung,348 814,1897_01_15_47_0.jpg,bonn,1
Stadt Bonn Amt für Wiedergutmachung,"20 484 a, b u, c",1895_03_08_50_0.jpg,bonn,1
Stadt Bonn Amt für Wiedergutmachung,20 487,1927_01_01_142_0.jpg,bonn,1
Stadt Bonn Amt für Wiedergutmachung,348539,1907_05_07_113_0.jpg,bonn,1
Stadt Bonn Amt für Wiedergutmachung,348 648,1901_10_06_132_0.jpg,bonn,1
Stadt Bonn Amt für Wiedergutmachung,348 811,1902_03_13_21_0.jpg,bonn,1
Stadt Bonn Amt für Wiedergutmachung,348 769,1942_09_30_4_0.jpg,bonn,1
Stadt Bonn Amt für Wiedergutmachung,348 272,1909_01_08_7_0.jpg,bonn,1
Stadt Bonn Amt für Wiedergutmachung (43),20365,1894_06_22_40_0.jpg,bonn,1
"Stadt Bonn, Amt für Wiedergutmachung",348 770,1945_12_07_4_0.jpg,bonn,1
"Stadt Bonn, Amt für Wiedergutmachung (43)",75401,1908_01_29_92_0.jpg,bonn,1
Stadt Chemnitz,45.170,1890_12_11_43_0.jpg,chemnitz,1
Stadt Dessau,213 383,1889_09_05_46_0.jpg,dessau,1
Stadt Dortmund,H.A. 4443 V,1895_04_14_83_0.jpg,dortmund,1
Stadt Dortmund,402 / 25 795,1931_11_09_18_0.jpg,dortmund,1
Stadt Duisburg,3648,1936_11_13_16_0.jpg,duisburg,1
Stadt Essen - Amt für Wiedergutmachung,401 241,1899_03_09_73_0.jpg,essen,1
Stadt Frankfurt,292211,1921_03_25_103_0.jpg,frankfurt,1
Stadt Gelsenkirchen,442434,1937_12_12_7_0.jpg,gelsenkirchen,1
Stadt Gelsenkirchen - Abteilung für Wiedergutmachung,ZK 444 080,1892_01_09_11_0.jpg,gelsenkirchen,1
Stadt HameLN,,1891_10_07_13_0.jpg,hameln,1
Stadt Hameln,,1875_10_19_5_0.jpg,hameln,1
Stadt Hameln,,1884_09_16_14_0.jpg,hameln,1
Stadt Hameln,,1874_11_15_3_0.jpg,hameln,1
Stadt Hameln,,1903_08_08_55_0.jpg,hameln,1
Stadt Hameln,,1903_04_06_118_0.jpg,hameln,1
Stadt Hameln,,1903_03_25_93_0.jpg,hameln,1
Stadt Hameln,Stadt Hameln,1900_09_15_81_0.jpg,hameln,1
Stadt Hameln,,1900_08_17_72_0.jpg,hameln,1
Stadt Hameln,,1900_04_26_116_0.jpg,hameln,1
Stadt Hameln,,1900_07_18_42_0.jpg,hameln,1
Stadt Hameln,,1894_02_05_90_0.jpg,hameln,1
Stadt Hameln,HA 4426 PHA 4478 SIT,1894_09_07_53_0.jpg,hameln,1
Stadt Hameln,,1894_05_19_55_0.jpg,hameln,1
Stadt Hameln,,1894_02_06_54_0.jpg,hameln,1
Stadt Hameln,,1894_09_07_54_0.jpg,hameln,1
Stadt Hameln,,1921_02_06_100_0.jpg,hameln,1
Stadt Hameln,,1920_12_14_127_0.jpg,hameln,1
Stadt Hameln,,1873_10_02_13_0.jpg,hameln,1
Stadt Hameln,,1891_09_19_12_0.jpg,hameln,1
Stadt Hameln,,1891_12_05_28_0.jpg,hameln,1
Stadt Hameln,,1891_06_24_31_0.jpg,hameln,1
Stadt Hameln,,1891_12_03_34_0.jpg,hameln,1
Stadt Hameln,,1912_02_12_5_0.jpg,hameln,1
Stadt Hameln,HR 4230 B,1912_02_12_6_0.jpg,hameln,1
Stadt Hameln,HA 42944,1908_12_06_44_0.jpg,hameln,1
Stadt Hameln,,1908_12_06_45_0.jpg,hameln,1
Stadt Hameln,,1893_05_09_55_0.jpg,hameln,1
Stadt Hameln,,1893_10_14_38_0.jpg,hameln,1
Stadt Hameln,,1893_05_05_77_0.jpg,hameln,1
Stadt Hameln,,1893_01_08_83_0.jpg,hameln,1
Stadt Hameln,HA. 42864,1905_06_30_58_0.jpg,hameln,1
Stadt Hameln,,1905_10_23_65_0.jpg,hameln,1
Stadt Hameln,Stadt Hameln,1905_05_17_22_0.jpg,hameln,1
Stadt Hameln,,1889_10_16_22_0.jpg,hameln,1
Stadt Hameln,,1889_04_08_38_0.jpg,hameln,1
Stadt Hameln,20,1889_11_07_5_0.jpg,hameln,1
Stadt Hameln,,1889_03_15_44_0.jpg,hameln,1
Stadt Hameln,,1889_06_26_11_0.jpg,hameln,1
Stadt Hameln,,1881_04_15_4_0.jpg,hameln,1
Stadt Hameln,,1881_11_11_2_0.jpg,hameln,1
Stadt Hameln,,1881_12_25_25_0.jpg,hameln,1
Stadt Hameln,,1885_11_01_25_0.jpg,hameln,1
Stadt Hameln,,1911_12_06_104_0.jpg,hameln,1
Stadt Hameln,,1897_06_24_35_0.jpg,hameln,1
Stadt Hameln,,1897_01_30_25_0.jpg,hameln,1
Stadt Hameln,,1897_01_15_14_0.jpg,hameln,1
Stadt Hameln,,1897_12_20_74_0.jpg,hameln,1
Stadt Hameln,,1897_10_09_58_0.jpg,hameln,1
Stadt Hameln,,1890_03_09_13_0.jpg,hameln,1
Stadt Hameln,,1887_04_20_49_0.jpg,hameln,1
Stadt Hameln,,1887_12_05_22_0.jpg,hameln,1
Stadt Hameln,,1887_07_25_46_0.jpg,hameln,1
Stadt Hameln,,1895_08_19_11_0.jpg,hameln,1
Stadt Hameln,,1895_09_08_60_0.jpg,hameln,1
Stadt Hameln,,1888_07_03_26_0.jpg,hameln,1
Stadt Hameln,HA 4452,1888_03_07_47_0.jpg,hameln,1
Stadt Hameln,,1899_09_04_57_0.jpg,hameln,1
Stadt Hameln,,1899_01_28_55_0.jpg,hameln,1
Stadt Hameln,,1899_10_21_8_0.jpg,hameln,1
Stadt Hameln,,1899_09_05_94_0.jpg,hameln,1
Stadt Hameln,,1899_01_12_98_0.jpg,hameln,1
Stadt Hameln,,1899_12_21_53_0.jpg,hameln,1
Stadt Hameln,,1886_02_21_49_0.jpg,hameln,1
Stadt Hameln,,1886_03_21_6_0.jpg,hameln,1
Stadt Hameln,,1886_07_05_6_0.jpg,hameln,1
Stadt Hameln,,1886_10_08_66_0.jpg,hameln,1
Stadt Hameln,,1914_10_20_8_0.jpg,hameln,1
Stadt Hameln,,1914_04_23_21_0.jpg,hameln,1
Stadt Hameln,,1914_10_13_60_0.jpg,hameln,1
Stadt Hameln,,1892_01_23_13_0.jpg,hameln,1
Stadt Hameln,HA. 42734 HE 20,1892_11_08_28_0.jpg,hameln,1
Stadt Hameln,,1892_06_19_57_0.jpg,hameln,1
Stadt Hameln,,1892_06_29_56_0.jpg,hameln,1
Stadt Hameln,,1896_02_22_59_0.jpg,hameln,1
Stadt Hameln,,1896_06_24_3_0.jpg,hameln,1
Stadt Hameln,,1896_05_18_29_0.jpg,hameln,1
Stadt Hameln,,1896_06_08_23_0.jpg,hameln,1
Stadt Hameln,,1896_08_07_19_0.jpg,hameln,1
Stadt Hameln,,1896_07_26_63_0.jpg,hameln,1
Stadt Hameln,,1896_07_24_33_0.jpg,hameln,1
Stadt Hameln,,1896_02_26_33_0.jpg,hameln,1
Stadt Hameln,P V 1248-,1904_09_29_47_0.jpg,hameln,1
Stadt Hameln,,1925_10_03_89_0.jpg,hameln,1
Stadt Hameln,,1907_06_03_40_0.jpg,hameln,1
Stadt Hameln,,1907_03_31_58_0.jpg,hameln,1
Stadt Hameln,,1907_03_29_98_0.jpg,hameln,1
Stadt Hameln,HA. 4286 2041,1906_12_23_55_0.jpg,hameln,1
Stadt Hameln,,1906_12_23_54_0.jpg,hameln,1
Stadt Hameln,,1906_04_21_123_0.jpg,hameln,1
Stadt Hameln,,1906_07_27_104_0.jpg,hameln,1
Stadt Hameln,4439,1898_07_02_77_0.jpg,hameln,1
Stadt Hameln,,1898_09_14_98_0.jpg,hameln,1
Stadt Hameln,,1898_07_02_78_0.jpg,hameln,1
Stadt Hameln,,1898_02_09_96_0.jpg,hameln,1
Stadt Hameln,,1898_01_16_70_0.jpg,hameln,1
Stadt Hameln,,1898_05_25_101_0.jpg,hameln,1
Stadt Hameln,H.A. 4418 Sch,1898_02_09_95_0.jpg,hameln,1
Stadt Hameln,,1910_06_05_85_0.jpg,hameln,1
Stadt Hameln,,1913_04_21_43_0.jpg,hameln,1
Stadt Hameln,,1913_02_07_72_0.jpg,hameln,1
Stadt Hameln,,1879_10_13_20_0.jpg,hameln,1
Stadt Hameln,,1902_01_14_39_0.jpg,hameln,1
Stadt Hameln,,1909_02_10_69_0.jpg,hameln,1
Stadt Hameln,,1917_12_29_56_0.jpg,hameln,1
Stadt Hamm (Westf.),165.139,1911_06_22_58_0.jpg,hamm,1
Stadt Hamm (Westf.),165.141,1911_06_22_60_0.jpg,hamm,1
Stadt Hamm (Westf.),165.137,1911_06_22_56_0.jpg,hamm,1
Stadt Hamm (Westf.),165.140,1911_06_22_59_0.jpg,hamm,1
Stadt Landshut,K13822-31-J-Schu.,1931_07_03_49_0.jpg,landshut,1
Stadt Leipzig,213 325,1921_06_17_18_0.jpg,leipzig,1
Stadt Leipzig,211 355,1919_04_21_1_0.jpg,leipzig,1
Stadt Lünen,776 819,1929_07_14_49_0.jpg,lünen,1
Stadt Nürnberg,213 144,1898_01_09_69_0.jpg,nürnberg,1
Stadt Remscheid - Amt für Wiedergutmachung,227 281 a,1903_05_13_32_0.jpg,remscheid,1
Stadt Remscheid - Amt für Wiedergutmachung,4 - 00 861,1898_05_02_97_0.jpg,remscheid,1
Stadt Schleswig,203 346,1878_07_07_6_0.jpg,schleswig,1
Stadt Schwerin,203 731,1906_04_22_17_0.jpg,schwerin,1
Stadt Stadthagen,2/00070,1894_02_05_74_0.jpg,stadthagen,1
Stadt Wuppertal - Amt für Wiedergutmachung,3 01400,1925_10_09_7_0.jpg,wuppertal,1
Stadt des Verwaltungsbezirks Stadthagen,213 308,1902_07_12_18_0.jpg,stadthagen,1
Stadt-Heidelberg,203 847,1913_12_17_41_0.jpg,heidelberg,1
Stadt. Amt. Dresden,461 426,1921_06_03_36_0.jpg,dresden,1
Stadtgemeinde Augsburg,64.311/V/3211,1888_02_17_31_0.jpg,augsburg,1
Stadthagen,2/02424,1900_08_21_93_0.jpg,stadthagen,1
Stadthagen,2/00467,1894_09_28_28_0.jpg,stadthagen,1
Stadthagen,2/01327,1921_04_12_81_0.jpg,stadthagen,1
Stadthagen,2/01207,1920_07_15_229_0.jpg,stadthagen,1
Stadthagen,2/00878,1918_06_07_14_0.jpg,stadthagen,1
Stadthagen,2/01782,1918_12_15_107_0.jpg,stadthagen,1
Stadthagen,2/02483,1908_12_16_88_0.jpg,stadthagen,1
Stadthagen,203 266,1893_10_14_43_0.jpg,stadthagen,1
Stadthagen,2/01053,1905_09_14_66_0.jpg,stadthagen,1
Stadthagen,2/01043,1889_09_15_18_0.jpg,stadthagen,1
Stadthagen,200 157,1881_03_17_20_0.jpg,stadthagen,1
Stadthagen,2/00354,1897_07_09_59_0.jpg,stadthagen,1
Stadthagen,203 806,1890_01_13_17_0.jpg,stadthagen,1
Stadthagen,2/00225,1887_05_28_36_0.jpg,stadthagen,1
Stadthagen,203 771,1895_06_21_47_0.jpg,stadthagen,1
Stadthagen,2/01598,1895_07_19_64_0.jpg,stadthagen,1
Stadthagen,2/00555,1899_02_24_32_0.jpg,stadthagen,1
Stadthagen,2/01048,1899_07_12_59_0.jpg,stadthagen,1
Stadthagen,2/06943,1886_02_24_8_0.jpg,stadthagen,1
Stadthagen,2/01822,1886_04_17_41_0.jpg,stadthagen,1
Stadthagen,2 / 00239,1914_10_23_93_0.jpg,stadthagen,1
Stadthagen,2/02428,1914_08_23_33_0.jpg,stadthagen,1
Stadthagen,2/00885,1896_01_26_36_0.jpg,stadthagen,1
Stadthagen,2/02529,1896_03_22_1_0.jpg,stadthagen,1
Stadthagen,2/02983,1906_02_19_63_0.jpg,stadthagen,1
Stadthagen,214 249,1910_05_28_83_0.jpg,stadthagen,1
Stadthagen,210 921,1910_09_07_92_0.jpg,stadthagen,1
Stadthagen,2/02036,1876_02_06_5_0.jpg,stadthagen,1
Stadthagen,2/00108,1902_09_02_61_0.jpg,stadthagen,1
Stadtscn. Dortmund,91814/VI/7678,1913_02_14_53_0.jpg,dortmund,1
Stadtverwaltung Stadthagen,2 / 00089,1884_12_28_32_0.jpg,stadthagen,1
Stadtverwaltung Stadthagen,2/00162,1916_06_12_43_0.jpg,stadthagen,1
Stadtverwaltung Stadthagen,210 413,1891_05_24_3_0.jpg,stadthagen,1
Stadtverwaltung Stadthagen,2/00968,1915_05_09_9_0.jpg,stadthagen,1
Stadtverwaltung Stadthagen,2/00950,1928_03_13_33_0.jpg,stadthagen,1
Stadtverwaltung Stadthagen,213 102,1890_10_17_28_0.jpg,stadthagen,1
Stadtverwaltung Stadthagen,213 233,1890_10_15_70_0.jpg,stadthagen,1
Stadtverwaltung Stadthagen,203 056,1895_04_30_51_0.jpg,stadthagen,1
Stadtverwaltung Stadthagen,2/02375,1880_01_12_37_0.jpg,stadthagen,1
Stadtverwaltung Stadthagen,2/02375,1880_01_12_36_0.jpg,stadthagen,1
Stadtverwaltung Stadthagen,214 281,1899_01_01_47_0.jpg,stadthagen,1
Stadtverwaltung Stadthagen,2/00812,1896_04_07_11_0.jpg,stadthagen,1
Stadtverwaltung Stadthagen,2/00182,1913_10_26_16_0.jpg,stadthagen,1
Stadtverwaltung Stadthagen,210 148,1919_09_12_18_0.jpg,stadthagen,1
Stadtverwaltung Stadthagen,27 01563,1919_04_04_34_0.jpg,stadthagen,1
Stadtverwaltung Stolberg,213 276,1922_11_05_78_0.jpg,stolberg,1
Stadtverwaltung Wuppertal,29.732 b,1934_04_26_41_0.jpg,wuppertal,1
Stadtverwaltung Wuppertal,29.732 a,1909_07_17_129_0.jpg,wuppertal,1
Starnberg,6202/1/2095,1922_05_13_65_0.jpg,starnberg,1
Stolberg,2/01828,1918_11_28_19_0.jpg,stolberg,1
Stolberg,2/01599,1909_04_15_166_0.jpg,stolberg,1
Stolpe,2 01343,1902_08_04_80_0.jpg,stolpe,1
Strodam an Lauen,269 200,1898_05_01_43_0.jpg,lauen,1
Suhl,220 243,1889_04_22_11_0.jpg,suhl,1
Syke,S 6448 B,1875_11_26_7_0.jpg,syke,1
Syke,562959,1884_07_13_14_0.jpg,syke,1
Syke,Syke,1874_02_11_4_0.jpg,syke,1
Syke,,1874_02_11_6_0.jpg,syke,1
Syke,5576,1894_09_18_42_0.jpg,syke,1
Syke,S 5428 A,1894_01_25_3_0.jpg,syke,1
Syke,36,1894_07_06_3_0.jpg,syke,1
Syke,S 5440 B,1908_06_30_10_0.jpg,syke,1
Syke,15,1893_03_25_14_0.jpg,syke,1
Syke,6397,1893_05_20_36_0.jpg,syke,1
Syke,,1897_09_14_41_0.jpg,syke,1
Syke,St.H. 1925,1883_12_17_9_0.jpg,syke,1
Syke,,1895_12_17_48_0.jpg,syke,1
Syke,Syke,1895_05_06_9_0.jpg,syke,1
Syke,6831,1880_10_31_22_0.jpg,syke,1
Syke,Gr. Bramstedt Nr.1,1880_06_09_21_0.jpg,syke,1
Syke,4,1899_08_24_36_0.jpg,syke,1
Syke,,1914_10_01_34_0.jpg,syke,1
Syke,,1896_11_08_6_0.jpg,syke,1
Syke,5467,1904_09_25_58_0.jpg,syke,1
Syke,3.3.50,1906_05_07_92_0.jpg,syke,1
Syke,Landkreis Gera,1898_09_18_82_0.jpg,syke,1
Syke,Landkreis Graffloppa Syke,1902_12_19_15_0.jpg,syke,1
Syke,S 5496 A,1909_03_02_3_0.jpg,syke,1
"Tannenberg, Willy",4-00 921,1913_11_11_117_0.jpg,tannenberg,1
Troilo Lindenau,123676/14/176,1922_10_12_90_0.jpg,lindenau,1
Träger Koblentz,782 578,1905_10_08_104_0.jpg,koblentz,1
Tröbitz,25 641/VII/6450,1923_03_13_103_0.jpg,tröbitz,1
Tröbitz,48 837/VII/11129,1929_02_02_18_0.jpg,tröbitz,1
Tröglitz,29 909/1/7862,1900_06_16_16_0.jpg,tröglitz,1
URO Frankfurt,A.Z. 7955 (0),1914_11_29_46_0.jpg,frankfurt,1
"URO, 6 Frankfurt/Main, Gruneburgweg 119",517 498,1887_10_09_13_0.jpg,frankfurt,1
"URO, Frankfurt, Gruneburgweg 119",K-00320-84-A-J,1884_04_30_14_0.jpg,frankfurt,1
Uelzen,3.11.52,1908_04_08_68_0.jpg,uelzen,1
Uelzen,28.11.52 / Rk. 12.1.53,1883_06_26_19_0.jpg,uelzen,1
Uelzen,,1899_04_05_82_0.jpg,uelzen,1
Uelzen,,1896_10_29_58_0.jpg,uelzen,1
Uni Marburg,421 126,1895_10_23_9_0.jpg,marburg,1
"United 'estitution Office Frankfurt/Main, Gruneburgweg 119",K-0507-12-A-Go,1912_03_02_48_0.jpg,frankfurt,1
"United Restit. Office, Frankfurt",21829,1885_00_00_129_0.jpg,frankfurt,1
"United Restitution Office - Frankfurt/Main, Gruneburgweg 119",K-04741-13-A-He,1913_02_07_50_0.jpg,frankfurt,1
United Restitution Office Frankfurt,K-05025-03-A-Ab,1903_03_15_3_0.jpg,frankfurt,1
United Restitution Office Frankfurt/M.,K-03087-08-A-Ka,1908_05_02_60_0.jpg,frankfurt,1
United Restitution Office Frankfurt/M. Grünburgweg 119,K-06393-08-A-Ju.,1908_11_21_54_0.jpg,frankfurt,1
"United Restitution Office Frankfurt/M., Grünburgweg 119",K-03083-17-A-Me,1917_02_25_36_0.jpg,frankfurt,1
United Restitution Office Frankfurt/Main,K-00285-90-A-Wal,1890_05_08_44_0.jpg,frankfurt,1
United Restitution Office Frankfurt/Main,K-00005-95-A-Ba,1895_07_18_3_0.jpg,frankfurt,1
United Restitution Office Frankfurt/Main,K-06371-02-A-Ka,1902_11_18_38_0.jpg,frankfurt,1
"United Restitution Office Frankfurt/Main, Gruneburgweg 119",K-04371-01-A_Ba,1901_07_30_5_0.jpg,frankfurt,1
"United Restitution Office Frankfurt/Main, Grüneburgeweg 119",K-00113-76-A-Ka,1876_12_23_9_0.jpg,frankfurt,1
"United Restitution Office Frankfurt/Main, Grüneburgweg 119",I/7 K-04643-97-A-Schu,1897_03_17_90_0.jpg,frankfurt,1
United Restitution Office in Frankfurt am Main,K-04354-20-A-Bie.,1920_05_20_33_0.jpg,frankfurt,1
"United Restitution Office, Frankfurt",52354,1939_01_20_14_0.jpg,frankfurt,1
"United Restitution Office, Frankfurt",25002,1916_01_25_6_0.jpg,frankfurt,1
"United Restitution Office, Frankfurt",25617,1916_04_00_3_0.jpg,frankfurt,1
"United Restitution Office, Frankfurt",K-04291-12-A-Ste.,1912_07_19_74_0.jpg,frankfurt,1
"United Restitution Office, Frankfurt",52327,1915_07_15_222_0.jpg,frankfurt,1
"United Restitution Office, Frankfurt",K-01259-23-A-Da,1923_11_10_18_0.jpg,frankfurt,1
"United Restitution Office, Frankfurt",52311,1940_07_21_6_0.jpg,frankfurt,1
"United Restitution Office, Frankfurt",52337,1929_06_15_18_0.jpg,frankfurt,1
"United Restitution Office, Frankfurt",52333,1896_06_21_37_0.jpg,frankfurt,1
"United Restitution Office, Frankfurt",52356,1927_12_23_55_0.jpg,frankfurt,1
"United Restitution Office, Frankfurt",25087,1927_01_01_167_0.jpg,frankfurt,1
"United Restitution Office, Frankfurt",52368,1927_05_24_12_0.jpg,frankfurt,1
"United Restitution Office, Frankfurt",25727,1927_05_22_15_0.jpg,frankfurt,1
"United Restitution Office, Frankfurt",52352,1927_06_29_48_0.jpg,frankfurt,1
"United Restitution Office, Frankfurt",25613,1925_12_22_7_0.jpg,frankfurt,1
"United Restitution Office, Frankfurt",25735,1898_00_00_295_0.jpg,frankfurt,1
"United Restitution Office, Frankfurt",706361 (25612),1913_03_21_15_0.jpg,frankfurt,1
"United Restitution Office, Frankfurt",52366,1931_02_20_10_0.jpg,frankfurt,1
"United Restitution Office, Frankfurt",25092,1917_03_03_47_0.jpg,frankfurt,1
"United Restitution Office, Frankfurt (M)",D/13486/22/A/Gold.,1912_12_10_36_0.jpg,frankfurt,1
"United Restitution Office, Frankfurt (M)",D/15676/06/A/DP/Ba,1906_10_09_6_0.jpg,frankfurt,1
"United Restitution Office, Frankfurt (M), Grünburgweg 119",D/15252/15/A/DP/Gruen.,1915_02_15_94_0.jpg,frankfurt,1
"United Restitution Office, Frankfurt (M)., Gruneburgweg 119",I/13501/77/A/Gott.,1877_10_11_2_0.jpg,frankfurt,1
"United Restitution Office, Frankfurt (Main), Grineburgweg 119",D/13469/28/A/Glück,1928_08_09_34_0.jpg,frankfurt,1
"United Restitution Office, Frankfurt (Main), Grineburgweg 119",D/13289/28/A/DP/Os.,1928_06_28_56_0.jpg,frankfurt,1
"United Restitution Office, Frankfurt (Main), Grünburgweg 119",D/15682/21/A/DP/A1,1921_01_30_5_0.jpg,frankfurt,1
"United Restitution Office, Frankfurt / Main, Grüneburgweg 119",K-09040-95-A-He,1895_04_26_32_0.jpg,frankfurt,1
"United Restitution Office, Frankfurt a.M.",K-04327-19-A-Wo,1919_12_24_137_0.jpg,frankfurt,1
"United Restitution Office, Frankfurt am Main",K-05198-96-A-Loe.,1896_04_23_33_0.jpg,frankfurt,1
"United Restitution Office, Frankfurt am Main",K-04402-13-A-Go,1913_03_25_37_0.jpg,frankfurt,1
"United Restitution Office, Frankfurt am Main, Gruneburgweg 119",K-01402-99-A-Ko,1899_04_11_49_0.jpg,frankfurt,1
"United Restitution Office, Frankfurt am Main, Gruneburgweg 119",I-04475-04-1-10,1904_11_14_55_0.jpg,frankfurt,1
"United Restitution Office, Frankfurt am Main, Gruneburgweg 119",K-02269-27-A-Stei.,1927_08_05_75_0.jpg,frankfurt,1
"United Restitution Office, Frankfurt am Main, Gruneburgweg 119",K-06552-17-A-Wi,1917_07_17_119_0.jpg,frankfurt,1
"United Restitution Office, Frankfurt am Main, Grünburgweg 119",K-01950-20-A-Mo,1920_05_02_107_0.jpg,frankfurt,1
"United Restitution Office, Frankfurt am Main, Grünburgweg 119",K-04264-12-A-P1,1912_02_15_102_0.jpg,frankfurt,1
"United Restitution Office, Frankfurt am Main, Grünburgweg 119",K-04210-97-A-A1,1897_07_19_3_0.jpg,frankfurt,1
"United Restitution Office, Frankfurt am Main, Grünburgweg 119",K-00003-95-A-Ad,1895_04_30_4_0.jpg,frankfurt,1
"United Restitution Office, Frankfurt am Main, Grünburgweg 119",K-04092-04-A-Ka,1904_05_25_45_0.jpg,frankfurt,1
"United Restitution Office, Frankfurt am Main, Grüneburgweg 119",K-01166-12-A-7e1,1912_07_20_112_0.jpg,frankfurt,1
"United Restitution Office, Frankfurt am Main, Grüneburgweg 119",K-09153-93-A-Gr,1893_05_21_20_0.jpg,frankfurt,1
"United Restitution Office, Frankfurt am Main, Grüneburgweg 119",K-00141-90-Ash.,1890_08_01_1_0.jpg,frankfurt,1
"United Restitution Office, Frankfurt(M), Gruneburgweg 119",D/17695/15/A/DP/Ce,1915_12_14_17_0.jpg,frankfurt,1
"United Restitution Office, Frankfurt, Gruneburgweg 119",K-06102-05-A-Ka,1905_12_13_46_0.jpg,frankfurt,1
"United Restitution Office, Frankfurt/All, Grüneburgweg 119",E-02052-09-1-Le,1909_04_09_70_0.jpg,frankfurt,1
"United Restitution Office, Frankfurt/M",K-00373-82-A-B1,1882_06_25_3_0.jpg,frankfurt,1
"United Restitution Office, Frankfurt/M, Gruneburgweg 119",K-05054-16-A-Lo,1916_01_24_35_0.jpg,frankfurt,1
"United Restitution Office, Frankfurt/M, Gruneburgweg 119",K-00002-80-A-Ad.,1880_01_01_1_0.jpg,frankfurt,1
"United Restitution Office, Frankfurt/M, Gruneburgweg 119",K-04260-10-A-Hei.,1910_10_05_53_0.jpg,frankfurt,1
"United Restitution Office, Frankfurt/M, Grünburgweg 119",K-00206-78-A-P1,1878_12_27_10_0.jpg,frankfurt,1
"United Restitution Office, Frankfurt/M, Grünburgweg 119",K-00386-80-1,1880_07_16_8_0.jpg,frankfurt,1
"United Restitution Office, Frankfurt/M, Grünburgweg 119",K-03108-10-A-Fr,1910_10_15_58_0.jpg,frankfurt,1
"United Restitution Office, Frankfurt/M, Grünburgweg 119",K-04337-19-A-Schr.,1919_12_21_93_0.jpg,frankfurt,1
"United Restitution Office, Frankfurt/M, Grünburgweg 119",K-05022-17-1-Me,1917_02_25_37_0.jpg,frankfurt,1
"United Restitution Office, Frankfurt/M, Grünwaldstraße 119",K-00188-86-1,1886_05_11_30_0.jpg,frankfurt,1
"United Restitution Office, Frankfurt/M, Grünwaldweg 119",K-02441-11-A-Lö,1911_01_07_63_0.jpg,frankfurt,1
"United Restitution Office, Frankfurt/M.",K-01302-00-A-Ro,1900_01_03_65_0.jpg,frankfurt,1
"United Restitution Office, Frankfurt/M.",K-01138-08-1-00,1908_01_26_70_0.jpg,frankfurt,1
"United Restitution Office, Frankfurt/M.",K-01133-26-A-Schr.,1926_05_01_169_0.jpg,frankfurt,1
"United Restitution Office, Frankfurt/M.",K-00683-78-A-Hei.,1878_01_21_13_0.jpg,frankfurt,1
"United Restitution Office, Frankfurt/M.",K-00339-78-A-Dav.,1878_09_05_3_0.jpg,frankfurt,1
"United Restitution Office, Frankfurt/M.",K-00120-85-A-Ka.,1885_06_14_18_0.jpg,frankfurt,1
"United Restitution Office, Frankfurt/M.",K-00156-85-A-Lei.,1885_10_01_30_0.jpg,frankfurt,1
"United Restitution Office, Frankfurt/M.",I-00434-85-A-Lo1,1885_10_01_29_0.jpg,frankfurt,1
"United Restitution Office, Frankfurt/M.",K-04072-11-A-Hei,1911_09_07_45_0.jpg,frankfurt,1
"United Restitution Office, Frankfurt/M.",K-00678-86-A-St.,1886_05_07_32_0.jpg,frankfurt,1
"United Restitution Office, Frankfurt/M.",K-09154-92-A-Gr.,1892_02_15_19_0.jpg,frankfurt,1
"United Restitution Office, Frankfurt/M.",Km02078-25A-Sohn,1925_02_11_70_0.jpg,frankfurt,1
"United Restitution Office, Frankfurt/M.",K-04378-13-1-Le,1913_04_09_48_0.jpg,frankfurt,1
"United Restitution Office, Frankfurt/M.",K-03096-30-A-Le,1930_02_07_45_0.jpg,frankfurt,1
"United Restitution Office, Frankfurt/M.",K-02349-31-A-Spei.,1931_10_09_28_0.jpg,frankfurt,1
"United Restitution Office, Frankfurt/M. Gruneburgweg 119",I/7 K-01604-23-A-Bu.,1923_03_03_28_0.jpg,frankfurt,1
"United Restitution Office, Frankfurt/M. Grünburgweg 119",K-09206-94-A-Schm.,1894_09_02_57_0.jpg,frankfurt,1
"United Restitution Office, Frankfurt/M. Grünburgweg 119",K-03085-21-A-Hei.,1921_07_04_36_0.jpg,frankfurt,1
"United Restitution Office, Frankfurt/M. Grünburgweg 119",K-00245-85-A-Schi.,1885_12_20_28_0.jpg,frankfurt,1
"United Restitution Office, Frankfurt/M. Grünburgweg 119",K-04353-98-A.Fra.,1888_01_04_11_0.jpg,frankfurt,1
"United Restitution Office, Frankfurt/M. Grünburgweg 119",K-04466-14-A-Sue.,1914_09_14_142_0.jpg,frankfurt,1
"United Restitution Office, Frankfurt/M. Grünburgweg 119",K-03058-09-A-Ha,1909_03_30_27_0.jpg,frankfurt,1
"United Restitution Office, Frankfurt/M. Grünburgweg 119",K-0640-09-A-Ru.,1909_06_17_62_0.jpg,frankfurt,1
"United Restitution Office, Frankfurt/M. Grüneburgweg 119",K-00370-95-A-Zi,1895_11_22_79_0.jpg,frankfurt,1
"United Restitution Office, Frankfurt/M. Grüneburgweg 119",K-04740-13-A-Hs.,1913_02_07_51_0.jpg,frankfurt,1
"United Restitution Office, Frankfurt/M. Grüneburgweg 119",I/7 K-09035-79-A-Fr.,1879_12_23_8_0.jpg,frankfurt,1
"United Restitution Office, Frankfurt/M. m Grünburgweg 119",K-00338-95-A-Dav.,1895_06_01_26_0.jpg,frankfurt,1
"United Restitution Office, Frankfurt/M., Greeneburgweg 119",K-02035-18-A-Ar,1918_01_18_8_0.jpg,frankfurt,1
"United Restitution Office, Frankfurt/M., Grimburgweg 119",E-04615-13-A-Ad,1913_08_30_4_0.jpg,frankfurt,1
"United Restitution Office, Frankfurt/M., Grineburgweg 119",K-04770-00-A-Ste.,1900_09_07_95_0.jpg,frankfurt,1
"United Restitution Office, Frankfurt/M., Grueneburgweg 119",K-00259-75-A-Ste.,1875_01_11_9_0.jpg,frankfurt,1
"United Restitution Office, Frankfurt/M., Grunburgweg 119",K-06027-09-A-Le,1909_12_10_75_0.jpg,frankfurt,1
"United Restitution Office, Frankfurt/M., Gruneburgweg 119",K-06562-03-A-Fi,1903_06_30_23_0.jpg,frankfurt,1
"United Restitution Office, Frankfurt/M., Gruneburgweg 119",K-04694-21-A-Fr.,1921_02_17_29_0.jpg,frankfurt,1
"United Restitution Office, Frankfurt/M., Gruneburgweg 119",K-04360-21-A-Gu,1921_09_19_49_0.jpg,frankfurt,1
"United Restitution Office, Frankfurt/M., Gruneburgweg 119",K-04121-12-A-Hei.,1912_02_05_56_0.jpg,frankfurt,1
"United Restitution Office, Frankfurt/M., Gruneburgweg 119",K-03082-12-A-K1,1912_06_23_58_0.jpg,frankfurt,1
"United Restitution Office, Frankfurt/M., Gruneburgweg 119",K-04628-12-A-Po.,1912_07_30_57_0.jpg,frankfurt,1
"United Restitution Office, Frankfurt/M., Gruneburgweg 119",K-04003-15-A-We,1915_07_03_84_0.jpg,frankfurt,1
"United Restitution Office, Frankfurt/M., Gruneburgweg 119",K-00118-93-A-Ka,1893_02_06_32_0.jpg,frankfurt,1
"United Restitution Office, Frankfurt/M., Gruneburgweg 119",K-00443-78-A-Bu,1878_07_09_3_0.jpg,frankfurt,1
"United Restitution Office, Frankfurt/M., Gruneburgweg 119",K-00106-81-A-Ka,1881_01_14_20_0.jpg,frankfurt,1
"United Restitution Office, Frankfurt/M., Gruneburgweg 119",K-01217-11-A-Se.,1911_07_23_74_0.jpg,frankfurt,1
"United Restitution Office, Frankfurt/M., Gruneburgweg 119",K-o342-90-A-Grue.,1890_05_31_17_0.jpg,frankfurt,1
"United Restitution Office, Frankfurt/M., Gruneburgweg 119",K-00439-86-A-Ka.,1886_03_03_31_0.jpg,frankfurt,1
"United Restitution Office, Frankfurt/M., Gruneburgweg 119",K-01177-96-A-Ka,1896_02_15_57_0.jpg,frankfurt,1
"United Restitution Office, Frankfurt/M., Gruneburgweg 119",K-02282-04-A-Am.,1904_10_17_5_0.jpg,frankfurt,1
"United Restitution Office, Frankfurt/M., Gruneburgweg 119",R-04413-07-1-10,1907_03_11_53_0.jpg,frankfurt,1
"United Restitution Office, Frankfurt/M., Gruneburgweg 119",K-02233-07-A-Op.,1907_10_06_85_0.jpg,frankfurt,1
"United Restitution Office, Frankfurt/M., Gruneburgweg 119",K-02203-01-A-Lc,1901_01_02_54_0.jpg,frankfurt,1
"United Restitution Office, Frankfurt/M., Grunenburgerweg 119",K-00676-76-A-Br.,1876_06_04_3_0.jpg,frankfurt,1
"United Restitution Office, Frankfurt/M., Grunenburgweg 119",K-04065-21-A-Sue.,1921_09_09_113_0.jpg,frankfurt,1
"United Restitution Office, Frankfurt/M., Gräfstrasse 119",K-00454-85-A-Str.,1885_11_15_67_0.jpg,frankfurt,1
"United Restitution Office, Frankfurt/M., Grünburgweg 119",K-05053-16-A-Lo,1916_01_24_33_0.jpg,frankfurt,1
"United Restitution Office, Frankfurt/M., Grünburgweg 119",K-02281-00-A-Am,1900_10_24_3_0.jpg,frankfurt,1
"United Restitution Office, Frankfurt/M., Grünburgweg 119",K-01258-22-A-Ka,1922_11_01_49_0.jpg,frankfurt,1
"United Restitution Office, Frankfurt/M., Grünburgweg 119",K-02040-21-A-Sue.,1921_09_09_112_0.jpg,frankfurt,1
"United Restitution Office, Frankfurt/M., Grünburgweg 119",K-04207-12-A-Spie.,1912_06_26_102_0.jpg,frankfurt,1
"United Restitution Office, Frankfurt/M., Grünburgweg 119",K-04122-12-A-Hei.,1912_02_05_55_0.jpg,frankfurt,1
"United Restitution Office, Frankfurt/M., Grünburgweg 119",K-04016-12-A-Schu.,1912_11_14_101_0.jpg,frankfurt,1
"United Restitution Office, Frankfurt/M., Grünburgweg 119",K-00161-93-A-Le,1893_12_02_41_0.jpg,frankfurt,1
"United Restitution Office, Frankfurt/M., Grünburgweg 119",K-00295-81-1-Le,1881_03_10_17_0.jpg,frankfurt,1
"United Restitution Office, Frankfurt/M., Grünburgweg 119",K-05082-23-A-Op,1923_11_16_60_0.jpg,frankfurt,1
"United Restitution Office, Frankfurt/M., Grünburgweg 119",K-04591-11-A-Ba,1911_01_17_7_0.jpg,frankfurt,1
"United Restitution Office, Frankfurt/M., Grünburgweg 119",K-04393-99-A-L,1899_05_20_80_0.jpg,frankfurt,1
"United Restitution Office, Frankfurt/M., Grünburgweg 119",K-05051-14-A-Ad,1914_03_25_2_0.jpg,frankfurt,1
"United Restitution Office, Frankfurt/M., Grünburgweg 119",K-04218-29-A-Gu,1929_10_16_10_0.jpg,frankfurt,1
"United Restitution Office, Frankfurt/M., Grünburgweg 119",K-00200-77-A-P1,1877_05_28_14_0.jpg,frankfurt,1
"United Restitution Office, Frankfurt/M., Grünburgweg 119",K-04381-04-A-Ka,1904_07_18_56_0.jpg,frankfurt,1
"United Restitution Office, Frankfurt/M., Grünburgweg 119",K-06526-07-A-Ka,1907_06_23_50_0.jpg,frankfurt,1
"United Restitution Office, Frankfurt/M., Grünburgweg 119",K-04350-06-A-A1,1906_09_15_2_0.jpg,frankfurt,1
"United Restitution Office, Frankfurt/M., Grünburgweg 119",K-05020-06-A-Spi,1906_07_30_62_0.jpg,frankfurt,1
"United Restitution Office, Frankfurt/M., Grünburgweg 119",I/7 K-02254-06-A-Ka.,1906_03_17_70_0.jpg,frankfurt,1
"United Restitution Office, Frankfurt/M., Grünburgweg 119",E-01137-13-1-00,1913_06_18_76_0.jpg,frankfurt,1
"United Restitution Office, Frankfurt/M., Grüneburgweg 119",K-00356-75-A-Ap,1875_06_23_2_0.jpg,frankfurt,1
"United Restitution Office, Frankfurt/M., Grüneburgweg 119",K-02494-15-A-Mo,1915_01_28_79_0.jpg,frankfurt,1
"United Restitution Office, Frankfurt/M., Grüneburgweg 119",K-00458-93-A-Lo,1893_06_10_54_0.jpg,frankfurt,1
"United Restitution Office, Frankfurt/M., Grüneburgweg 119",K-03099-14-A-Su,1914_09_14_141_0.jpg,frankfurt,1
"United Restitution Office, Frankfurt/M., Grüneburgweg 119",K-02283-29-A-Am,1929_09_26_1_0.jpg,frankfurt,1
"United Restitution Office, Frankfurt/M., Grüneburgweg 119",K-06012-96-A-Gol,1896_08_24_22_0.jpg,frankfurt,1
"United Restitution Office, Frankfurt/M., Grüneburgweg 119",K-01963-07-J-Kö.,1907_12_10_56_0.jpg,frankfurt,1
"United Restitution Office, Frankfurt/M., Grüneburgweg 119",K-04634-01-A-Pl.,1901_11_08_80_0.jpg,frankfurt,1
"United Restitution Office, Frankfurt/M., Grüneburgweg 119",K-02485-19-A-K1,1919_12_08_79_0.jpg,frankfurt,1
"United Restitution Office, Frankfurt/M., Grüneburgweg 119",K-02485-19-A-K1,1919_12_08_Neu_79_0.jpg,frankfurt,1
"United Restitution Office, Frankfurt/M., Grüneburgweg 119",K-00436-79-A-Ka,1879_06_15_7_0.jpg,frankfurt,1
"United Restitution Office, Frankfurt/M., Grüneburgweg 119",K-00435-79-A-Ka,1879_06_15_8_0.jpg,frankfurt,1
"United Restitution Office, Frankfurt/M., Grüneburgweg 119",K-01231-31-A-Go,1931_09_24_22_0.jpg,frankfurt,1
"United Restitution Office, Frankfurt/M., Grüneburgweg 119",K-01231-31-A-Go,1931_09_24_19_0.jpg,frankfurt,1
"United Restitution Office, Frankfurt/M., Grüneburgweg 119",K-04286-17-A-Schn.,1917_10_20_80_0.jpg,frankfurt,1
"United Restitution Office, Frankfurt/M., Grünheubergweg 119",K-04251-04-A-Ro.,1904_07_05_81_0.jpg,frankfurt,1
"United Restitution Office, Frankfurt/Main",K-08009-03-A-Str. alt,1903_11_09_91_0.jpg,frankfurt,1
"United Restitution Office, Frankfurt/Main",K-09670-90-A-Se,1890_06_30_34_0.jpg,frankfurt,1
"United Restitution Office, Frankfurt/Main",K-01003-95-A-He,1895_04_26_31_0.jpg,frankfurt,1
"United Restitution Office, Frankfurt/Main",I/7 K-04635-14-A-We.,1914_12_02_95_0.jpg,frankfurt,1
"United Restitution Office, Frankfurt/Main",K-04129-10-A-Vo.,1910_09_24_97_0.jpg,frankfurt,1
"United Restitution Office, Frankfurt/Main, Bruneburgweg 119",K-04376-14-A-Jue.,1914_06_27_44_0.jpg,frankfurt,1
"United Restitution Office, Frankfurt/Main, Bruneburgweg 119",K-00107-76-A-Ka,1876_10_13_8_0.jpg,frankfurt,1
"United Restitution Office, Frankfurt/Main, Brüningweg 119",K-04457-14-A-Str. alt,1914_03_04_113_0.jpg,frankfurt,1
"United Restitution Office, Frankfurt/Main, Gruneburgweg 119",K-00994-75-A-P1,1875_09_24_14_0.jpg,frankfurt,1
"United Restitution Office, Frankfurt/Main, Gruneburgweg 119",K-00266-84-A-Str.alt,1884_09_05_28_0.jpg,frankfurt,1
"United Restitution Office, Frankfurt/Main, Gruneburgweg 119",K-02178-16-A-Phi,1916_05_02_68_0.jpg,frankfurt,1
"United Restitution Office, Frankfurt/Main, Gruneburgweg 119",K-00457-74-A-Ha.,1874_09_14_7_0.jpg,frankfurt,1
"United Restitution Office, Frankfurt/Main, Gruneburgweg 119",K-09316-94-A-Ste.,1894_08_19_45_0.jpg,frankfurt,1
"United Restitution Office, Frankfurt/Main, Gruneburgweg 119",K-02031-21-A-Fre.,1921_02_17_28_0.jpg,frankfurt,1
"United Restitution Office, Frankfurt/Main, Gruneburgweg 119",K-00125-73-A-He,1873_07_20_2_0.jpg,frankfurt,1
"United Restitution Office, Frankfurt/Main, Gruneburgweg 119",K-04487-08-A-Wer,1908_10_18_85_0.jpg,frankfurt,1
"United Restitution Office, Frankfurt/Main, Gruneburgweg 119",K-04138-05-A-Ro,1905_11_22_90_0.jpg,frankfurt,1
"United Restitution Office, Frankfurt/Main, Gruneburgweg 119",K-00405-83-A-Wei.,1883_10_11_28_0.jpg,frankfurt,1
"United Restitution Office, Frankfurt/Main, Gruneburgweg 119",K-00168-83-A-Ma,1883_03_25_25_0.jpg,frankfurt,1
"United Restitution Office, Frankfurt/Main, Gruneburgweg 119",K-09705-87-A-Nu,1887_11_30_31_0.jpg,frankfurt,1
"United Restitution Office, Frankfurt/Main, Gruneburgweg 119",K-00308-80-A-Wer,1880_06_08_21_0.jpg,frankfurt,1
"United Restitution Office, Frankfurt/Main, Gruneburgweg 119",K-00629-88-A-Ett.,1888_03_03_8_0.jpg,frankfurt,1
"United Restitution Office, Frankfurt/Main, Gruneburgweg 119",K-01027-99-A-Stein.,1899_01_10_117_0.jpg,frankfurt,1
"United Restitution Office, Frankfurt/Main, Gruneburgweg 119",K-04631-14-A-Go,1914_12_24_37_0.jpg,frankfurt,1
"United Restitution Office, Frankfurt/Main, Gruneburgweg 119",K-02270-96-A-Hi,1896_06_20_46_0.jpg,frankfurt,1
"United Restitution Office, Frankfurt/Main, Gruneburgweg 119",K-06399-04-A-Go,1904_01_14_34_0.jpg,frankfurt,1
"United Restitution Office, Frankfurt/Main, Gruneburgweg 119",K-01561-27-A-Ni,1927_04_30_52_0.jpg,frankfurt,1
"United Restitution Office, Frankfurt/Main, Gruneburgweg 119",K-06331-07-A-Le,1907_05_11_49_0.jpg,frankfurt,1
"United Restitution Office, Frankfurt/Main, Gruneburgweg 119",K-04115-01-A-Ha,1901_04_04_41_0.jpg,frankfurt,1
"United Restitution Office, Frankfurt/Main, Gruneburgweg 119",K-04112-10-A-Ja,1910_07_26_42_0.jpg,frankfurt,1
"United Restitution Office, Frankfurt/Main, Gruneburgweg 119",K-09683-76-A-Ka,1876_03_30_7_0.jpg,frankfurt,1
"United Restitution Office, Frankfurt/Main, Gruneburgweg 119",K-05028-13-A-He,1913_10_09_26_0.jpg,frankfurt,1
"United Restitution Office, Frankfurt/Main, Gruneburgweg 119",K-0630-02-A-Be,1902_04_26_6_0.jpg,frankfurt,1
"United Restitution Office, Frankfurt/Main, Gruneburgweg 119",K-04379-17-A-Ki,1917_05_10_88_0.jpg,frankfurt,1
"United Restitution Office, Frankfurt/Main, Grunenburgweg 119",K-02017-23-A-Mey.,1923_01_10_87_0.jpg,frankfurt,1
"United Restitution Office, Frankfurt/Main, Grunenburgweg 119",K-01751-31-A-Speil.,1931_10_09_29_0.jpg,frankfurt,1
"United Restitution Office, Frankfurt/Main, Grünburgweg 119",K-03001-20-A-Mo,1920_05_02_106_0.jpg,frankfurt,1
"United Restitution Office, Frankfurt/Main, Grünburgweg 119",K-01358-20-A-Et,1920_10_09_20_0.jpg,frankfurt,1
"United Restitution Office, Frankfurt/Main, Grünburgweg 119",K-04017-15-A-Go,1915_11_27_28_0.jpg,frankfurt,1
"United Restitution Office, Frankfurt/Main, Grünburgweg 119",K-01241-28-A_L8w,1928_01_21_45_0.jpg,frankfurt,1
"United Restitution Office, Frankfurt/Main, Grünburgweg 119",I/7 K-09010-89-A-Schoe.,1889_01_22_59_0.jpg,frankfurt,1
"United Restitution Office, Frankfurt/Main, Grünburgweg 119",I/7 K-04642-97-A-Schu.,1897_03_17_91_0.jpg,frankfurt,1
"United Restitution Office, Frankfurt/Main, Grünburgweg 119",K-04484-04-A-Wer,1904_07_06_97_0.jpg,frankfurt,1
"United Restitution Office, Frankfurt/Main, Grünburgweg 119",K-05233-07-A-Ka,1907_08_30_56_0.jpg,frankfurt,1
"United Restitution Office, Frankfurt/Main, Grüneburgerweg 119",K-00291-88-A-Wei.,1888_02_12_47_0.jpg,frankfurt,1
"United Restitution Office, Frankfurt/Main, Grüneburgweg 119",K-00185-75-A-Nu,1875_09_30_7_0.jpg,frankfurt,1
"United Restitution Office, Frankfurt/Main, Grüneburgweg 119",K-00186-75-A-Nu,1875_09_30_8_0.jpg,frankfurt,1
"United Restitution Office, Frankfurt/Main, Grüneburgweg 119",K-00970-84-A-Ka,1884_12_03_17_0.jpg,frankfurt,1
"United Restitution Office, Frankfurt/Main, Grüneburgweg 119",K-o8009-o3-A-Str.,1903_11_09_92_0.jpg,frankfurt,1
"United Restitution Office, Frankfurt/Main, Grüneburgweg 119",K-04490-03-A-Str.,1903_11_09_93_0.jpg,frankfurt,1
"United Restitution Office, Frankfurt/Main, Grüneburgweg 119",K-04490-03-A-Str.,1903_11_09_94_0.jpg,frankfurt,1
"United Restitution Office, Frankfurt/Main, Grüneburgweg 119",K-09666-03-A-Ab,1903_03_15_4_0.jpg,frankfurt,1
"United Restitution Office, Frankfurt/Main, Grüneburgweg 119",K-04296-03-A-Sch,1903_05_19_81_0.jpg,frankfurt,1
"United Restitution Office, Frankfurt/Main, Grüneburgweg 119",K-03026-22-A-Ka.,1922_11_01_48_0.jpg,frankfurt,1
"United Restitution Office, Frankfurt/Main, Grüneburgweg 119",K-09268-94-A-We.,1894_09_09_65_0.jpg,frankfurt,1
"United Restitution Office, Frankfurt/Main, Grüneburgweg 119",K-04377-21-A-Jue.,1921_04_14_66_0.jpg,frankfurt,1
"United Restitution Office, Frankfurt/Main, Grüneburgweg 119",K-06339-20-A-Ha,1920_06_21_34_0.jpg,frankfurt,1
"United Restitution Office, Frankfurt/Main, Grüneburgweg 119",K-01130-20-A-Ja,1920_11_13_40_0.jpg,frankfurt,1
"United Restitution Office, Frankfurt/Main, Grüneburgweg 119",I/7 K. 04670-18-A-Ha.,1918_04_24_28_0.jpg,frankfurt,1
"United Restitution Office, Frankfurt/Main, Grüneburgweg 119",I/7 K-04671-18-A-Ha,1918_04_24_27_0.jpg,frankfurt,1
"United Restitution Office, Frankfurt/Main, Grüneburgweg 119",I/7 K-00977-73-A-Wo.,1873_04_11_11_0.jpg,frankfurt,1
"United Restitution Office, Frankfurt/Main, Grüneburgweg 119",K-00050-91-A-Fr.,1891_08_15_28_0.jpg,frankfurt,1
"United Restitution Office, Frankfurt/Main, Grüneburgweg 119",K-04250-08-A-Ro,1908_11_26_77_0.jpg,frankfurt,1
"United Restitution Office, Frankfurt/Main, Grüneburgweg 119",K-06023-08-A-We,1908_10_18_84_0.jpg,frankfurt,1
"United Restitution Office, Frankfurt/Main, Grüneburgweg 119",K-03060-15-A-Wi,1915_07_17_98_0.jpg,frankfurt,1
"United Restitution Office, Frankfurt/Main, Grüneburgweg 119",K-01567-15-A-B1,1915_05_16_5_0.jpg,frankfurt,1
"United Restitution Office, Frankfurt/Main, Grüneburgweg 119",K-06090-15-A-We,1915_01_26_86_0.jpg,frankfurt,1
"United Restitution Office, Frankfurt/Main, Grüneburgweg 119",K-00222-93-A-Ro,1893_09_03_46_0.jpg,frankfurt,1
"United Restitution Office, Frankfurt/Main, Grüneburgweg 119",K-00345-89-A-Nus,1889_10_17_37_0.jpg,frankfurt,1
"United Restitution Office, Frankfurt/Main, Grüneburgweg 119",K-00971-81-A-Ka,1881_03_11_15_0.jpg,frankfurt,1
"United Restitution Office, Frankfurt/Main, Grüneburgweg 119",K-00971-81-A-Ka,1881_03_11_16_0.jpg,frankfurt,1
"United Restitution Office, Frankfurt/Main, Grüneburgweg 119",I/7 K-06343-11-A-P1,1911_09_27_57_0.jpg,frankfurt,1
"United Restitution Office, Frankfurt/Main, Grüneburgweg 119",K-00249-83-A-Wei.,1883_10_11_29_0.jpg,frankfurt,1
"United Restitution Office, Frankfurt/Main, Grüneburgweg 119",K-00849-90-A-Ba,1890_07_30_5_0.jpg,frankfurt,1
"United Restitution Office, Frankfurt/Main, Grüneburgweg 119",K-00960-72-A-Ba,1872_04_04_1_0.jpg,frankfurt,1
"United Restitution Office, Frankfurt/Main, Grüneburgweg 119",K-00639-92-A-Wa,1892_05_28_35_0.jpg,frankfurt,1
"United Restitution Office, Frankfurt/Main, Grüneburgweg 119",K-04394-96-J-Loe.,1896_07_13_43_0.jpg,frankfurt,1
"United Restitution Office, Frankfurt/Main, Grüneburgweg 119",K-05257-07-A-Ka,1907_10_01_48_0.jpg,frankfurt,1
"United Restitution Office, Frankfurt/Main, Grüneburgweg 119",K-04632-07-A-Le,1907_05_11_48_0.jpg,frankfurt,1
"United Restitution Office, Frankfurt/Main, Grüneburgweg 119",K-04455-06-A-Se,1906_02_24_120_0.jpg,frankfurt,1
"United Restitution Office, Frankfurt/Main, Grüneburgweg 119",K-04356-06-A-Fr.,1906_01_26_31_0.jpg,frankfurt,1
"United Restitution Office, Frankfurt/Main, Grüneburgweg 119",K-04315-01-A-We.,1901_04_10_118_0.jpg,frankfurt,1
"United Restitution Office, Frankfurt/Main, Grüneburgweg 119",K-04266-10-A-Ja,1910_07_20_36_0.jpg,frankfurt,1
"United Restitution Office, Frankfurt/Main, Grüneburgweg 119",K-04489-10-A-Ja,1910_07_20_37_0.jpg,frankfurt,1
"United Restitution Office, Frankfurt/Main, Grüneburgweg 119",K-05027-13-A-He,1913_10_09_27_0.jpg,frankfurt,1
"United Restitution Office, Frankfurt/Main, Grüneburgweg 119",K-04058-13-A-Schl.,1913_01_16_93_0.jpg,frankfurt,1
"United Restitution Office, Frankfurt/Main, Grüneburgweg 119",K-04417-13-A-Go,1913_03_07_40_0.jpg,frankfurt,1
"United Restitution Office, Frankfurt/Main, Grüneburgweg 119",K-08007-13-A-Me.,1913_06_17_72_0.jpg,frankfurt,1
"United Restitution Office, Frankfurt/Main, Grüneburgweg 119",K-04290-13-1-St,1913_12_17_100_0.jpg,frankfurt,1
"United Restitution Office, Frankfurt/Main, Grüneburgweg 119",K-04056-13-A-Esch.,1913_06_19_21_0.jpg,frankfurt,1
"United Restitution Office, Frankfurt/Main, Grüneburgweg 119",K-0309-19-A-Ha,1919_09_16_36_0.jpg,frankfurt,1
"United Restitution Office, Frankfurt/Main, Grüneburgweg 119",K-04752-30-A-Ro,1930_11_05_34_0.jpg,frankfurt,1
"United Restitution Office, Frankfurt/Main, Grüneburgweg 119",I/7 K-09074-79-A-L,1879_07_03_18_0.jpg,frankfurt,1
"United Restitution Office, Frankfurt/Main, Grüneburgweg 119",K-00006-79-A-Ba,1879_02_09_1_0.jpg,frankfurt,1
"United Restitution Office, Frankfurt/Main, Grüneburgweg 119",K-04646-02-A-Ka.,1902_04_07_45_0.jpg,frankfurt,1
"United Restitution Office, Frankfurt/Main, Grüneburgweg 119",K-04247-09-A-P1,1909_04_22_92_0.jpg,frankfurt,1
"United Restitution Office, Frankfurt/Main, Grüneburgweg119",K-04647-05-A-K1,1905_08_31_32_0.jpg,frankfurt,1
"United Restitution Office, Frankfurt/ein, Grüneburgweg 119",K-04483-10-A-Voe.,1910_09_24_98_0.jpg,frankfurt,1
"United Restitution Offices, Frankfurt",25006,1922_12_11_47_0.jpg,frankfurt,1
"United Restitution Organisation, Frankfurt/M, Grünburgweg 119",K-03327-13-A-Ad.,1913_08_30_2_0.jpg,frankfurt,1
"United Restitution Organization, Frankfurt / M., Grünburgweg 119",K-13830-39-A-Le,1939_02_18_20_0.jpg,frankfurt,1
"United Restitution Organization, Frankfurt / Main, Grüneburgweg 119",K-14625-13-A-Ad.,1913_01_24_3_0.jpg,frankfurt,1
"United Restitution Organization, Frankfurt/M., Gruneburgweg 119",K-13835-48-A-We.,1948_11_08_3_0.jpg,frankfurt,1
"United Restitution Organization, Frankfurt/M., Grünburgweg",K-09729-83-A-Ka,1883_02_23_17_0.jpg,frankfurt,1
"United Restitution Organization, Frankfurt/M., Grünburgweg 119",K-13826-39-A-Loe,1939_10_13_15_0.jpg,frankfurt,1
"United Restitution office, Frankfurt/M., Grünburgweg 119",K-00985-83-A-Mo,1883_03_29_24_0.jpg,frankfurt,1
"United Restitution-Office, Frankfurt/Main",K-09266-91-A-Sp.,1891_03_03_64_0.jpg,frankfurt,1
"United#Restitution Office, Frankfurt/Main, Grüneburgweg 119",K-05238-02-A-Br.,1902_08_12_17_0.jpg,frankfurt,1
"United-Restitution-Office, Frankfurt/M. Grüneburgweg 119",K-04733-05-A-Ho,1905_12_08_48_0.jpg,frankfurt,1
"United-Restitution-Office, Frankfurt/Main, Grueneburgweg 119",K-09267-79-A-Sp.,1879_01_27_16_0.jpg,frankfurt,1
"United-Restitution-Office, Frankfurt/Main, Gruneburgweg 119",K-03064-10-A-Sp.,1910_12_11_94_0.jpg,frankfurt,1
Verden,,1891_05_31_18_0.jpg,verden,1
Verden,,1878_04_11_11_0.jpg,verden,1
Verden,,1897_09_17_55_0.jpg,verden,1
Verden,,1890_06_25_43_0.jpg,verden,1
Verden,,1895_06_09_51_0.jpg,verden,1
Verden,,1886_09_05_2_0.jpg,verden,1
Verden,,1896_06_02_32_0.jpg,verden,1
Verden,,1896_12_20_107_0.jpg,verden,1
Verden,,1904_06_13_106_0.jpg,verden,1
Verden,,1904_01_20_11_0.jpg,verden,1
Verden,,1901_03_27_19_0.jpg,verden,1
Verden,,1898_04_17_51_0.jpg,verden,1
Verden,,1902_03_17_95_0.jpg,verden,1
Verden,,1902_04_03_26_0.jpg,verden,1
Vergang übernommen von Nürnberg 484779 am 77.5.67,777 745,1911_10_20_64_0.jpg,nürnberg,1
Vers.Amt Radolfzell,16629/II/1851,1936_01_05_11_0.jpg,radolfzell,1
Versorgungsamt Dortmund,23 712,1920_05_17_30_0.jpg,dortmund,1
"Von dem Ministerium der Finanzen, Rom",VI A6-01448-22/41 (Lap),1910_04_16_95_0.jpg,rom,1
Waisensiedlung-Salzgitter,Waisensiedlung-Salzgitter,1905_08_23_42_0.jpg,salzgitter,1
Waisenstädter-Salzgitter,Waisenstädter-Salzgitter,1878_05_15_11_0.jpg,salzgitter,1
"Wallo Driza, Goldberger Werner, Grünwald, John",A 295 259 a-f,1894_07_03_13_0.jpg,grünwald,1
Waltershausen-Salzgitter,,1901_09_27_61_0.jpg,"salzgitter, waltershausen",2
Wartensleben-Salzgitter,,1900_07_27_64_0.jpg,salzgitter,1
Wartensleben-Salzgitter,,1911_06_30_71_0.jpg,salzgitter,1
Wartensleben-Salzgitter,,1898_12_15_70_0.jpg,salzgitter,1
Watenstedt-Salzgitter,,1884_03_11_27_0.jpg,salzgitter,1
Watenstedt-Salzgitter,,1916_03_11_24_0.jpg,salzgitter,1
Watenstedt-Salzgitter,Watenstedt-Salzgitter,1916_12_17_8_0.jpg,salzgitter,1
Watenstedt-Salzgitter,,1874_07_17_3_0.jpg,salzgitter,1
Watenstedt-Salzgitter,,1874_04_12_9_0.jpg,salzgitter,1
Watenstedt-Salzgitter,,1903_08_15_103_0.jpg,salzgitter,1
Watenstedt-Salzgitter,,1903_04_26_27_0.jpg,salzgitter,1
Watenstedt-Salzgitter,,1903_07_03_80_0.jpg,salzgitter,1
Watenstedt-Salzgitter,,1903_08_21_40_0.jpg,salzgitter,1
Watenstedt-Salzgitter,,1903_10_28_55_0.jpg,salzgitter,1
Watenstedt-Salzgitter,Z.P.A. 20,1903_08_27_75_0.jpg,salzgitter,1
Watenstedt-Salzgitter,,1903_10_20_18_0.jpg,salzgitter,1
Watenstedt-Salzgitter,88,1903_03_06_27_0.jpg,salzgitter,1
Watenstedt-Salzgitter,,1903_03_27_44_0.jpg,salzgitter,1
Watenstedt-Salzgitter,Nr.18,1903_08_15_75_0.jpg,salzgitter,1
Watenstedt-Salzgitter,Watenstedt-Salzgitter,1903_12_05_11_0.jpg,salzgitter,1
Watenstedt-Salzgitter,,1900_12_29_45_0.jpg,salzgitter,1
Watenstedt-Salzgitter,,1900_11_17_68_0.jpg,salzgitter,1
Watenstedt-Salzgitter,Watenstedt-Salzgitter,1900_12_20_55_0.jpg,salzgitter,1
Watenstedt-Salzgitter,,1900_01_04_71_0.jpg,salzgitter,1
Watenstedt-Salzgitter,Watenstedt-Salzgitter,1900_10_21_100_0.jpg,salzgitter,1
Watenstedt-Salzgitter,,1900_06_19_44_0.jpg,salzgitter,1
Watenstedt-Salzgitter,,1922_12_29_31_0.jpg,salzgitter,1
Watenstedt-Salzgitter,,1894_04_24_43_0.jpg,salzgitter,1
Watenstedt-Salzgitter,,1894_06_06_82_0.jpg,salzgitter,1
Watenstedt-Salzgitter,,1894_11_05_9_0.jpg,salzgitter,1
Watenstedt-Salzgitter,,1894_02_15_75_0.jpg,salzgitter,1
Watenstedt-Salzgitter,Z.P.A. 20,1894_05_09_78_0.jpg,salzgitter,1
Watenstedt-Salzgitter,Watenstedt-Salzgitter,1894_04_24_94_0.jpg,salzgitter,1
Watenstedt-Salzgitter,,1894_10_04_71_0.jpg,salzgitter,1
Watenstedt-Salzgitter,,1894_04_04_9_0.jpg,salzgitter,1
Watenstedt-Salzgitter,Watenstedt-Salzgitter,1921_01_29_46_0.jpg,salzgitter,1
Watenstedt-Salzgitter,,1891_02_15_30_0.jpg,salzgitter,1
Watenstedt-Salzgitter,2.550,1891_07_18_12_0.jpg,salzgitter,1
Watenstedt-Salzgitter,,1912_01_10_40_0.jpg,salzgitter,1
Watenstedt-Salzgitter,Watenstedt-Salzgitter,1908_12_02_102_0.jpg,salzgitter,1
Watenstedt-Salzgitter,,1908_06_14_103_0.jpg,salzgitter,1
Watenstedt-Salzgitter,Watenstedt-Salzgitter,1908_11_02_72_0.jpg,salzgitter,1
Watenstedt-Salzgitter,,1908_10_01_118_0.jpg,salzgitter,1
Watenstedt-Salzgitter,,1908_05_19_117_0.jpg,salzgitter,1
Watenstedt-Salzgitter,,1915_07_03_74_0.jpg,salzgitter,1
Watenstedt-Salzgitter,41,1915_09_01_62_0.jpg,salzgitter,1
Watenstedt-Salzgitter,,1915_11_28_38_0.jpg,salzgitter,1
Watenstedt-Salzgitter,,1915_05_18_38_0.jpg,salzgitter,1
Watenstedt-Salzgitter,,1893_04_10_5_0.jpg,salzgitter,1
Watenstedt-Salzgitter,,1893_09_20_52_0.jpg,salzgitter,1
Watenstedt-Salzgitter,20,1893_01_27_5_0.jpg,salzgitter,1
Watenstedt-Salzgitter,Watenstedt-Salzgitter,1905_09_09_34_0.jpg,salzgitter,1
Watenstedt-Salzgitter,,1905_08_30_114_0.jpg,salzgitter,1
Watenstedt-Salzgitter,,1905_04_27_31_0.jpg,salzgitter,1
Watenstedt-Salzgitter,20,1905_08_26_58_0.jpg,salzgitter,1
Watenstedt-Salzgitter,,1905_09_06_18_0.jpg,salzgitter,1
Watenstedt-Salzgitter,,1905_02_27_39_0.jpg,salzgitter,1
Watenstedt-Salzgitter,68,1889_09_11_38_0.jpg,salzgitter,1
Watenstedt-Salzgitter,,1889_03_28_3_0.jpg,salzgitter,1
Watenstedt-Salzgitter,,1889_08_06_16_0.jpg,salzgitter,1
Watenstedt-Salzgitter,20,1889_05_11_21_0.jpg,salzgitter,1
Watenstedt-Salzgitter,,1889_02_17_54_0.jpg,salzgitter,1
Watenstedt-Salzgitter,,1889_10_18_33_0.jpg,salzgitter,1
Watenstedt-Salzgitter,,1889_04_14_48_0.jpg,salzgitter,1
Watenstedt-Salzgitter,Watenstedt-Salzgitter,1889_09_19_18_0.jpg,salzgitter,1
Watenstedt-Salzgitter,50,1889_05_15_49_0.jpg,salzgitter,1
Watenstedt-Salzgitter,,1882_04_18_13_0.jpg,salzgitter,1
Watenstedt-Salzgitter,,1885_03_26_29_0.jpg,salzgitter,1
Watenstedt-Salzgitter,,1885_06_18_39_0.jpg,salzgitter,1
Watenstedt-Salzgitter,,1885_08_10_4_0.jpg,salzgitter,1
Watenstedt-Salzgitter,1,1885_08_10_3_0.jpg,salzgitter,1
Watenstedt-Salzgitter,Watenstedt-Salzgitter,1885_12_31_39_0.jpg,salzgitter,1
Watenstedt-Salzgitter,,1911_11_17_120_0.jpg,salzgitter,1
Watenstedt-Salzgitter,,1911_05_13_105_0.jpg,salzgitter,1
Watenstedt-Salzgitter,,1897_09_29_11_0.jpg,salzgitter,1
Watenstedt-Salzgitter,,1897_10_31_14_0.jpg,salzgitter,1
Watenstedt-Salzgitter,,1897_04_11_61_0.jpg,salzgitter,1
Watenstedt-Salzgitter,Watenstedt-Salzgitter,1883_08_07_29_0.jpg,salzgitter,1
Watenstedt-Salzgitter,84,1890_02_25_56_0.jpg,salzgitter,1
Watenstedt-Salzgitter,,1890_05_24_15_0.jpg,salzgitter,1
Watenstedt-Salzgitter,,1890_02_10_17_0.jpg,salzgitter,1
Watenstedt-Salzgitter,,1890_07_17_70_0.jpg,salzgitter,1
Watenstedt-Salzgitter,20,1890_07_12_20_0.jpg,salzgitter,1
Watenstedt-Salzgitter,,1887_11_11_31_0.jpg,salzgitter,1
Watenstedt-Salzgitter,20,1887_06_05_35_0.jpg,salzgitter,1
Watenstedt-Salzgitter,,1887_11_23_56_0.jpg,salzgitter,1
Watenstedt-Salzgitter,92,1887_12_28_21_0.jpg,salzgitter,1
Watenstedt-Salzgitter,23,1895_03_28_52_0.jpg,salzgitter,1
Watenstedt-Salzgitter,,1895_01_07_10_0.jpg,salzgitter,1
Watenstedt-Salzgitter,,1895_11_20_14_0.jpg,salzgitter,1
Watenstedt-Salzgitter,,1895_03_12_21_0.jpg,salzgitter,1
Watenstedt-Salzgitter,123,1880_11_14_25_0.jpg,salzgitter,1
Watenstedt-Salzgitter,,1888_05_25_32_0.jpg,salzgitter,1
Watenstedt-Salzgitter,,1888_10_01_43_0.jpg,salzgitter,1
Watenstedt-Salzgitter,,1888_03_27_54_0.jpg,salzgitter,1
Watenstedt-Salzgitter,108,1899_08_24_74_0.jpg,salzgitter,1
Watenstedt-Salzgitter,,1899_02_24_23_0.jpg,salzgitter,1
Watenstedt-Salzgitter,94,1899_01_14_72_0.jpg,salzgitter,1
Watenstedt-Salzgitter,,1899_11_26_67_0.jpg,salzgitter,1
Watenstedt-Salzgitter,,1899_04_21_74_0.jpg,salzgitter,1
Watenstedt-Salzgitter,,1899_05_31_18_0.jpg,salzgitter,1
Watenstedt-Salzgitter,,1899_07_03_64_0.jpg,salzgitter,1
Watenstedt-Salzgitter,Watenstedt-Salzgitter,1899_10_19_39_0.jpg,salzgitter,1
Watenstedt-Salzgitter,,1899_01_03_83_0.jpg,salzgitter,1
Watenstedt-Salzgitter,Nr.40,1899_08_17_24_0.jpg,salzgitter,1
Watenstedt-Salzgitter,,1886_01_11_3_0.jpg,salzgitter,1
Watenstedt-Salzgitter,,1886_07_15_33_0.jpg,salzgitter,1
Watenstedt-Salzgitter,Watenstedt-Salzgitter,1886_07_08_32_0.jpg,salzgitter,1
Watenstedt-Salzgitter,,1886_04_02_21_0.jpg,salzgitter,1
Watenstedt-Salzgitter,,1886_12_18_34_0.jpg,salzgitter,1
Watenstedt-Salzgitter,,1914_09_02_47_0.jpg,salzgitter,1
Watenstedt-Salzgitter,,1892_08_15_43_0.jpg,salzgitter,1
Watenstedt-Salzgitter,Watenstedt-Salzgitter,1892_11_10_7_0.jpg,salzgitter,1
Watenstedt-Salzgitter,,1892_01_05_17_0.jpg,salzgitter,1
Watenstedt-Salzgitter,,1892_01_21_47_0.jpg,salzgitter,1
Watenstedt-Salzgitter,,1892_07_27_64_0.jpg,salzgitter,1
Watenstedt-Salzgitter,Watenstedt-Salzgitter,1892_11_28_29_0.jpg,salzgitter,1
Watenstedt-Salzgitter,,1896_05_14_55_0.jpg,salzgitter,1
Watenstedt-Salzgitter,121,1896_08_12_10_0.jpg,salzgitter,1
Watenstedt-Salzgitter,,1896_03_10_1_0.jpg,salzgitter,1
Watenstedt-Salzgitter,,1896_07_06_54_0.jpg,salzgitter,1
Watenstedt-Salzgitter,,1904_10_29_24_0.jpg,salzgitter,1
Watenstedt-Salzgitter,,1904_12_30_58_0.jpg,salzgitter,1
Watenstedt-Salzgitter,Watenstedt-Salzgitter,1904_12_30_31_0.jpg,salzgitter,1
Watenstedt-Salzgitter,Watenstedt-Salzgitter,1904_06_30_14_0.jpg,salzgitter,1
Watenstedt-Salzgitter,,1904_05_15_233_0.jpg,salzgitter,1
Watenstedt-Salzgitter,,1904_12_30_17_0.jpg,salzgitter,1
Watenstedt-Salzgitter,Watenstedt-Salzgitter,1904_05_15_234_0.jpg,salzgitter,1
Watenstedt-Salzgitter,,1907_07_29_6_0.jpg,salzgitter,1
Watenstedt-Salzgitter,,1907_02_24_93_0.jpg,salzgitter,1
Watenstedt-Salzgitter,,1907_03_06_99_0.jpg,salzgitter,1
Watenstedt-Salzgitter,,1907_11_18_19_0.jpg,salzgitter,1
Watenstedt-Salzgitter,,1907_07_22_80_0.jpg,salzgitter,1
Watenstedt-Salzgitter,,1907_11_08_14_0.jpg,salzgitter,1
Watenstedt-Salzgitter,,1906_11_03_68_0.jpg,salzgitter,1
Watenstedt-Salzgitter,Watenstedt-Salzgitter,1906_06_09_78_0.jpg,salzgitter,1
Watenstedt-Salzgitter,16,1906_09_02_103_0.jpg,salzgitter,1
Watenstedt-Salzgitter,,1901_02_27_25_0.jpg,salzgitter,1
Watenstedt-Salzgitter,Watenstedt-Salzgitter,1901_03_13_80_0.jpg,salzgitter,1
Watenstedt-Salzgitter,,1901_09_08_2_0.jpg,salzgitter,1
Watenstedt-Salzgitter,Z.P.A.20,1901_07_14_125_0.jpg,salzgitter,1
Watenstedt-Salzgitter,,1901_04_22_71_0.jpg,salzgitter,1
Watenstedt-Salzgitter,,1898_09_05_92_0.jpg,salzgitter,1
Watenstedt-Salzgitter,,1898_06_07_58_0.jpg,salzgitter,1
Watenstedt-Salzgitter,185,1898_11_18_53_0.jpg,salzgitter,1
Watenstedt-Salzgitter,,1898_10_09_53_0.jpg,salzgitter,1
Watenstedt-Salzgitter,,1898_01_23_136_0.jpg,salzgitter,1
Watenstedt-Salzgitter,,1898_05_02_87_0.jpg,salzgitter,1
Watenstedt-Salzgitter,,1898_08_07_32_0.jpg,salzgitter,1
Watenstedt-Salzgitter,,1898_05_17_81_0.jpg,salzgitter,1
Watenstedt-Salzgitter,,1898_01_09_62_0.jpg,salzgitter,1
Watenstedt-Salzgitter,,1898_05_19_36_0.jpg,salzgitter,1
Watenstedt-Salzgitter,,1910_09_13_21_0.jpg,salzgitter,1
Watenstedt-Salzgitter,,1910_07_19_98_0.jpg,salzgitter,1
Watenstedt-Salzgitter,4,1910_10_22_73_0.jpg,salzgitter,1
Watenstedt-Salzgitter,,1913_12_19_24_0.jpg,salzgitter,1
Watenstedt-Salzgitter,,1913_09_27_19_0.jpg,salzgitter,1
Watenstedt-Salzgitter,20,1913_07_16_89_0.jpg,salzgitter,1
Watenstedt-Salzgitter,,1913_09_22_104_0.jpg,salzgitter,1
Watenstedt-Salzgitter,,1913_01_14_83_0.jpg,salzgitter,1
Watenstedt-Salzgitter,,1879_11_27_18_0.jpg,salzgitter,1
Watenstedt-Salzgitter,13,1902_03_04_100_0.jpg,salzgitter,1
Watenstedt-Salzgitter,Watenstedt-Salzgitter,1902_10_06_54_0.jpg,salzgitter,1
Watenstedt-Salzgitter,,1902_04_03_7_0.jpg,salzgitter,1
Watenstedt-Salzgitter,,1902_09_17_104_0.jpg,salzgitter,1
Watenstedt-Salzgitter,,1902_03_23_106_0.jpg,salzgitter,1
Watenstedt-Salzgitter,,1902_07_09_33_0.jpg,salzgitter,1
Watenstedt-Salzgitter,,1902_11_26_56_0.jpg,salzgitter,1
Watenstedt-Salzgitter,Watenstedt-Salzgitter,1902_08_09_34_0.jpg,salzgitter,1
Watenstedt-Salzgitter,,1902_09_05_18_0.jpg,salzgitter,1
Watenstedt-Salzgitter,,1902_02_18_29_0.jpg,salzgitter,1
Watenstedt-Salzgitter,Watenstedt-Salzgitter,1902_11_01_63_0.jpg,salzgitter,1
Watenstedt-Salzgitter,Watenstedt-Salzgitter,1902_09_10_74_0.jpg,salzgitter,1
Watenstedt-Salzgitter,,1902_04_26_112_0.jpg,salzgitter,1
Watenstedt-Salzgitter,,1902_02_25_95_0.jpg,salzgitter,1
Watenstedt-Salzgitter,,1902_04_16_73_0.jpg,salzgitter,1
Watenstedt-Salzgitter,Watenstedt-Salzgitter,1902_10_09_6_0.jpg,salzgitter,1
Watenstedt-Salzgitter,,1902_05_08_93_0.jpg,salzgitter,1
Watenstedt-Salzgitter,,1902_08_29_57_0.jpg,salzgitter,1
Watenstedt-Salzgitter,,1902_07_30_61_0.jpg,salzgitter,1
Watenstedt-Salzgitter,,1902_03_30_49_0.jpg,salzgitter,1
Watenstedt-Salzgitter,,1902_03_30_50_0.jpg,salzgitter,1
Watenstedt-Salzgitter,,1902_10_01_27_0.jpg,salzgitter,1
Watenstedt-Salzgitter,,1909_04_17_56_0.jpg,salzgitter,1
Watenstedt-Salzgitter,,1909_01_08_103_0.jpg,salzgitter,1
Watenstedt-Salzgitter,,1909_02_12_84_0.jpg,salzgitter,1
Watenstedt-Salzgitter,,1909_08_08_99_0.jpg,salzgitter,1
Watenstedt-Salzgitter,,1909_07_19_30_0.jpg,salzgitter,1
Watenstedt-Salzgitter,,1917_01_08_41_0.jpg,salzgitter,1
Wattenscheid-Salzgitter,,1918_07_05_59_0.jpg,salzgitter,1
Wattenscheid-Salzgitter,Nr. 9,1893_09_14_20_0.jpg,salzgitter,1
Wattenscheid-Salzgitter,,1899_08_11_54_0.jpg,salzgitter,1
Wattenscheid-Salzgitter,,1906_02_02_84_0.jpg,salzgitter,1
Wattonstäd-Salzgitter,,1886_04_03_25_0.jpg,salzgitter,1
Weimar,33887/VI/10818,1900_10_18_22_0.jpg,weimar,1
Weimar,58276/M1,1922_09_02_97_0.jpg,weimar,1
Weimar,84263/III/9072,1920_01_20_15_0.jpg,weimar,1
Weimar,56854/Mi/6854,1908_02_05_76_0.jpg,weimar,1
Weimar,61029/VII/8293,1924_12_11_63_0.jpg,weimar,1
Weimar,34856/I/8915,1888_04_28_54_0.jpg,weimar,1
Weimar,27366/1/6960,1892_01_02_12_0.jpg,weimar,1
Weimar,101545/VII/35681,1896_05_06_1_0.jpg,weimar,1
Weimar,93105/VII/2651,1927_09_15_34_0.jpg,weimar,1
Weimar,42698/VT/71902,1901_02_05_126_0.jpg,weimar,1
Weimar,34982/III/5075,1901_06_18_90_0.jpg,weimar,1
"Wesel, Tickingstr.14",ZK.79 739,1931_04_07_2_0.jpg,wesel,1
Wettenstedt-Salzgitter,,1914_04_06_115_0.jpg,salzgitter,1
"Wiedergutmachung für Verwaltete Vermögen, Nürnberg a.d. Weinstr.",44 760,1885_03_13_22_0.jpg,nürnberg,1
"Wiedergutmachung für verfolgtes Vermögen und verwaltete Vermögen, Nürnberg a. d. Weinstr.",44 310,1905_01_26_12_0.jpg,nürnberg,1
Wiedergutmachungamt der Stadt Wuppertal,3 01914,1899_11_19_59_0.jpg,wuppertal,1
Wiedergutmachungsamt - Landkreis Büren,61 916,1948_02_18_2_0.jpg,büren,1
Wiedergutmachungsamt - Landkreis Höxter - Höxter/Weser,1581,1890_12_29_4_0.jpg,höxter,1
Wiedergutmachungsamt in Wesel,6-02340,1907_04_22_21_0.jpg,wesel,1
Wiedergutmachungsausschuss Duisburg,,1886_08_01_49_0.jpg,duisburg,1
Wiedergutmachungssamt - Landkreis Büren,61 915,1948_02_18_1_0.jpg,büren,1
WilhelmsHaven,,1894_11_28_51_0.jpg,wilhelmshaven,1
WilhelmsHaven,,1892_03_17_65_0.jpg,wilhelmshaven,1
Wilhelmshaven,1050,1882_09_27_21_0.jpg,wilhelmshaven,1
Wilhelmshaven,,1888_06_16_11_0.jpg,wilhelmshaven,1
Willi O. Ernst O. Gustav O..,EK 11008 A,1896_01_12_68_0.jpg,ernst,1
Winsen-L.,,1881_05_20_11_0.jpg,winsen,1
Wittmund,,1916_03_16_23_0.jpg,wittmund,1
Wittmund,88,1912_09_08_66_0.jpg,wittmund,1
Wittmund,,1895_05_20_14_0.jpg,wittmund,1
Wittmund,,1895_05_20_13_0.jpg,wittmund,1
Wittmund,,1899_10_06_4_0.jpg,wittmund,1
Wittmund,,1892_02_24_36_0.jpg,wittmund,1
Wittmund,4,1896_11_16_76_0.jpg,wittmund,1
Wittmund,,1898_12_13_56_0.jpg,wittmund,1
Wittmund,,1909_06_02_8_0.jpg,wittmund,1
Wolfenbüttel,Wolfenbüttel,1884_03_27_24_0.jpg,wolfenbüttel,1
Wolfenbüttel,,1900_06_11_44_0.jpg,wolfenbüttel,1
Wolfenbüttel,,1900_10_27_36_0.jpg,wolfenbüttel,1
Wolfenbüttel,,1894_09_08_65_0.jpg,wolfenbüttel,1
Wolfenbüttel,,1894_11_27_38_0.jpg,wolfenbüttel,1
Wolfenbüttel,47,1891_10_08_55_0.jpg,wolfenbüttel,1
Wolfenbüttel,900,1891_04_26_11_0.jpg,wolfenbüttel,1
Wolfenbüttel,,1912_10_11_2_0.jpg,wolfenbüttel,1
Wolfenbüttel,,1893_05_29_40_0.jpg,wolfenbüttel,1
Wolfenbüttel,,1893_10_27_9_0.jpg,wolfenbüttel,1
Wolfenbüttel,,1905_08_18_15_0.jpg,wolfenbüttel,1
Wolfenbüttel,Wolfenbüttel,1905_04_21_74_0.jpg,wolfenbüttel,1
Wolfenbüttel,,1905_02_11_101_0.jpg,wolfenbüttel,1
Wolfenbüttel,,1889_03_14_67_0.jpg,wolfenbüttel,1
Wolfenbüttel,,1889_02_02_5_0.jpg,wolfenbüttel,1
Wolfenbüttel,Wolfenbüttel,1878_12_01_14_0.jpg,wolfenbüttel,1
Wolfenbüttel,Wolfenbüttel,1882_03_21_5_0.jpg,wolfenbüttel,1
Wolfenbüttel,,1897_01_30_72_0.jpg,wolfenbüttel,1
Wolfenbüttel,Bayerische Kartei,1897_07_01_42_0.jpg,wolfenbüttel,1
Wolfenbüttel,,1883_04_12_11_0.jpg,wolfenbüttel,1
Wolfenbüttel,51,1895_07_03_2_0.jpg,wolfenbüttel,1
Wolfenbüttel,,1888_09_15_18_0.jpg,wolfenbüttel,1
Wolfenbüttel,30 18 1035,1888_10_30_41_0.jpg,wolfenbüttel,1
Wolfenbüttel,,1899_11_02_16_0.jpg,wolfenbüttel,1
Wolfenbüttel,Wolfenbüttel,1899_03_08_32_0.jpg,wolfenbüttel,1
Wolfenbüttel,,1899_09_24_66_0.jpg,wolfenbüttel,1
Wolfenbüttel,Wolfenbüttel,1872_02_22_8_0.jpg,wolfenbüttel,1
Wolfenbüttel,,1886_08_10_56_0.jpg,wolfenbüttel,1
Wolfenbüttel,Bayerische Kartei,1892_03_16_33_0.jpg,wolfenbüttel,1
Wolfenbüttel,,1896_03_21_39_0.jpg,wolfenbüttel,1
Wolfenbüttel,,1896_07_04_17_0.jpg,wolfenbüttel,1
Wolfenbüttel,Y 356,1877_02_09_2_0.jpg,wolfenbüttel,1
Wolfenbüttel,,1904_11_17_69_0.jpg,wolfenbüttel,1
Wolfenbüttel,,1904_01_15_16_0.jpg,wolfenbüttel,1
Wolfenbüttel,,1906_10_08_60_0.jpg,wolfenbüttel,1
Wolfenbüttel,58,1898_12_08_5_0.jpg,wolfenbüttel,1
Wolfenbüttel,,1879_09_25_6_0.jpg,wolfenbüttel,1
Wolfenbüttel,,1902_08_09_77_0.jpg,wolfenbüttel,1
Wolfsburg,17.1.1951,1900_06_16_75_0.jpg,wolfsburg,1
Wolfsburg,5.6.1899,1899_06_03_56_0.jpg,wolfsburg,1
Wolfsburg,,1898_09_18_2_0.jpg,wolfsburg,1
Wolfsburg,3 00724,1930_06_10_18_0.jpg,wolfsburg,1
Wortensleut-Salzgitter,,1877_12_16_3_0.jpg,salzgitter,1
Wuppertal,123100,1919_09_23_71_0.jpg,wuppertal,1
"Wuppertal-Barmen, Wuppertal-Elberfeld, Tannenbergstr. 12",ZK 250.942,1882_05_25_11_0.jpg,wuppertal,1
Wuppertal-Elberfeld,76.677,1918_08_30_30_0.jpg,wuppertal,1
Wuppertal-Elberfeld,250.945,1882_05_25_8_0.jpg,wuppertal,1
Wuppertal-Elberfeld,50.944,1882_05_25_9_0.jpg,wuppertal,1
Wuppertal-Elberfeld Nützenbergerstr. 221,183 089,1901_07_19_97_0.jpg,wuppertal,1
Wuppertal-Mülheim,246.702,1930_06_25_21_0.jpg,"mülheim, wuppertal",2
Wuttenstedt-Salzgitter,50,1898_08_21_65_0.jpg,salzgitter,1
Wuttenstein-Salzgitter,,1898_01_25_44_0.jpg,salzgitter,1
Wuttenstäd-Salzgitter,,1897_09_15_69_0.jpg,salzgitter,1
Würzburg,684 533,1939_10_09_17_0.jpg,würzburg,1
Würzburg,713.287,1903_07_26_36_0.jpg,würzburg,1
Würzburg,769 790,1922_02_14_75_0.jpg,würzburg,1
Würzburg,A 292 918,1894_05_15_30_0.jpg,würzburg,1
Würzburg,BEG 31132,1891_12_20_77_0.jpg,würzburg,1
Würzburg,442850,1893_03_20_53_0.jpg,würzburg,1
Würzburg,115736,1923_07_11_17_0.jpg,würzburg,1
Würzburg,446 961,1906_05_01_38_0.jpg,würzburg,1
Würzburg,777 779,1902_11_26_83_0.jpg,würzburg,1
Würzburg,772 042,1942_11_09_11_0.jpg,würzburg,1
Wüstenstedt-Salzgitter,60,1889_05_16_24_0.jpg,salzgitter,1
Zeig.Amt Zehlendorf,8099/VI/1595,1898_12_15_25_0.jpg,zehlendorf,1
Zentrale Stelle der Landesjustizverwaltungen für die Wiedergutmachung,EK 10454 A,1872_02_21_2_0.jpg,stelle,1
Zentrale Stelle für die Wiedergutmachung,20256 A,1903_07_21_10_0.jpg,stelle,1
Zentrale Stelle für die Wiedergutmachung,EK 10477,1891_04_25_40_0.jpg,stelle,1
Zentrale Stelle für die Wiedergutmachung,EK 10445,1911_06_29_69_0.jpg,stelle,1
Zentrale Stelle für die Wiedergutmachung,621,1914_04_29_69_0.jpg,stelle,1
Zentrale Stelle für die Wiedergutmachung,EK 5,1913_12_02_1_0.jpg,stelle,1
Zuständigkeit für Nordhausen,EK 7701 A,1896_05_22_14_0.jpg,nordhausen,1
abgegeben an Stadt Duisburg,420 143,1911_03_16_41_0.jpg,duisburg,1
der Regierungspräsident - Dezernat f. Wiedergutmachung - Potsdam,170 172,1922_04_07_26_0.jpg,potsdam,1
der Regierungspräsident -Dezernat f.Wiedergutmachung-Höxter,470 539 a,1900_08_07_64_0.jpg,höxter,1
ges. Grünberg,73999/VII/16341,1910_09_07_84_0.jpg,grünberg,1
gob. Goldberg,15081/VTI/1745,1918_09_25_12_0.jpg,goldberg,1
in K.Z. Auschwitz & Bergen Belsen unter Jadwiga Kowaleska,6777 (0),1904_12_18_70_0.jpg,bergen,1
nt für die Verfolgten aus dem ehemaligen Reich,516 513,1922_10_05_1_0.jpg,reich,1
und verwaltete Vermögen Neuried a.d. Weinstr.,47 905,1915_09_16_43_0.jpg,neuried,1
vertret.d. Legal Aid Department 'Irso' Frankfurt/Main,59052/Mi/9052,1888_10_31_10_0.jpg,frankfurt,1
